video,class,actual,prediction,confidence,result_type
Scenes 001-020__113M-2-  mos_20230728151659443.mp4,TVA Monitor,0.0,0,0.0,TN
Scenes 001-020__113M-2-  mos_20230728151659443.mp4,Loki's Armor,0.0,0,0.0,TN
Scenes 001-020__113M-2-  mos_20230728151659443.mp4,Aligator Loki Plushie,0.0,0,0.0,TN
Scenes 001-020__113M-2-  mos_20230728151659443.mp4,Time Stick,0.0,0,0.0,TN
Scenes 001-020__113M-2-  mos_20230728151659443.mp4,TimeSpear,0.0,0,0.0,TN
Scenes 001-020__113M-2-  mos_20230728151659443.mp4,Sylvie's Armor,0.0,0,0.0,TN
Scenes 001-020__113M-2-  mos_20230728151659443.mp4,Boastful Loki Armor,0.0,0,0.0,TN
Scenes 001-020__113M-2-  mos_20230728151659443.mp4,Sylvie's horned headpiece,0.0,0,0.0,TN
Scenes 001-020__113M-2-  mos_20230728151659443.mp4,Loki's dagger,0.0,0,0.0,TN
Scenes 001-020__113M-2-  mos_20230728151659443.mp4,TVA Uniform,0.0,0,0.0,TN
Scenes 001-020__113M-2-  mos_20230728151659443.mp4,Kid Loki Armor,0.0,0,0.0,TN
Scenes 001-020__113M-2-  mos_20230728151659443.mp4,TVA Prisoner Uniform,0.0,0,0.0,TN
Scenes 001-020__113M-2-  mos_20230728151659443.mp4,Loki's Variant uniform,0.0,0,0.0,TN
Scenes 001-020__113M-2-  mos_20230728151659443.mp4,Sylvie's machete,0.0,0,0.0,TN
Scenes 001-020__113M-2-  mos_20230728151659443.mp4,TVA Collar,0.0,0,0.0,TN
Scenes 001-020__113M-2-  mos_20230728151659443.mp4,Ravonna Renslayer's Uniform,0.0,0,0.0,TN
Scenes 001-020__113M-2-  mos_20230728151659443.mp4,TemPad,0.0,0,0.0,TN
Scenes 001-020__113M-2-  mos_20230728151659443.mp4,Classic Loki Armor,0.0,0,0.0,TN
Scenes 001-020__201C-1-_20230815182005024.mp4,TVA Monitor,0.0,0,0.0,TN
Scenes 001-020__201C-1-_20230815182005024.mp4,Loki's Armor,0.0,1,0.805717408657074,FP
Scenes 001-020__201C-1-_20230815182005024.mp4,Aligator Loki Plushie,0.0,0,0.0,TN
Scenes 001-020__201C-1-_20230815182005024.mp4,Time Stick,0.0,0,0.0,TN
Scenes 001-020__201C-1-_20230815182005024.mp4,TimeSpear,0.0,0,0.0,TN
Scenes 001-020__201C-1-_20230815182005024.mp4,Sylvie's Armor,0.0,0,0.0,TN
Scenes 001-020__201C-1-_20230815182005024.mp4,Boastful Loki Armor,0.0,0,0.0,TN
Scenes 001-020__201C-1-_20230815182005024.mp4,Sylvie's horned headpiece,0.0,0,0.0,TN
Scenes 001-020__201C-1-_20230815182005024.mp4,Loki's dagger,0.0,0,0.0,TN
Scenes 001-020__201C-1-_20230815182005024.mp4,TVA Uniform,0.0,0,0.0,TN
Scenes 001-020__201C-1-_20230815182005024.mp4,Kid Loki Armor,0.0,0,0.0,TN
Scenes 001-020__201C-1-_20230815182005024.mp4,TVA Prisoner Uniform,0.0,0,0.0,TN
Scenes 001-020__201C-1-_20230815182005024.mp4,Loki's Variant uniform,0.0,0,0.0,TN
Scenes 001-020__201C-1-_20230815182005024.mp4,Sylvie's machete,0.0,0,0.0,TN
Scenes 001-020__201C-1-_20230815182005024.mp4,TVA Collar,0.0,0,0.0,TN
Scenes 001-020__201C-1-_20230815182005024.mp4,Ravonna Renslayer's Uniform,0.0,0,0.0,TN
Scenes 001-020__201C-1-_20230815182005024.mp4,TemPad,1.0,1,0.9336361885070801,TP
Scenes 001-020__201C-1-_20230815182005024.mp4,Classic Loki Armor,0.0,0,0.0,TN
Scenes 001-020__111D-1-_20230728135829842.mp4,TVA Monitor,0.0,0,0.0,TN
Scenes 001-020__111D-1-_20230728135829842.mp4,Loki's Armor,0.0,0,0.0,TN
Scenes 001-020__111D-1-_20230728135829842.mp4,Aligator Loki Plushie,0.0,0,0.0,TN
Scenes 001-020__111D-1-_20230728135829842.mp4,Time Stick,0.0,0,0.0,TN
Scenes 001-020__111D-1-_20230728135829842.mp4,TimeSpear,0.0,0,0.0,TN
Scenes 001-020__111D-1-_20230728135829842.mp4,Sylvie's Armor,0.0,0,0.0,TN
Scenes 001-020__111D-1-_20230728135829842.mp4,Boastful Loki Armor,0.0,0,0.0,TN
Scenes 001-020__111D-1-_20230728135829842.mp4,Sylvie's horned headpiece,0.0,0,0.0,TN
Scenes 001-020__111D-1-_20230728135829842.mp4,Loki's dagger,0.0,0,0.0,TN
Scenes 001-020__111D-1-_20230728135829842.mp4,TVA Uniform,0.0,0,0.0,TN
Scenes 001-020__111D-1-_20230728135829842.mp4,Kid Loki Armor,0.0,0,0.0,TN
Scenes 001-020__111D-1-_20230728135829842.mp4,TVA Prisoner Uniform,1.0,0,0.0,FN
Scenes 001-020__111D-1-_20230728135829842.mp4,Loki's Variant uniform,0.0,0,0.0,TN
Scenes 001-020__111D-1-_20230728135829842.mp4,Sylvie's machete,0.0,0,0.0,TN
Scenes 001-020__111D-1-_20230728135829842.mp4,TVA Collar,0.0,1,0.8844244480133057,FP
Scenes 001-020__111D-1-_20230728135829842.mp4,Ravonna Renslayer's Uniform,0.0,0,0.0,TN
Scenes 001-020__111D-1-_20230728135829842.mp4,TemPad,0.0,1,0.9176775217056274,FP
Scenes 001-020__111D-1-_20230728135829842.mp4,Classic Loki Armor,0.0,0,0.0,TN
Scenes 021-040__235-1-_20230815192601740.mp4,TVA Monitor,0.0,0,0.0,TN
Scenes 021-040__235-1-_20230815192601740.mp4,Loki's Armor,0.0,0,0.0,TN
Scenes 021-040__235-1-_20230815192601740.mp4,Aligator Loki Plushie,0.0,0,0.0,TN
Scenes 021-040__235-1-_20230815192601740.mp4,Time Stick,0.0,0,0.0,TN
Scenes 021-040__235-1-_20230815192601740.mp4,TimeSpear,0.0,0,0.0,TN
Scenes 021-040__235-1-_20230815192601740.mp4,Sylvie's Armor,0.0,0,0.0,TN
Scenes 021-040__235-1-_20230815192601740.mp4,Boastful Loki Armor,0.0,0,0.0,TN
Scenes 021-040__235-1-_20230815192601740.mp4,Sylvie's horned headpiece,0.0,0,0.0,TN
Scenes 021-040__235-1-_20230815192601740.mp4,Loki's dagger,0.0,0,0.0,TN
Scenes 021-040__235-1-_20230815192601740.mp4,TVA Uniform,1.0,0,0.0,FN
Scenes 021-040__235-1-_20230815192601740.mp4,Kid Loki Armor,0.0,0,0.0,TN
Scenes 021-040__235-1-_20230815192601740.mp4,TVA Prisoner Uniform,0.0,0,0.0,TN
Scenes 021-040__235-1-_20230815192601740.mp4,Loki's Variant uniform,1.0,0,0.0,FN
Scenes 021-040__235-1-_20230815192601740.mp4,Sylvie's machete,0.0,0,0.0,TN
Scenes 021-040__235-1-_20230815192601740.mp4,TVA Collar,0.0,0,0.0,TN
Scenes 021-040__235-1-_20230815192601740.mp4,Ravonna Renslayer's Uniform,0.0,0,0.0,TN
Scenes 021-040__235-1-_20230815192601740.mp4,TemPad,0.0,0,0.0,TN
Scenes 021-040__235-1-_20230815192601740.mp4,Classic Loki Armor,0.0,0,0.0,TN
Scenes 001-020__303K-3-_20230815223320788.mp4,TVA Monitor,0.0,0,0.0,TN
Scenes 001-020__303K-3-_20230815223320788.mp4,Loki's Armor,0.0,0,0.0,TN
Scenes 001-020__303K-3-_20230815223320788.mp4,Aligator Loki Plushie,0.0,0,0.0,TN
Scenes 001-020__303K-3-_20230815223320788.mp4,Time Stick,0.0,0,0.0,TN
Scenes 001-020__303K-3-_20230815223320788.mp4,TimeSpear,0.0,1,0.8179847002029419,FP
Scenes 001-020__303K-3-_20230815223320788.mp4,Sylvie's Armor,1.0,0,0.0,FN
Scenes 001-020__303K-3-_20230815223320788.mp4,Boastful Loki Armor,0.0,0,0.0,TN
Scenes 001-020__303K-3-_20230815223320788.mp4,Sylvie's horned headpiece,1.0,0,0.0,FN
Scenes 001-020__303K-3-_20230815223320788.mp4,Loki's dagger,0.0,0,0.0,TN
Scenes 001-020__303K-3-_20230815223320788.mp4,TVA Uniform,0.0,0,0.0,TN
Scenes 001-020__303K-3-_20230815223320788.mp4,Kid Loki Armor,0.0,0,0.0,TN
Scenes 001-020__303K-3-_20230815223320788.mp4,TVA Prisoner Uniform,0.0,0,0.0,TN
Scenes 001-020__303K-3-_20230815223320788.mp4,Loki's Variant uniform,0.0,0,0.0,TN
Scenes 001-020__303K-3-_20230815223320788.mp4,Sylvie's machete,1.0,0,0.0,FN
Scenes 001-020__303K-3-_20230815223320788.mp4,TVA Collar,0.0,0,0.0,TN
Scenes 001-020__303K-3-_20230815223320788.mp4,Ravonna Renslayer's Uniform,0.0,0,0.0,TN
Scenes 001-020__303K-3-_20230815223320788.mp4,TemPad,0.0,0,0.0,TN
Scenes 001-020__303K-3-_20230815223320788.mp4,Classic Loki Armor,0.0,0,0.0,TN
Scenes 001-020__505-5-_20230815200453259.mp4,TVA Monitor,0.0,0,0.0,TN
Scenes 001-020__505-5-_20230815200453259.mp4,Loki's Armor,0.0,0,0.0,TN
Scenes 001-020__505-5-_20230815200453259.mp4,Aligator Loki Plushie,0.0,0,0.0,TN
Scenes 001-020__505-5-_20230815200453259.mp4,Time Stick,0.0,0,0.0,TN
Scenes 001-020__505-5-_20230815200453259.mp4,TimeSpear,0.0,0,0.0,TN
Scenes 001-020__505-5-_20230815200453259.mp4,Sylvie's Armor,0.0,0,0.0,TN
Scenes 001-020__505-5-_20230815200453259.mp4,Boastful Loki Armor,1.0,1,0.8408434391021729,TP
Scenes 001-020__505-5-_20230815200453259.mp4,Sylvie's horned headpiece,0.0,0,0.0,TN
Scenes 001-020__505-5-_20230815200453259.mp4,Loki's dagger,0.0,0,0.0,TN
Scenes 001-020__505-5-_20230815200453259.mp4,TVA Uniform,0.0,0,0.0,TN
Scenes 001-020__505-5-_20230815200453259.mp4,Kid Loki Armor,1.0,1,0.9327594041824341,TP
Scenes 001-020__505-5-_20230815200453259.mp4,TVA Prisoner Uniform,0.0,0,0.0,TN
Scenes 001-020__505-5-_20230815200453259.mp4,Loki's Variant uniform,0.0,0,0.0,TN
Scenes 001-020__505-5-_20230815200453259.mp4,Sylvie's machete,0.0,0,0.0,TN
Scenes 001-020__505-5-_20230815200453259.mp4,TVA Collar,0.0,0,0.0,TN
Scenes 001-020__505-5-_20230815200453259.mp4,Ravonna Renslayer's Uniform,0.0,0,0.0,TN
Scenes 001-020__505-5-_20230815200453259.mp4,TemPad,0.0,0,0.0,TN
Scenes 001-020__505-5-_20230815200453259.mp4,Classic Loki Armor,1.0,0,0.0,FN
Scenes 001-020__110A-2-_20230815160756908.mp4,TVA Monitor,1.0,1,0.9698053598403931,TP
Scenes 001-020__110A-2-_20230815160756908.mp4,Loki's Armor,0.0,0,0.0,TN
Scenes 001-020__110A-2-_20230815160756908.mp4,Aligator Loki Plushie,0.0,0,0.0,TN
Scenes 001-020__110A-2-_20230815160756908.mp4,Time Stick,0.0,0,0.0,TN
Scenes 001-020__110A-2-_20230815160756908.mp4,TimeSpear,0.0,0,0.0,TN
Scenes 001-020__110A-2-_20230815160756908.mp4,Sylvie's Armor,0.0,0,0.0,TN
Scenes 001-020__110A-2-_20230815160756908.mp4,Boastful Loki Armor,0.0,0,0.0,TN
Scenes 001-020__110A-2-_20230815160756908.mp4,Sylvie's horned headpiece,0.0,0,0.0,TN
Scenes 001-020__110A-2-_20230815160756908.mp4,Loki's dagger,0.0,0,0.0,TN
Scenes 001-020__110A-2-_20230815160756908.mp4,TVA Uniform,0.0,0,0.0,TN
Scenes 001-020__110A-2-_20230815160756908.mp4,Kid Loki Armor,0.0,0,0.0,TN
Scenes 001-020__110A-2-_20230815160756908.mp4,TVA Prisoner Uniform,0.0,1,0.9267522096633911,FP
Scenes 001-020__110A-2-_20230815160756908.mp4,Loki's Variant uniform,0.0,0,0.0,TN
Scenes 001-020__110A-2-_20230815160756908.mp4,Sylvie's machete,0.0,0,0.0,TN
Scenes 001-020__110A-2-_20230815160756908.mp4,TVA Collar,1.0,1,0.9742226004600525,TP
Scenes 001-020__110A-2-_20230815160756908.mp4,Ravonna Renslayer's Uniform,0.0,0,0.0,TN
Scenes 001-020__110A-2-_20230815160756908.mp4,TemPad,0.0,0,0.0,TN
Scenes 001-020__110A-2-_20230815160756908.mp4,Classic Loki Armor,0.0,0,0.0,TN
Scenes 001-020__201D-2-_20230815184746334.mp4,TVA Monitor,0.0,0,0.0,TN
Scenes 001-020__201D-2-_20230815184746334.mp4,Loki's Armor,0.0,0,0.0,TN
Scenes 001-020__201D-2-_20230815184746334.mp4,Aligator Loki Plushie,0.0,0,0.0,TN
Scenes 001-020__201D-2-_20230815184746334.mp4,Time Stick,0.0,0,0.0,TN
Scenes 001-020__201D-2-_20230815184746334.mp4,TimeSpear,0.0,0,0.0,TN
Scenes 001-020__201D-2-_20230815184746334.mp4,Sylvie's Armor,0.0,0,0.0,TN
Scenes 001-020__201D-2-_20230815184746334.mp4,Boastful Loki Armor,0.0,0,0.0,TN
Scenes 001-020__201D-2-_20230815184746334.mp4,Sylvie's horned headpiece,0.0,0,0.0,TN
Scenes 001-020__201D-2-_20230815184746334.mp4,Loki's dagger,0.0,0,0.0,TN
Scenes 001-020__201D-2-_20230815184746334.mp4,TVA Uniform,0.0,0,0.0,TN
Scenes 001-020__201D-2-_20230815184746334.mp4,Kid Loki Armor,0.0,0,0.0,TN
Scenes 001-020__201D-2-_20230815184746334.mp4,TVA Prisoner Uniform,0.0,0,0.0,TN
Scenes 001-020__201D-2-_20230815184746334.mp4,Loki's Variant uniform,0.0,0,0.0,TN
Scenes 001-020__201D-2-_20230815184746334.mp4,Sylvie's machete,0.0,0,0.0,TN
Scenes 001-020__201D-2-_20230815184746334.mp4,TVA Collar,0.0,0,0.0,TN
Scenes 001-020__201D-2-_20230815184746334.mp4,Ravonna Renslayer's Uniform,0.0,0,0.0,TN
Scenes 001-020__201D-2-_20230815184746334.mp4,TemPad,1.0,1,0.9454252123832703,TP
Scenes 001-020__201D-2-_20230815184746334.mp4,Classic Loki Armor,0.0,0,0.0,TN
Scenes 001-020__110A-1-_20230728125233251.mp4,TVA Monitor,1.0,1,0.9692792296409607,TP
Scenes 001-020__110A-1-_20230728125233251.mp4,Loki's Armor,0.0,0,0.0,TN
Scenes 001-020__110A-1-_20230728125233251.mp4,Aligator Loki Plushie,0.0,0,0.0,TN
Scenes 001-020__110A-1-_20230728125233251.mp4,Time Stick,0.0,0,0.0,TN
Scenes 001-020__110A-1-_20230728125233251.mp4,TimeSpear,0.0,0,0.0,TN
Scenes 001-020__110A-1-_20230728125233251.mp4,Sylvie's Armor,0.0,0,0.0,TN
Scenes 001-020__110A-1-_20230728125233251.mp4,Boastful Loki Armor,0.0,0,0.0,TN
Scenes 001-020__110A-1-_20230728125233251.mp4,Sylvie's horned headpiece,0.0,0,0.0,TN
Scenes 001-020__110A-1-_20230728125233251.mp4,Loki's dagger,0.0,0,0.0,TN
Scenes 001-020__110A-1-_20230728125233251.mp4,TVA Uniform,0.0,0,0.0,TN
Scenes 001-020__110A-1-_20230728125233251.mp4,Kid Loki Armor,0.0,0,0.0,TN
Scenes 001-020__110A-1-_20230728125233251.mp4,TVA Prisoner Uniform,1.0,1,0.9439162015914917,TP
Scenes 001-020__110A-1-_20230728125233251.mp4,Loki's Variant uniform,0.0,0,0.0,TN
Scenes 001-020__110A-1-_20230728125233251.mp4,Sylvie's machete,0.0,0,0.0,TN
Scenes 001-020__110A-1-_20230728125233251.mp4,TVA Collar,1.0,1,0.973396897315979,TP
Scenes 001-020__110A-1-_20230728125233251.mp4,Ravonna Renslayer's Uniform,0.0,0,0.0,TN
Scenes 001-020__110A-1-_20230728125233251.mp4,TemPad,0.0,0,0.0,TN
Scenes 001-020__110A-1-_20230728125233251.mp4,Classic Loki Armor,0.0,0,0.0,TN
Scenes 041-060__244G-1-_20230815212159478.mp4,TVA Monitor,0.0,0,0.0,TN
Scenes 041-060__244G-1-_20230815212159478.mp4,Loki's Armor,0.0,0,0.0,TN
Scenes 041-060__244G-1-_20230815212159478.mp4,Aligator Loki Plushie,0.0,0,0.0,TN
Scenes 041-060__244G-1-_20230815212159478.mp4,Time Stick,0.0,0,0.0,TN
Scenes 041-060__244G-1-_20230815212159478.mp4,TimeSpear,0.0,0,0.0,TN
Scenes 041-060__244G-1-_20230815212159478.mp4,Sylvie's Armor,0.0,0,0.0,TN
Scenes 041-060__244G-1-_20230815212159478.mp4,Boastful Loki Armor,0.0,0,0.0,TN
Scenes 041-060__244G-1-_20230815212159478.mp4,Sylvie's horned headpiece,0.0,0,0.0,TN
Scenes 041-060__244G-1-_20230815212159478.mp4,Loki's dagger,0.0,0,0.0,TN
Scenes 041-060__244G-1-_20230815212159478.mp4,TVA Uniform,0.0,0,0.0,TN
Scenes 041-060__244G-1-_20230815212159478.mp4,Kid Loki Armor,0.0,0,0.0,TN
Scenes 041-060__244G-1-_20230815212159478.mp4,TVA Prisoner Uniform,0.0,0,0.0,TN
Scenes 041-060__244G-1-_20230815212159478.mp4,Loki's Variant uniform,1.0,0,0.0,FN
Scenes 041-060__244G-1-_20230815212159478.mp4,Sylvie's machete,0.0,0,0.0,TN
Scenes 041-060__244G-1-_20230815212159478.mp4,TVA Collar,0.0,0,0.0,TN
Scenes 041-060__244G-1-_20230815212159478.mp4,Ravonna Renslayer's Uniform,0.0,0,0.0,TN
Scenes 041-060__244G-1-_20230815212159478.mp4,TemPad,0.0,0,0.0,TN
Scenes 041-060__244G-1-_20230815212159478.mp4,Classic Loki Armor,0.0,0,0.0,TN
Scenes 001-020__220D-2-_20230815190723523.mp4,TVA Monitor,0.0,0,0.0,TN
Scenes 001-020__220D-2-_20230815190723523.mp4,Loki's Armor,0.0,0,0.0,TN
Scenes 001-020__220D-2-_20230815190723523.mp4,Aligator Loki Plushie,0.0,0,0.0,TN
Scenes 001-020__220D-2-_20230815190723523.mp4,Time Stick,0.0,0,0.0,TN
Scenes 001-020__220D-2-_20230815190723523.mp4,TimeSpear,0.0,0,0.0,TN
Scenes 001-020__220D-2-_20230815190723523.mp4,Sylvie's Armor,0.0,0,0.0,TN
Scenes 001-020__220D-2-_20230815190723523.mp4,Boastful Loki Armor,0.0,0,0.0,TN
Scenes 001-020__220D-2-_20230815190723523.mp4,Sylvie's horned headpiece,0.0,0,0.0,TN
Scenes 001-020__220D-2-_20230815190723523.mp4,Loki's dagger,0.0,0,0.0,TN
Scenes 001-020__220D-2-_20230815190723523.mp4,TVA Uniform,0.0,0,0.0,TN
Scenes 001-020__220D-2-_20230815190723523.mp4,Kid Loki Armor,0.0,0,0.0,TN
Scenes 001-020__220D-2-_20230815190723523.mp4,TVA Prisoner Uniform,0.0,0,0.0,TN
Scenes 001-020__220D-2-_20230815190723523.mp4,Loki's Variant uniform,0.0,1,0.8361430764198303,FP
Scenes 001-020__220D-2-_20230815190723523.mp4,Sylvie's machete,0.0,0,0.0,TN
Scenes 001-020__220D-2-_20230815190723523.mp4,TVA Collar,0.0,0,0.0,TN
Scenes 001-020__220D-2-_20230815190723523.mp4,Ravonna Renslayer's Uniform,0.0,0,0.0,TN
Scenes 001-020__220D-2-_20230815190723523.mp4,TemPad,0.0,0,0.0,TN
Scenes 001-020__220D-2-_20230815190723523.mp4,Classic Loki Armor,0.0,0,0.0,TN
Scenes 021-040__536C-1-_20230816063945052.mp4,TVA Monitor,0.0,0,0.0,TN
Scenes 021-040__536C-1-_20230816063945052.mp4,Loki's Armor,0.0,0,0.0,TN
Scenes 021-040__536C-1-_20230816063945052.mp4,Aligator Loki Plushie,1.0,1,0.95110023021698,TP
Scenes 021-040__536C-1-_20230816063945052.mp4,Time Stick,0.0,0,0.0,TN
Scenes 021-040__536C-1-_20230816063945052.mp4,TimeSpear,0.0,0,0.0,TN
Scenes 021-040__536C-1-_20230816063945052.mp4,Sylvie's Armor,0.0,0,0.0,TN
Scenes 021-040__536C-1-_20230816063945052.mp4,Boastful Loki Armor,0.0,0,0.0,TN
Scenes 021-040__536C-1-_20230816063945052.mp4,Sylvie's horned headpiece,0.0,0,0.0,TN
Scenes 021-040__536C-1-_20230816063945052.mp4,Loki's dagger,0.0,0,0.0,TN
Scenes 021-040__536C-1-_20230816063945052.mp4,TVA Uniform,0.0,0,0.0,TN
Scenes 021-040__536C-1-_20230816063945052.mp4,Kid Loki Armor,0.0,0,0.0,TN
Scenes 021-040__536C-1-_20230816063945052.mp4,TVA Prisoner Uniform,0.0,0,0.0,TN
Scenes 021-040__536C-1-_20230816063945052.mp4,Loki's Variant uniform,0.0,0,0.0,TN
Scenes 021-040__536C-1-_20230816063945052.mp4,Sylvie's machete,0.0,0,0.0,TN
Scenes 021-040__536C-1-_20230816063945052.mp4,TVA Collar,0.0,0,0.0,TN
Scenes 021-040__536C-1-_20230816063945052.mp4,Ravonna Renslayer's Uniform,0.0,0,0.0,TN
Scenes 021-040__536C-1-_20230816063945052.mp4,TemPad,0.0,0,0.0,TN
Scenes 021-040__536C-1-_20230816063945052.mp4,Classic Loki Armor,0.0,0,0.0,TN
Scenes 021-040__528A-2-_20230815195348745.mp4,TVA Monitor,0.0,0,0.0,TN
Scenes 021-040__528A-2-_20230815195348745.mp4,Loki's Armor,0.0,0,0.0,TN
Scenes 021-040__528A-2-_20230815195348745.mp4,Aligator Loki Plushie,0.0,0,0.0,TN
Scenes 021-040__528A-2-_20230815195348745.mp4,Time Stick,0.0,0,0.0,TN
Scenes 021-040__528A-2-_20230815195348745.mp4,TimeSpear,0.0,0,0.0,TN
Scenes 021-040__528A-2-_20230815195348745.mp4,Sylvie's Armor,0.0,0,0.0,TN
Scenes 021-040__528A-2-_20230815195348745.mp4,Boastful Loki Armor,0.0,0,0.0,TN
Scenes 021-040__528A-2-_20230815195348745.mp4,Sylvie's horned headpiece,0.0,0,0.0,TN
Scenes 021-040__528A-2-_20230815195348745.mp4,Loki's dagger,0.0,0,0.0,TN
Scenes 021-040__528A-2-_20230815195348745.mp4,TVA Uniform,0.0,0,0.0,TN
Scenes 021-040__528A-2-_20230815195348745.mp4,Kid Loki Armor,0.0,0,0.0,TN
Scenes 021-040__528A-2-_20230815195348745.mp4,TVA Prisoner Uniform,0.0,0,0.0,TN
Scenes 021-040__528A-2-_20230815195348745.mp4,Loki's Variant uniform,0.0,0,0.0,TN
Scenes 021-040__528A-2-_20230815195348745.mp4,Sylvie's machete,0.0,0,0.0,TN
Scenes 021-040__528A-2-_20230815195348745.mp4,TVA Collar,0.0,0,0.0,TN
Scenes 021-040__528A-2-_20230815195348745.mp4,Ravonna Renslayer's Uniform,0.0,0,0.0,TN
Scenes 021-040__528A-2-_20230815195348745.mp4,TemPad,0.0,0,0.0,TN
Scenes 021-040__528A-2-_20230815195348745.mp4,Classic Loki Armor,0.0,0,0.0,TN
Scenes 001-020__506E-1ng_b_20230816043951139.mp4,TVA Monitor,0.0,0,0.0,TN
Scenes 001-020__506E-1ng_b_20230816043951139.mp4,Loki's Armor,0.0,0,0.0,TN
Scenes 001-020__506E-1ng_b_20230816043951139.mp4,Aligator Loki Plushie,1.0,1,0.9521578550338745,TP
Scenes 001-020__506E-1ng_b_20230816043951139.mp4,Time Stick,0.0,0,0.0,TN
Scenes 001-020__506E-1ng_b_20230816043951139.mp4,TimeSpear,0.0,0,0.0,TN
Scenes 001-020__506E-1ng_b_20230816043951139.mp4,Sylvie's Armor,0.0,0,0.0,TN
Scenes 001-020__506E-1ng_b_20230816043951139.mp4,Boastful Loki Armor,0.0,0,0.0,TN
Scenes 001-020__506E-1ng_b_20230816043951139.mp4,Sylvie's horned headpiece,0.0,0,0.0,TN
Scenes 001-020__506E-1ng_b_20230816043951139.mp4,Loki's dagger,0.0,0,0.0,TN
Scenes 001-020__506E-1ng_b_20230816043951139.mp4,TVA Uniform,0.0,0,0.0,TN
Scenes 001-020__506E-1ng_b_20230816043951139.mp4,Kid Loki Armor,0.0,0,0.0,TN
Scenes 001-020__506E-1ng_b_20230816043951139.mp4,TVA Prisoner Uniform,0.0,0,0.0,TN
Scenes 001-020__506E-1ng_b_20230816043951139.mp4,Loki's Variant uniform,0.0,0,0.0,TN
Scenes 001-020__506E-1ng_b_20230816043951139.mp4,Sylvie's machete,0.0,1,0.8195141553878784,FP
Scenes 001-020__506E-1ng_b_20230816043951139.mp4,TVA Collar,0.0,0,0.0,TN
Scenes 001-020__506E-1ng_b_20230816043951139.mp4,Ravonna Renslayer's Uniform,0.0,0,0.0,TN
Scenes 001-020__506E-1ng_b_20230816043951139.mp4,TemPad,0.0,0,0.0,TN
Scenes 001-020__506E-1ng_b_20230816043951139.mp4,Classic Loki Armor,0.0,0,0.0,TN
Scenes 041-060__244F-1- mos_20230815211755975.mp4,TVA Monitor,0.0,0,0.0,TN
Scenes 041-060__244F-1- mos_20230815211755975.mp4,Loki's Armor,0.0,0,0.0,TN
Scenes 041-060__244F-1- mos_20230815211755975.mp4,Aligator Loki Plushie,0.0,0,0.0,TN
Scenes 041-060__244F-1- mos_20230815211755975.mp4,Time Stick,0.0,0,0.0,TN
Scenes 041-060__244F-1- mos_20230815211755975.mp4,TimeSpear,0.0,0,0.0,TN
Scenes 041-060__244F-1- mos_20230815211755975.mp4,Sylvie's Armor,0.0,0,0.0,TN
Scenes 041-060__244F-1- mos_20230815211755975.mp4,Boastful Loki Armor,0.0,0,0.0,TN
Scenes 041-060__244F-1- mos_20230815211755975.mp4,Sylvie's horned headpiece,0.0,0,0.0,TN
Scenes 041-060__244F-1- mos_20230815211755975.mp4,Loki's dagger,0.0,0,0.0,TN
Scenes 041-060__244F-1- mos_20230815211755975.mp4,TVA Uniform,0.0,0,0.0,TN
Scenes 041-060__244F-1- mos_20230815211755975.mp4,Kid Loki Armor,0.0,0,0.0,TN
Scenes 041-060__244F-1- mos_20230815211755975.mp4,TVA Prisoner Uniform,0.0,0,0.0,TN
Scenes 041-060__244F-1- mos_20230815211755975.mp4,Loki's Variant uniform,0.0,0,0.0,TN
Scenes 041-060__244F-1- mos_20230815211755975.mp4,Sylvie's machete,0.0,0,0.0,TN
Scenes 041-060__244F-1- mos_20230815211755975.mp4,TVA Collar,0.0,0,0.0,TN
Scenes 041-060__244F-1- mos_20230815211755975.mp4,Ravonna Renslayer's Uniform,0.0,0,0.0,TN
Scenes 041-060__244F-1- mos_20230815211755975.mp4,TemPad,1.0,1,0.9202010035514832,TP
Scenes 041-060__244F-1- mos_20230815211755975.mp4,Classic Loki Armor,0.0,0,0.0,TN
Scenes 001-020__112H-4- mos_20230728142940155.mp4,TVA Monitor,0.0,0,0.0,TN
Scenes 001-020__112H-4- mos_20230728142940155.mp4,Loki's Armor,0.0,0,0.0,TN
Scenes 001-020__112H-4- mos_20230728142940155.mp4,Aligator Loki Plushie,0.0,0,0.0,TN
Scenes 001-020__112H-4- mos_20230728142940155.mp4,Time Stick,0.0,0,0.0,TN
Scenes 001-020__112H-4- mos_20230728142940155.mp4,TimeSpear,0.0,0,0.0,TN
Scenes 001-020__112H-4- mos_20230728142940155.mp4,Sylvie's Armor,0.0,0,0.0,TN
Scenes 001-020__112H-4- mos_20230728142940155.mp4,Boastful Loki Armor,0.0,0,0.0,TN
Scenes 001-020__112H-4- mos_20230728142940155.mp4,Sylvie's horned headpiece,0.0,0,0.0,TN
Scenes 001-020__112H-4- mos_20230728142940155.mp4,Loki's dagger,0.0,0,0.0,TN
Scenes 001-020__112H-4- mos_20230728142940155.mp4,TVA Uniform,0.0,0,0.0,TN
Scenes 001-020__112H-4- mos_20230728142940155.mp4,Kid Loki Armor,0.0,0,0.0,TN
Scenes 001-020__112H-4- mos_20230728142940155.mp4,TVA Prisoner Uniform,0.0,0,0.0,TN
Scenes 001-020__112H-4- mos_20230728142940155.mp4,Loki's Variant uniform,0.0,0,0.0,TN
Scenes 001-020__112H-4- mos_20230728142940155.mp4,Sylvie's machete,0.0,0,0.0,TN
Scenes 001-020__112H-4- mos_20230728142940155.mp4,TVA Collar,0.0,0,0.0,TN
Scenes 001-020__112H-4- mos_20230728142940155.mp4,Ravonna Renslayer's Uniform,0.0,0,0.0,TN
Scenes 001-020__112H-4- mos_20230728142940155.mp4,TemPad,0.0,0,0.0,TN
Scenes 001-020__112H-4- mos_20230728142940155.mp4,Classic Loki Armor,0.0,0,0.0,TN
Scenes 061-080__163A-1- mos_20230815180055695.mp4,TVA Monitor,0.0,0,0.0,TN
Scenes 061-080__163A-1- mos_20230815180055695.mp4,Loki's Armor,0.0,0,0.0,TN
Scenes 061-080__163A-1- mos_20230815180055695.mp4,Aligator Loki Plushie,0.0,0,0.0,TN
Scenes 061-080__163A-1- mos_20230815180055695.mp4,Time Stick,0.0,0,0.0,TN
Scenes 061-080__163A-1- mos_20230815180055695.mp4,TimeSpear,0.0,0,0.0,TN
Scenes 061-080__163A-1- mos_20230815180055695.mp4,Sylvie's Armor,0.0,0,0.0,TN
Scenes 061-080__163A-1- mos_20230815180055695.mp4,Boastful Loki Armor,0.0,0,0.0,TN
Scenes 061-080__163A-1- mos_20230815180055695.mp4,Sylvie's horned headpiece,0.0,0,0.0,TN
Scenes 061-080__163A-1- mos_20230815180055695.mp4,Loki's dagger,0.0,0,0.0,TN
Scenes 061-080__163A-1- mos_20230815180055695.mp4,TVA Uniform,0.0,0,0.0,TN
Scenes 061-080__163A-1- mos_20230815180055695.mp4,Kid Loki Armor,0.0,0,0.0,TN
Scenes 061-080__163A-1- mos_20230815180055695.mp4,TVA Prisoner Uniform,1.0,0,0.0,FN
Scenes 061-080__163A-1- mos_20230815180055695.mp4,Loki's Variant uniform,0.0,0,0.0,TN
Scenes 061-080__163A-1- mos_20230815180055695.mp4,Sylvie's machete,0.0,0,0.0,TN
Scenes 061-080__163A-1- mos_20230815180055695.mp4,TVA Collar,0.0,0,0.0,TN
Scenes 061-080__163A-1- mos_20230815180055695.mp4,Ravonna Renslayer's Uniform,0.0,0,0.0,TN
Scenes 061-080__163A-1- mos_20230815180055695.mp4,TemPad,0.0,0,0.0,TN
Scenes 061-080__163A-1- mos_20230815180055695.mp4,Classic Loki Armor,0.0,0,0.0,TN
Scenes 021-040__323A-1_20230816000111901.mp4,TVA Monitor,0.0,0,0.0,TN
Scenes 021-040__323A-1_20230816000111901.mp4,Loki's Armor,0.0,0,0.0,TN
Scenes 021-040__323A-1_20230816000111901.mp4,Aligator Loki Plushie,0.0,0,0.0,TN
Scenes 021-040__323A-1_20230816000111901.mp4,Time Stick,0.0,0,0.0,TN
Scenes 021-040__323A-1_20230816000111901.mp4,TimeSpear,0.0,0,0.0,TN
Scenes 021-040__323A-1_20230816000111901.mp4,Sylvie's Armor,1.0,0,0.0,FN
Scenes 021-040__323A-1_20230816000111901.mp4,Boastful Loki Armor,0.0,0,0.0,TN
Scenes 021-040__323A-1_20230816000111901.mp4,Sylvie's horned headpiece,0.0,0,0.0,TN
Scenes 021-040__323A-1_20230816000111901.mp4,Loki's dagger,0.0,0,0.0,TN
Scenes 021-040__323A-1_20230816000111901.mp4,TVA Uniform,0.0,0,0.0,TN
Scenes 021-040__323A-1_20230816000111901.mp4,Kid Loki Armor,0.0,0,0.0,TN
Scenes 021-040__323A-1_20230816000111901.mp4,TVA Prisoner Uniform,0.0,0,0.0,TN
Scenes 021-040__323A-1_20230816000111901.mp4,Loki's Variant uniform,0.0,0,0.0,TN
Scenes 021-040__323A-1_20230816000111901.mp4,Sylvie's machete,0.0,0,0.0,TN
Scenes 021-040__323A-1_20230816000111901.mp4,TVA Collar,0.0,0,0.0,TN
Scenes 021-040__323A-1_20230816000111901.mp4,Ravonna Renslayer's Uniform,0.0,0,0.0,TN
Scenes 021-040__323A-1_20230816000111901.mp4,TemPad,0.0,0,0.0,TN
Scenes 021-040__323A-1_20230816000111901.mp4,Classic Loki Armor,0.0,0,0.0,TN
Scenes 001-020__110D-1- mos_20230728125258979.mp4,TVA Monitor,0.0,0,0.0,TN
Scenes 001-020__110D-1- mos_20230728125258979.mp4,Loki's Armor,0.0,0,0.0,TN
Scenes 001-020__110D-1- mos_20230728125258979.mp4,Aligator Loki Plushie,0.0,0,0.0,TN
Scenes 001-020__110D-1- mos_20230728125258979.mp4,Time Stick,0.0,0,0.0,TN
Scenes 001-020__110D-1- mos_20230728125258979.mp4,TimeSpear,0.0,0,0.0,TN
Scenes 001-020__110D-1- mos_20230728125258979.mp4,Sylvie's Armor,0.0,0,0.0,TN
Scenes 001-020__110D-1- mos_20230728125258979.mp4,Boastful Loki Armor,0.0,0,0.0,TN
Scenes 001-020__110D-1- mos_20230728125258979.mp4,Sylvie's horned headpiece,0.0,0,0.0,TN
Scenes 001-020__110D-1- mos_20230728125258979.mp4,Loki's dagger,0.0,0,0.0,TN
Scenes 001-020__110D-1- mos_20230728125258979.mp4,TVA Uniform,0.0,0,0.0,TN
Scenes 001-020__110D-1- mos_20230728125258979.mp4,Kid Loki Armor,0.0,0,0.0,TN
Scenes 001-020__110D-1- mos_20230728125258979.mp4,TVA Prisoner Uniform,0.0,0,0.0,TN
Scenes 001-020__110D-1- mos_20230728125258979.mp4,Loki's Variant uniform,0.0,0,0.0,TN
Scenes 001-020__110D-1- mos_20230728125258979.mp4,Sylvie's machete,0.0,0,0.0,TN
Scenes 001-020__110D-1- mos_20230728125258979.mp4,TVA Collar,0.0,0,0.0,TN
Scenes 001-020__110D-1- mos_20230728125258979.mp4,Ravonna Renslayer's Uniform,0.0,0,0.0,TN
Scenes 001-020__110D-1- mos_20230728125258979.mp4,TemPad,0.0,0,0.0,TN
Scenes 001-020__110D-1- mos_20230728125258979.mp4,Classic Loki Armor,0.0,0,0.0,TN
Scenes 001-020__207A-1-_20230815182030372.mp4,TVA Monitor,0.0,0,0.0,TN
Scenes 001-020__207A-1-_20230815182030372.mp4,Loki's Armor,0.0,0,0.0,TN
Scenes 001-020__207A-1-_20230815182030372.mp4,Aligator Loki Plushie,0.0,0,0.0,TN
Scenes 001-020__207A-1-_20230815182030372.mp4,Time Stick,1.0,0,0.0,FN
Scenes 001-020__207A-1-_20230815182030372.mp4,TimeSpear,0.0,0,0.0,TN
Scenes 001-020__207A-1-_20230815182030372.mp4,Sylvie's Armor,0.0,0,0.0,TN
Scenes 001-020__207A-1-_20230815182030372.mp4,Boastful Loki Armor,0.0,0,0.0,TN
Scenes 001-020__207A-1-_20230815182030372.mp4,Sylvie's horned headpiece,0.0,0,0.0,TN
Scenes 001-020__207A-1-_20230815182030372.mp4,Loki's dagger,0.0,0,0.0,TN
Scenes 001-020__207A-1-_20230815182030372.mp4,TVA Uniform,1.0,1,0.8249495029449463,TP
Scenes 001-020__207A-1-_20230815182030372.mp4,Kid Loki Armor,0.0,0,0.0,TN
Scenes 001-020__207A-1-_20230815182030372.mp4,TVA Prisoner Uniform,0.0,1,0.8417226672172546,FP
Scenes 001-020__207A-1-_20230815182030372.mp4,Loki's Variant uniform,1.0,0,0.0,FN
Scenes 001-020__207A-1-_20230815182030372.mp4,Sylvie's machete,0.0,0,0.0,TN
Scenes 001-020__207A-1-_20230815182030372.mp4,TVA Collar,0.0,0,0.0,TN
Scenes 001-020__207A-1-_20230815182030372.mp4,Ravonna Renslayer's Uniform,0.0,0,0.0,TN
Scenes 001-020__207A-1-_20230815182030372.mp4,TemPad,1.0,1,0.8912755846977234,TP
Scenes 001-020__207A-1-_20230815182030372.mp4,Classic Loki Armor,0.0,0,0.0,TN
Scenes 021-040__321-11d only_20230815235100054.mp4,TVA Monitor,0.0,0,0.0,TN
Scenes 021-040__321-11d only_20230815235100054.mp4,Loki's Armor,0.0,0,0.0,TN
Scenes 021-040__321-11d only_20230815235100054.mp4,Aligator Loki Plushie,0.0,0,0.0,TN
Scenes 021-040__321-11d only_20230815235100054.mp4,Time Stick,0.0,0,0.0,TN
Scenes 021-040__321-11d only_20230815235100054.mp4,TimeSpear,0.0,0,0.0,TN
Scenes 021-040__321-11d only_20230815235100054.mp4,Sylvie's Armor,1.0,0,0.0,FN
Scenes 021-040__321-11d only_20230815235100054.mp4,Boastful Loki Armor,0.0,0,0.0,TN
Scenes 021-040__321-11d only_20230815235100054.mp4,Sylvie's horned headpiece,0.0,0,0.0,TN
Scenes 021-040__321-11d only_20230815235100054.mp4,Loki's dagger,0.0,0,0.0,TN
Scenes 021-040__321-11d only_20230815235100054.mp4,TVA Uniform,0.0,0,0.0,TN
Scenes 021-040__321-11d only_20230815235100054.mp4,Kid Loki Armor,0.0,0,0.0,TN
Scenes 021-040__321-11d only_20230815235100054.mp4,TVA Prisoner Uniform,0.0,0,0.0,TN
Scenes 021-040__321-11d only_20230815235100054.mp4,Loki's Variant uniform,0.0,0,0.0,TN
Scenes 021-040__321-11d only_20230815235100054.mp4,Sylvie's machete,1.0,0,0.0,FN
Scenes 021-040__321-11d only_20230815235100054.mp4,TVA Collar,0.0,0,0.0,TN
Scenes 021-040__321-11d only_20230815235100054.mp4,Ravonna Renslayer's Uniform,0.0,0,0.0,TN
Scenes 021-040__321-11d only_20230815235100054.mp4,TemPad,0.0,0,0.0,TN
Scenes 021-040__321-11d only_20230815235100054.mp4,Classic Loki Armor,0.0,0,0.0,TN
Scenes 041-060__156F-1-_20230815175731629.mp4,TVA Monitor,0.0,0,0.0,TN
Scenes 041-060__156F-1-_20230815175731629.mp4,Loki's Armor,0.0,0,0.0,TN
Scenes 041-060__156F-1-_20230815175731629.mp4,Aligator Loki Plushie,0.0,0,0.0,TN
Scenes 041-060__156F-1-_20230815175731629.mp4,Time Stick,0.0,0,0.0,TN
Scenes 041-060__156F-1-_20230815175731629.mp4,TimeSpear,0.0,0,0.0,TN
Scenes 041-060__156F-1-_20230815175731629.mp4,Sylvie's Armor,0.0,0,0.0,TN
Scenes 041-060__156F-1-_20230815175731629.mp4,Boastful Loki Armor,0.0,0,0.0,TN
Scenes 041-060__156F-1-_20230815175731629.mp4,Sylvie's horned headpiece,0.0,0,0.0,TN
Scenes 041-060__156F-1-_20230815175731629.mp4,Loki's dagger,0.0,0,0.0,TN
Scenes 041-060__156F-1-_20230815175731629.mp4,TVA Uniform,0.0,0,0.0,TN
Scenes 041-060__156F-1-_20230815175731629.mp4,Kid Loki Armor,0.0,0,0.0,TN
Scenes 041-060__156F-1-_20230815175731629.mp4,TVA Prisoner Uniform,0.0,0,0.0,TN
Scenes 041-060__156F-1-_20230815175731629.mp4,Loki's Variant uniform,0.0,0,0.0,TN
Scenes 041-060__156F-1-_20230815175731629.mp4,Sylvie's machete,0.0,0,0.0,TN
Scenes 041-060__156F-1-_20230815175731629.mp4,TVA Collar,0.0,0,0.0,TN
Scenes 041-060__156F-1-_20230815175731629.mp4,Ravonna Renslayer's Uniform,0.0,0,0.0,TN
Scenes 041-060__156F-1-_20230815175731629.mp4,TemPad,0.0,1,0.8150612115859985,FP
Scenes 041-060__156F-1-_20230815175731629.mp4,Classic Loki Armor,0.0,0,0.0,TN
Scenes 001-020__314-3_20230815232058756.mp4,TVA Monitor,0.0,0,0.0,TN
Scenes 001-020__314-3_20230815232058756.mp4,Loki's Armor,0.0,0,0.0,TN
Scenes 001-020__314-3_20230815232058756.mp4,Aligator Loki Plushie,0.0,0,0.0,TN
Scenes 001-020__314-3_20230815232058756.mp4,Time Stick,0.0,0,0.0,TN
Scenes 001-020__314-3_20230815232058756.mp4,TimeSpear,0.0,0,0.0,TN
Scenes 001-020__314-3_20230815232058756.mp4,Sylvie's Armor,1.0,0,0.0,FN
Scenes 001-020__314-3_20230815232058756.mp4,Boastful Loki Armor,0.0,0,0.0,TN
Scenes 001-020__314-3_20230815232058756.mp4,Sylvie's horned headpiece,0.0,0,0.0,TN
Scenes 001-020__314-3_20230815232058756.mp4,Loki's dagger,0.0,0,0.0,TN
Scenes 001-020__314-3_20230815232058756.mp4,TVA Uniform,0.0,0,0.0,TN
Scenes 001-020__314-3_20230815232058756.mp4,Kid Loki Armor,0.0,0,0.0,TN
Scenes 001-020__314-3_20230815232058756.mp4,TVA Prisoner Uniform,0.0,0,0.0,TN
Scenes 001-020__314-3_20230815232058756.mp4,Loki's Variant uniform,0.0,0,0.0,TN
Scenes 001-020__314-3_20230815232058756.mp4,Sylvie's machete,0.0,1,0.8029817342758179,FP
Scenes 001-020__314-3_20230815232058756.mp4,TVA Collar,0.0,0,0.0,TN
Scenes 001-020__314-3_20230815232058756.mp4,Ravonna Renslayer's Uniform,0.0,0,0.0,TN
Scenes 001-020__314-3_20230815232058756.mp4,TemPad,0.0,0,0.0,TN
Scenes 001-020__314-3_20230815232058756.mp4,Classic Loki Armor,0.0,0,0.0,TN
Scenes 021-040__239A-1-_20230815192921019.mp4,TVA Monitor,0.0,0,0.0,TN
Scenes 021-040__239A-1-_20230815192921019.mp4,Loki's Armor,0.0,0,0.0,TN
Scenes 021-040__239A-1-_20230815192921019.mp4,Aligator Loki Plushie,0.0,0,0.0,TN
Scenes 021-040__239A-1-_20230815192921019.mp4,Time Stick,0.0,0,0.0,TN
Scenes 021-040__239A-1-_20230815192921019.mp4,TimeSpear,0.0,0,0.0,TN
Scenes 021-040__239A-1-_20230815192921019.mp4,Sylvie's Armor,0.0,0,0.0,TN
Scenes 021-040__239A-1-_20230815192921019.mp4,Boastful Loki Armor,0.0,0,0.0,TN
Scenes 021-040__239A-1-_20230815192921019.mp4,Sylvie's horned headpiece,0.0,0,0.0,TN
Scenes 021-040__239A-1-_20230815192921019.mp4,Loki's dagger,0.0,0,0.0,TN
Scenes 021-040__239A-1-_20230815192921019.mp4,TVA Uniform,0.0,0,0.0,TN
Scenes 021-040__239A-1-_20230815192921019.mp4,Kid Loki Armor,0.0,0,0.0,TN
Scenes 021-040__239A-1-_20230815192921019.mp4,TVA Prisoner Uniform,0.0,0,0.0,TN
Scenes 021-040__239A-1-_20230815192921019.mp4,Loki's Variant uniform,1.0,0,0.0,FN
Scenes 021-040__239A-1-_20230815192921019.mp4,Sylvie's machete,0.0,0,0.0,TN
Scenes 021-040__239A-1-_20230815192921019.mp4,TVA Collar,0.0,0,0.0,TN
Scenes 021-040__239A-1-_20230815192921019.mp4,Ravonna Renslayer's Uniform,0.0,0,0.0,TN
Scenes 021-040__239A-1-_20230815192921019.mp4,TemPad,0.0,0,0.0,TN
Scenes 021-040__239A-1-_20230815192921019.mp4,Classic Loki Armor,0.0,0,0.0,TN
Scenes 061-080__265N-1_20230815220141511.mp4,TVA Monitor,0.0,0,0.0,TN
Scenes 061-080__265N-1_20230815220141511.mp4,Loki's Armor,0.0,0,0.0,TN
Scenes 061-080__265N-1_20230815220141511.mp4,Aligator Loki Plushie,0.0,0,0.0,TN
Scenes 061-080__265N-1_20230815220141511.mp4,Time Stick,1.0,1,0.8941289186477661,TP
Scenes 061-080__265N-1_20230815220141511.mp4,TimeSpear,0.0,0,0.0,TN
Scenes 061-080__265N-1_20230815220141511.mp4,Sylvie's Armor,0.0,0,0.0,TN
Scenes 061-080__265N-1_20230815220141511.mp4,Boastful Loki Armor,0.0,0,0.0,TN
Scenes 061-080__265N-1_20230815220141511.mp4,Sylvie's horned headpiece,0.0,0,0.0,TN
Scenes 061-080__265N-1_20230815220141511.mp4,Loki's dagger,0.0,0,0.0,TN
Scenes 061-080__265N-1_20230815220141511.mp4,TVA Uniform,0.0,0,0.0,TN
Scenes 061-080__265N-1_20230815220141511.mp4,Kid Loki Armor,0.0,0,0.0,TN
Scenes 061-080__265N-1_20230815220141511.mp4,TVA Prisoner Uniform,0.0,0,0.0,TN
Scenes 061-080__265N-1_20230815220141511.mp4,Loki's Variant uniform,0.0,0,0.0,TN
Scenes 061-080__265N-1_20230815220141511.mp4,Sylvie's machete,0.0,0,0.0,TN
Scenes 061-080__265N-1_20230815220141511.mp4,TVA Collar,0.0,0,0.0,TN
Scenes 061-080__265N-1_20230815220141511.mp4,Ravonna Renslayer's Uniform,1.0,1,0.9613873958587646,TP
Scenes 061-080__265N-1_20230815220141511.mp4,TemPad,0.0,0,0.0,TN
Scenes 061-080__265N-1_20230815220141511.mp4,Classic Loki Armor,0.0,0,0.0,TN
Scenes 061-080__265G-3-_20230815215442372.mp4,TVA Monitor,0.0,0,0.0,TN
Scenes 061-080__265G-3-_20230815215442372.mp4,Loki's Armor,0.0,0,0.0,TN
Scenes 061-080__265G-3-_20230815215442372.mp4,Aligator Loki Plushie,0.0,0,0.0,TN
Scenes 061-080__265G-3-_20230815215442372.mp4,Time Stick,0.0,0,0.0,TN
Scenes 061-080__265G-3-_20230815215442372.mp4,TimeSpear,0.0,0,0.0,TN
Scenes 061-080__265G-3-_20230815215442372.mp4,Sylvie's Armor,0.0,1,0.8327657580375671,FP
Scenes 061-080__265G-3-_20230815215442372.mp4,Boastful Loki Armor,0.0,0,0.0,TN
Scenes 061-080__265G-3-_20230815215442372.mp4,Sylvie's horned headpiece,1.0,1,0.8558775186538696,TP
Scenes 061-080__265G-3-_20230815215442372.mp4,Loki's dagger,1.0,1,0.9443021416664124,TP
Scenes 061-080__265G-3-_20230815215442372.mp4,TVA Uniform,0.0,0,0.0,TN
Scenes 061-080__265G-3-_20230815215442372.mp4,Kid Loki Armor,0.0,0,0.0,TN
Scenes 061-080__265G-3-_20230815215442372.mp4,TVA Prisoner Uniform,0.0,0,0.0,TN
Scenes 061-080__265G-3-_20230815215442372.mp4,Loki's Variant uniform,1.0,1,0.9243178367614746,TP
Scenes 061-080__265G-3-_20230815215442372.mp4,Sylvie's machete,1.0,0,0.0,FN
Scenes 061-080__265G-3-_20230815215442372.mp4,TVA Collar,0.0,0,0.0,TN
Scenes 061-080__265G-3-_20230815215442372.mp4,Ravonna Renslayer's Uniform,0.0,0,0.0,TN
Scenes 061-080__265G-3-_20230815215442372.mp4,TemPad,1.0,1,0.8516714572906494,TP
Scenes 061-080__265G-3-_20230815215442372.mp4,Classic Loki Armor,0.0,0,0.0,TN
Scenes 001-020__302A-FS1_20230815200137702.mp4,TVA Monitor,0.0,0,0.0,TN
Scenes 001-020__302A-FS1_20230815200137702.mp4,Loki's Armor,0.0,0,0.0,TN
Scenes 001-020__302A-FS1_20230815200137702.mp4,Aligator Loki Plushie,0.0,0,0.0,TN
Scenes 001-020__302A-FS1_20230815200137702.mp4,Time Stick,0.0,0,0.0,TN
Scenes 001-020__302A-FS1_20230815200137702.mp4,TimeSpear,0.0,0,0.0,TN
Scenes 001-020__302A-FS1_20230815200137702.mp4,Sylvie's Armor,0.0,0,0.0,TN
Scenes 001-020__302A-FS1_20230815200137702.mp4,Boastful Loki Armor,0.0,0,0.0,TN
Scenes 001-020__302A-FS1_20230815200137702.mp4,Sylvie's horned headpiece,0.0,0,0.0,TN
Scenes 001-020__302A-FS1_20230815200137702.mp4,Loki's dagger,0.0,0,0.0,TN
Scenes 001-020__302A-FS1_20230815200137702.mp4,TVA Uniform,0.0,0,0.0,TN
Scenes 001-020__302A-FS1_20230815200137702.mp4,Kid Loki Armor,0.0,0,0.0,TN
Scenes 001-020__302A-FS1_20230815200137702.mp4,TVA Prisoner Uniform,0.0,0,0.0,TN
Scenes 001-020__302A-FS1_20230815200137702.mp4,Loki's Variant uniform,0.0,0,0.0,TN
Scenes 001-020__302A-FS1_20230815200137702.mp4,Sylvie's machete,0.0,0,0.0,TN
Scenes 001-020__302A-FS1_20230815200137702.mp4,TVA Collar,0.0,0,0.0,TN
Scenes 001-020__302A-FS1_20230815200137702.mp4,Ravonna Renslayer's Uniform,0.0,0,0.0,TN
Scenes 001-020__302A-FS1_20230815200137702.mp4,TemPad,0.0,0,0.0,TN
Scenes 001-020__302A-FS1_20230815200137702.mp4,Classic Loki Armor,0.0,0,0.0,TN
Scenes 001-020__114H-2- mos_20230815163819362.mp4,TVA Monitor,0.0,0,0.0,TN
Scenes 001-020__114H-2- mos_20230815163819362.mp4,Loki's Armor,0.0,0,0.0,TN
Scenes 001-020__114H-2- mos_20230815163819362.mp4,Aligator Loki Plushie,0.0,0,0.0,TN
Scenes 001-020__114H-2- mos_20230815163819362.mp4,Time Stick,0.0,0,0.0,TN
Scenes 001-020__114H-2- mos_20230815163819362.mp4,TimeSpear,0.0,0,0.0,TN
Scenes 001-020__114H-2- mos_20230815163819362.mp4,Sylvie's Armor,0.0,0,0.0,TN
Scenes 001-020__114H-2- mos_20230815163819362.mp4,Boastful Loki Armor,0.0,0,0.0,TN
Scenes 001-020__114H-2- mos_20230815163819362.mp4,Sylvie's horned headpiece,0.0,0,0.0,TN
Scenes 001-020__114H-2- mos_20230815163819362.mp4,Loki's dagger,0.0,0,0.0,TN
Scenes 001-020__114H-2- mos_20230815163819362.mp4,TVA Uniform,0.0,0,0.0,TN
Scenes 001-020__114H-2- mos_20230815163819362.mp4,Kid Loki Armor,0.0,0,0.0,TN
Scenes 001-020__114H-2- mos_20230815163819362.mp4,TVA Prisoner Uniform,0.0,0,0.0,TN
Scenes 001-020__114H-2- mos_20230815163819362.mp4,Loki's Variant uniform,0.0,0,0.0,TN
Scenes 001-020__114H-2- mos_20230815163819362.mp4,Sylvie's machete,0.0,0,0.0,TN
Scenes 001-020__114H-2- mos_20230815163819362.mp4,TVA Collar,0.0,0,0.0,TN
Scenes 001-020__114H-2- mos_20230815163819362.mp4,Ravonna Renslayer's Uniform,0.0,0,0.0,TN
Scenes 001-020__114H-2- mos_20230815163819362.mp4,TemPad,0.0,0,0.0,TN
Scenes 001-020__114H-2- mos_20230815163819362.mp4,Classic Loki Armor,0.0,0,0.0,TN
Scenes 001-020__507-1ng_20230816050923979.mp4,TVA Monitor,0.0,0,0.0,TN
Scenes 001-020__507-1ng_20230816050923979.mp4,Loki's Armor,0.0,0,0.0,TN
Scenes 001-020__507-1ng_20230816050923979.mp4,Aligator Loki Plushie,0.0,0,0.0,TN
Scenes 001-020__507-1ng_20230816050923979.mp4,Time Stick,0.0,0,0.0,TN
Scenes 001-020__507-1ng_20230816050923979.mp4,TimeSpear,0.0,0,0.0,TN
Scenes 001-020__507-1ng_20230816050923979.mp4,Sylvie's Armor,0.0,0,0.0,TN
Scenes 001-020__507-1ng_20230816050923979.mp4,Boastful Loki Armor,1.0,0,0.0,FN
Scenes 001-020__507-1ng_20230816050923979.mp4,Sylvie's horned headpiece,0.0,0,0.0,TN
Scenes 001-020__507-1ng_20230816050923979.mp4,Loki's dagger,0.0,0,0.0,TN
Scenes 001-020__507-1ng_20230816050923979.mp4,TVA Uniform,0.0,0,0.0,TN
Scenes 001-020__507-1ng_20230816050923979.mp4,Kid Loki Armor,1.0,0,0.0,FN
Scenes 001-020__507-1ng_20230816050923979.mp4,TVA Prisoner Uniform,0.0,0,0.0,TN
Scenes 001-020__507-1ng_20230816050923979.mp4,Loki's Variant uniform,0.0,0,0.0,TN
Scenes 001-020__507-1ng_20230816050923979.mp4,Sylvie's machete,0.0,0,0.0,TN
Scenes 001-020__507-1ng_20230816050923979.mp4,TVA Collar,0.0,0,0.0,TN
Scenes 001-020__507-1ng_20230816050923979.mp4,Ravonna Renslayer's Uniform,0.0,0,0.0,TN
Scenes 001-020__507-1ng_20230816050923979.mp4,TemPad,0.0,0,0.0,TN
Scenes 001-020__507-1ng_20230816050923979.mp4,Classic Loki Armor,1.0,0,0.0,FN
Scenes 001-020__201E-2-_20230728112604212.mp4,TVA Monitor,0.0,0,0.0,TN
Scenes 001-020__201E-2-_20230728112604212.mp4,Loki's Armor,0.0,0,0.0,TN
Scenes 001-020__201E-2-_20230728112604212.mp4,Aligator Loki Plushie,0.0,0,0.0,TN
Scenes 001-020__201E-2-_20230728112604212.mp4,Time Stick,0.0,0,0.0,TN
Scenes 001-020__201E-2-_20230728112604212.mp4,TimeSpear,0.0,0,0.0,TN
Scenes 001-020__201E-2-_20230728112604212.mp4,Sylvie's Armor,0.0,0,0.0,TN
Scenes 001-020__201E-2-_20230728112604212.mp4,Boastful Loki Armor,0.0,0,0.0,TN
Scenes 001-020__201E-2-_20230728112604212.mp4,Sylvie's horned headpiece,0.0,1,0.8527030944824219,FP
Scenes 001-020__201E-2-_20230728112604212.mp4,Loki's dagger,0.0,0,0.0,TN
Scenes 001-020__201E-2-_20230728112604212.mp4,TVA Uniform,0.0,0,0.0,TN
Scenes 001-020__201E-2-_20230728112604212.mp4,Kid Loki Armor,0.0,0,0.0,TN
Scenes 001-020__201E-2-_20230728112604212.mp4,TVA Prisoner Uniform,0.0,0,0.0,TN
Scenes 001-020__201E-2-_20230728112604212.mp4,Loki's Variant uniform,0.0,0,0.0,TN
Scenes 001-020__201E-2-_20230728112604212.mp4,Sylvie's machete,0.0,0,0.0,TN
Scenes 001-020__201E-2-_20230728112604212.mp4,TVA Collar,0.0,0,0.0,TN
Scenes 001-020__201E-2-_20230728112604212.mp4,Ravonna Renslayer's Uniform,0.0,0,0.0,TN
Scenes 001-020__201E-2-_20230728112604212.mp4,TemPad,0.0,0,0.0,TN
Scenes 001-020__201E-2-_20230728112604212.mp4,Classic Loki Armor,0.0,0,0.0,TN
Scenes 001-020__106D-5-_20230815151758589.mp4,TVA Monitor,0.0,0,0.0,TN
Scenes 001-020__106D-5-_20230815151758589.mp4,Loki's Armor,1.0,0,0.0,FN
Scenes 001-020__106D-5-_20230815151758589.mp4,Aligator Loki Plushie,0.0,0,0.0,TN
Scenes 001-020__106D-5-_20230815151758589.mp4,Time Stick,0.0,0,0.0,TN
Scenes 001-020__106D-5-_20230815151758589.mp4,TimeSpear,0.0,0,0.0,TN
Scenes 001-020__106D-5-_20230815151758589.mp4,Sylvie's Armor,0.0,0,0.0,TN
Scenes 001-020__106D-5-_20230815151758589.mp4,Boastful Loki Armor,0.0,0,0.0,TN
Scenes 001-020__106D-5-_20230815151758589.mp4,Sylvie's horned headpiece,0.0,0,0.0,TN
Scenes 001-020__106D-5-_20230815151758589.mp4,Loki's dagger,0.0,0,0.0,TN
Scenes 001-020__106D-5-_20230815151758589.mp4,TVA Uniform,0.0,0,0.0,TN
Scenes 001-020__106D-5-_20230815151758589.mp4,Kid Loki Armor,0.0,0,0.0,TN
Scenes 001-020__106D-5-_20230815151758589.mp4,TVA Prisoner Uniform,0.0,0,0.0,TN
Scenes 001-020__106D-5-_20230815151758589.mp4,Loki's Variant uniform,0.0,1,0.8274597525596619,FP
Scenes 001-020__106D-5-_20230815151758589.mp4,Sylvie's machete,0.0,0,0.0,TN
Scenes 001-020__106D-5-_20230815151758589.mp4,TVA Collar,0.0,0,0.0,TN
Scenes 001-020__106D-5-_20230815151758589.mp4,Ravonna Renslayer's Uniform,0.0,0,0.0,TN
Scenes 001-020__106D-5-_20230815151758589.mp4,TemPad,0.0,0,0.0,TN
Scenes 001-020__106D-5-_20230815151758589.mp4,Classic Loki Armor,0.0,0,0.0,TN
Scenes 001-020__211J-2-_20230815190510721.mp4,TVA Monitor,0.0,0,0.0,TN
Scenes 001-020__211J-2-_20230815190510721.mp4,Loki's Armor,0.0,0,0.0,TN
Scenes 001-020__211J-2-_20230815190510721.mp4,Aligator Loki Plushie,0.0,0,0.0,TN
Scenes 001-020__211J-2-_20230815190510721.mp4,Time Stick,0.0,0,0.0,TN
Scenes 001-020__211J-2-_20230815190510721.mp4,TimeSpear,0.0,0,0.0,TN
Scenes 001-020__211J-2-_20230815190510721.mp4,Sylvie's Armor,0.0,0,0.0,TN
Scenes 001-020__211J-2-_20230815190510721.mp4,Boastful Loki Armor,0.0,0,0.0,TN
Scenes 001-020__211J-2-_20230815190510721.mp4,Sylvie's horned headpiece,0.0,0,0.0,TN
Scenes 001-020__211J-2-_20230815190510721.mp4,Loki's dagger,0.0,0,0.0,TN
Scenes 001-020__211J-2-_20230815190510721.mp4,TVA Uniform,0.0,0,0.0,TN
Scenes 001-020__211J-2-_20230815190510721.mp4,Kid Loki Armor,0.0,0,0.0,TN
Scenes 001-020__211J-2-_20230815190510721.mp4,TVA Prisoner Uniform,0.0,0,0.0,TN
Scenes 001-020__211J-2-_20230815190510721.mp4,Loki's Variant uniform,0.0,0,0.0,TN
Scenes 001-020__211J-2-_20230815190510721.mp4,Sylvie's machete,0.0,0,0.0,TN
Scenes 001-020__211J-2-_20230815190510721.mp4,TVA Collar,0.0,0,0.0,TN
Scenes 001-020__211J-2-_20230815190510721.mp4,Ravonna Renslayer's Uniform,0.0,0,0.0,TN
Scenes 001-020__211J-2-_20230815190510721.mp4,TemPad,0.0,0,0.0,TN
Scenes 001-020__211J-2-_20230815190510721.mp4,Classic Loki Armor,0.0,0,0.0,TN
Scenes 001-020__303L-1-_20230815223024888.mp4,TVA Monitor,0.0,0,0.0,TN
Scenes 001-020__303L-1-_20230815223024888.mp4,Loki's Armor,0.0,0,0.0,TN
Scenes 001-020__303L-1-_20230815223024888.mp4,Aligator Loki Plushie,0.0,0,0.0,TN
Scenes 001-020__303L-1-_20230815223024888.mp4,Time Stick,0.0,0,0.0,TN
Scenes 001-020__303L-1-_20230815223024888.mp4,TimeSpear,0.0,1,0.8546778559684753,FP
Scenes 001-020__303L-1-_20230815223024888.mp4,Sylvie's Armor,1.0,0,0.0,FN
Scenes 001-020__303L-1-_20230815223024888.mp4,Boastful Loki Armor,0.0,0,0.0,TN
Scenes 001-020__303L-1-_20230815223024888.mp4,Sylvie's horned headpiece,1.0,1,0.8040156364440918,TP
Scenes 001-020__303L-1-_20230815223024888.mp4,Loki's dagger,0.0,0,0.0,TN
Scenes 001-020__303L-1-_20230815223024888.mp4,TVA Uniform,0.0,0,0.0,TN
Scenes 001-020__303L-1-_20230815223024888.mp4,Kid Loki Armor,0.0,0,0.0,TN
Scenes 001-020__303L-1-_20230815223024888.mp4,TVA Prisoner Uniform,0.0,1,0.8841022849082947,FP
Scenes 001-020__303L-1-_20230815223024888.mp4,Loki's Variant uniform,1.0,0,0.0,FN
Scenes 001-020__303L-1-_20230815223024888.mp4,Sylvie's machete,0.0,0,0.0,TN
Scenes 001-020__303L-1-_20230815223024888.mp4,TVA Collar,0.0,0,0.0,TN
Scenes 001-020__303L-1-_20230815223024888.mp4,Ravonna Renslayer's Uniform,0.0,0,0.0,TN
Scenes 001-020__303L-1-_20230815223024888.mp4,TemPad,0.0,0,0.0,TN
Scenes 001-020__303L-1-_20230815223024888.mp4,Classic Loki Armor,0.0,0,0.0,TN
Scenes 001-020__211-1-_20230815190444533.mp4,TVA Monitor,0.0,0,0.0,TN
Scenes 001-020__211-1-_20230815190444533.mp4,Loki's Armor,0.0,0,0.0,TN
Scenes 001-020__211-1-_20230815190444533.mp4,Aligator Loki Plushie,0.0,0,0.0,TN
Scenes 001-020__211-1-_20230815190444533.mp4,Time Stick,0.0,0,0.0,TN
Scenes 001-020__211-1-_20230815190444533.mp4,TimeSpear,0.0,0,0.0,TN
Scenes 001-020__211-1-_20230815190444533.mp4,Sylvie's Armor,0.0,0,0.0,TN
Scenes 001-020__211-1-_20230815190444533.mp4,Boastful Loki Armor,0.0,0,0.0,TN
Scenes 001-020__211-1-_20230815190444533.mp4,Sylvie's horned headpiece,0.0,0,0.0,TN
Scenes 001-020__211-1-_20230815190444533.mp4,Loki's dagger,0.0,0,0.0,TN
Scenes 001-020__211-1-_20230815190444533.mp4,TVA Uniform,0.0,0,0.0,TN
Scenes 001-020__211-1-_20230815190444533.mp4,Kid Loki Armor,0.0,0,0.0,TN
Scenes 001-020__211-1-_20230815190444533.mp4,TVA Prisoner Uniform,0.0,0,0.0,TN
Scenes 001-020__211-1-_20230815190444533.mp4,Loki's Variant uniform,0.0,1,0.8182669281959534,FP
Scenes 001-020__211-1-_20230815190444533.mp4,Sylvie's machete,0.0,0,0.0,TN
Scenes 001-020__211-1-_20230815190444533.mp4,TVA Collar,0.0,0,0.0,TN
Scenes 001-020__211-1-_20230815190444533.mp4,Ravonna Renslayer's Uniform,1.0,1,0.8364633917808533,TP
Scenes 001-020__211-1-_20230815190444533.mp4,TemPad,0.0,0,0.0,TN
Scenes 001-020__211-1-_20230815190444533.mp4,Classic Loki Armor,0.0,0,0.0,TN
Scenes 001-020__220C-2-_20230815190657799.mp4,TVA Monitor,0.0,0,0.0,TN
Scenes 001-020__220C-2-_20230815190657799.mp4,Loki's Armor,0.0,0,0.0,TN
Scenes 001-020__220C-2-_20230815190657799.mp4,Aligator Loki Plushie,0.0,0,0.0,TN
Scenes 001-020__220C-2-_20230815190657799.mp4,Time Stick,0.0,0,0.0,TN
Scenes 001-020__220C-2-_20230815190657799.mp4,TimeSpear,0.0,0,0.0,TN
Scenes 001-020__220C-2-_20230815190657799.mp4,Sylvie's Armor,0.0,0,0.0,TN
Scenes 001-020__220C-2-_20230815190657799.mp4,Boastful Loki Armor,0.0,0,0.0,TN
Scenes 001-020__220C-2-_20230815190657799.mp4,Sylvie's horned headpiece,0.0,0,0.0,TN
Scenes 001-020__220C-2-_20230815190657799.mp4,Loki's dagger,0.0,0,0.0,TN
Scenes 001-020__220C-2-_20230815190657799.mp4,TVA Uniform,0.0,0,0.0,TN
Scenes 001-020__220C-2-_20230815190657799.mp4,Kid Loki Armor,0.0,0,0.0,TN
Scenes 001-020__220C-2-_20230815190657799.mp4,TVA Prisoner Uniform,0.0,0,0.0,TN
Scenes 001-020__220C-2-_20230815190657799.mp4,Loki's Variant uniform,0.0,0,0.0,TN
Scenes 001-020__220C-2-_20230815190657799.mp4,Sylvie's machete,0.0,0,0.0,TN
Scenes 001-020__220C-2-_20230815190657799.mp4,TVA Collar,0.0,0,0.0,TN
Scenes 001-020__220C-2-_20230815190657799.mp4,Ravonna Renslayer's Uniform,0.0,0,0.0,TN
Scenes 001-020__220C-2-_20230815190657799.mp4,TemPad,1.0,0,0.0,FN
Scenes 001-020__220C-2-_20230815190657799.mp4,Classic Loki Armor,0.0,0,0.0,TN
Scenes 021-040__137E-1-_20230815175038515.mp4,TVA Monitor,0.0,0,0.0,TN
Scenes 021-040__137E-1-_20230815175038515.mp4,Loki's Armor,0.0,0,0.0,TN
Scenes 021-040__137E-1-_20230815175038515.mp4,Aligator Loki Plushie,0.0,0,0.0,TN
Scenes 021-040__137E-1-_20230815175038515.mp4,Time Stick,0.0,0,0.0,TN
Scenes 021-040__137E-1-_20230815175038515.mp4,TimeSpear,0.0,1,0.8479610681533813,FP
Scenes 021-040__137E-1-_20230815175038515.mp4,Sylvie's Armor,0.0,0,0.0,TN
Scenes 021-040__137E-1-_20230815175038515.mp4,Boastful Loki Armor,0.0,0,0.0,TN
Scenes 021-040__137E-1-_20230815175038515.mp4,Sylvie's horned headpiece,0.0,0,0.0,TN
Scenes 021-040__137E-1-_20230815175038515.mp4,Loki's dagger,0.0,0,0.0,TN
Scenes 021-040__137E-1-_20230815175038515.mp4,TVA Uniform,0.0,0,0.0,TN
Scenes 021-040__137E-1-_20230815175038515.mp4,Kid Loki Armor,0.0,0,0.0,TN
Scenes 021-040__137E-1-_20230815175038515.mp4,TVA Prisoner Uniform,0.0,0,0.0,TN
Scenes 021-040__137E-1-_20230815175038515.mp4,Loki's Variant uniform,0.0,0,0.0,TN
Scenes 021-040__137E-1-_20230815175038515.mp4,Sylvie's machete,0.0,0,0.0,TN
Scenes 021-040__137E-1-_20230815175038515.mp4,TVA Collar,0.0,0,0.0,TN
Scenes 021-040__137E-1-_20230815175038515.mp4,Ravonna Renslayer's Uniform,0.0,0,0.0,TN
Scenes 021-040__137E-1-_20230815175038515.mp4,TemPad,0.0,0,0.0,TN
Scenes 021-040__137E-1-_20230815175038515.mp4,Classic Loki Armor,0.0,0,0.0,TN
Scenes 021-040__222-2-_20230815185458410.mp4,TVA Monitor,0.0,0,0.0,TN
Scenes 021-040__222-2-_20230815185458410.mp4,Loki's Armor,0.0,0,0.0,TN
Scenes 021-040__222-2-_20230815185458410.mp4,Aligator Loki Plushie,0.0,0,0.0,TN
Scenes 021-040__222-2-_20230815185458410.mp4,Time Stick,0.0,0,0.0,TN
Scenes 021-040__222-2-_20230815185458410.mp4,TimeSpear,0.0,0,0.0,TN
Scenes 021-040__222-2-_20230815185458410.mp4,Sylvie's Armor,0.0,0,0.0,TN
Scenes 021-040__222-2-_20230815185458410.mp4,Boastful Loki Armor,0.0,0,0.0,TN
Scenes 021-040__222-2-_20230815185458410.mp4,Sylvie's horned headpiece,0.0,0,0.0,TN
Scenes 021-040__222-2-_20230815185458410.mp4,Loki's dagger,0.0,0,0.0,TN
Scenes 021-040__222-2-_20230815185458410.mp4,TVA Uniform,1.0,0,0.0,FN
Scenes 021-040__222-2-_20230815185458410.mp4,Kid Loki Armor,0.0,0,0.0,TN
Scenes 021-040__222-2-_20230815185458410.mp4,TVA Prisoner Uniform,0.0,0,0.0,TN
Scenes 021-040__222-2-_20230815185458410.mp4,Loki's Variant uniform,0.0,0,0.0,TN
Scenes 021-040__222-2-_20230815185458410.mp4,Sylvie's machete,0.0,0,0.0,TN
Scenes 021-040__222-2-_20230815185458410.mp4,TVA Collar,0.0,0,0.0,TN
Scenes 021-040__222-2-_20230815185458410.mp4,Ravonna Renslayer's Uniform,0.0,0,0.0,TN
Scenes 021-040__222-2-_20230815185458410.mp4,TemPad,0.0,1,0.8267585039138794,FP
Scenes 021-040__222-2-_20230815185458410.mp4,Classic Loki Armor,0.0,0,0.0,TN
Scenes 041-060__156-5a- only pu_20230815181240389.mp4,TVA Monitor,0.0,0,0.0,TN
Scenes 041-060__156-5a- only pu_20230815181240389.mp4,Loki's Armor,0.0,0,0.0,TN
Scenes 041-060__156-5a- only pu_20230815181240389.mp4,Aligator Loki Plushie,0.0,0,0.0,TN
Scenes 041-060__156-5a- only pu_20230815181240389.mp4,Time Stick,0.0,0,0.0,TN
Scenes 041-060__156-5a- only pu_20230815181240389.mp4,TimeSpear,0.0,0,0.0,TN
Scenes 041-060__156-5a- only pu_20230815181240389.mp4,Sylvie's Armor,0.0,0,0.0,TN
Scenes 041-060__156-5a- only pu_20230815181240389.mp4,Boastful Loki Armor,0.0,0,0.0,TN
Scenes 041-060__156-5a- only pu_20230815181240389.mp4,Sylvie's horned headpiece,0.0,0,0.0,TN
Scenes 041-060__156-5a- only pu_20230815181240389.mp4,Loki's dagger,0.0,0,0.0,TN
Scenes 041-060__156-5a- only pu_20230815181240389.mp4,TVA Uniform,0.0,0,0.0,TN
Scenes 041-060__156-5a- only pu_20230815181240389.mp4,Kid Loki Armor,0.0,0,0.0,TN
Scenes 041-060__156-5a- only pu_20230815181240389.mp4,TVA Prisoner Uniform,1.0,1,0.9683164358139038,TP
Scenes 041-060__156-5a- only pu_20230815181240389.mp4,Loki's Variant uniform,0.0,0,0.0,TN
Scenes 041-060__156-5a- only pu_20230815181240389.mp4,Sylvie's machete,0.0,0,0.0,TN
Scenes 041-060__156-5a- only pu_20230815181240389.mp4,TVA Collar,1.0,1,0.9722591638565063,TP
Scenes 041-060__156-5a- only pu_20230815181240389.mp4,Ravonna Renslayer's Uniform,0.0,0,0.0,TN
Scenes 041-060__156-5a- only pu_20230815181240389.mp4,TemPad,0.0,1,0.8403160572052002,FP
Scenes 041-060__156-5a- only pu_20230815181240389.mp4,Classic Loki Armor,0.0,0,0.0,TN
Scenes 021-040__235E-1-_20230815192718146.mp4,TVA Monitor,0.0,0,0.0,TN
Scenes 021-040__235E-1-_20230815192718146.mp4,Loki's Armor,0.0,0,0.0,TN
Scenes 021-040__235E-1-_20230815192718146.mp4,Aligator Loki Plushie,0.0,0,0.0,TN
Scenes 021-040__235E-1-_20230815192718146.mp4,Time Stick,0.0,0,0.0,TN
Scenes 021-040__235E-1-_20230815192718146.mp4,TimeSpear,0.0,0,0.0,TN
Scenes 021-040__235E-1-_20230815192718146.mp4,Sylvie's Armor,0.0,0,0.0,TN
Scenes 021-040__235E-1-_20230815192718146.mp4,Boastful Loki Armor,0.0,0,0.0,TN
Scenes 021-040__235E-1-_20230815192718146.mp4,Sylvie's horned headpiece,0.0,0,0.0,TN
Scenes 021-040__235E-1-_20230815192718146.mp4,Loki's dagger,0.0,0,0.0,TN
Scenes 021-040__235E-1-_20230815192718146.mp4,TVA Uniform,0.0,0,0.0,TN
Scenes 021-040__235E-1-_20230815192718146.mp4,Kid Loki Armor,0.0,0,0.0,TN
Scenes 021-040__235E-1-_20230815192718146.mp4,TVA Prisoner Uniform,0.0,0,0.0,TN
Scenes 021-040__235E-1-_20230815192718146.mp4,Loki's Variant uniform,0.0,0,0.0,TN
Scenes 021-040__235E-1-_20230815192718146.mp4,Sylvie's machete,0.0,0,0.0,TN
Scenes 021-040__235E-1-_20230815192718146.mp4,TVA Collar,0.0,0,0.0,TN
Scenes 021-040__235E-1-_20230815192718146.mp4,Ravonna Renslayer's Uniform,0.0,0,0.0,TN
Scenes 021-040__235E-1-_20230815192718146.mp4,TemPad,0.0,0,0.0,TN
Scenes 021-040__235E-1-_20230815192718146.mp4,Classic Loki Armor,0.0,0,0.0,TN
Scenes 021-040__226A-1-_20230815185254846.mp4,TVA Monitor,0.0,0,0.0,TN
Scenes 021-040__226A-1-_20230815185254846.mp4,Loki's Armor,0.0,0,0.0,TN
Scenes 021-040__226A-1-_20230815185254846.mp4,Aligator Loki Plushie,0.0,0,0.0,TN
Scenes 021-040__226A-1-_20230815185254846.mp4,Time Stick,0.0,0,0.0,TN
Scenes 021-040__226A-1-_20230815185254846.mp4,TimeSpear,0.0,0,0.0,TN
Scenes 021-040__226A-1-_20230815185254846.mp4,Sylvie's Armor,0.0,0,0.0,TN
Scenes 021-040__226A-1-_20230815185254846.mp4,Boastful Loki Armor,0.0,0,0.0,TN
Scenes 021-040__226A-1-_20230815185254846.mp4,Sylvie's horned headpiece,0.0,0,0.0,TN
Scenes 021-040__226A-1-_20230815185254846.mp4,Loki's dagger,0.0,0,0.0,TN
Scenes 021-040__226A-1-_20230815185254846.mp4,TVA Uniform,0.0,0,0.0,TN
Scenes 021-040__226A-1-_20230815185254846.mp4,Kid Loki Armor,0.0,0,0.0,TN
Scenes 021-040__226A-1-_20230815185254846.mp4,TVA Prisoner Uniform,0.0,0,0.0,TN
Scenes 021-040__226A-1-_20230815185254846.mp4,Loki's Variant uniform,0.0,0,0.0,TN
Scenes 021-040__226A-1-_20230815185254846.mp4,Sylvie's machete,0.0,1,0.834409236907959,FP
Scenes 021-040__226A-1-_20230815185254846.mp4,TVA Collar,0.0,0,0.0,TN
Scenes 021-040__226A-1-_20230815185254846.mp4,Ravonna Renslayer's Uniform,0.0,0,0.0,TN
Scenes 021-040__226A-1-_20230815185254846.mp4,TemPad,0.0,0,0.0,TN
Scenes 021-040__226A-1-_20230815185254846.mp4,Classic Loki Armor,0.0,0,0.0,TN
Scenes 001-020__317-9-_20230815232900331.mp4,TVA Monitor,0.0,0,0.0,TN
Scenes 001-020__317-9-_20230815232900331.mp4,Loki's Armor,0.0,0,0.0,TN
Scenes 001-020__317-9-_20230815232900331.mp4,Aligator Loki Plushie,0.0,0,0.0,TN
Scenes 001-020__317-9-_20230815232900331.mp4,Time Stick,0.0,0,0.0,TN
Scenes 001-020__317-9-_20230815232900331.mp4,TimeSpear,0.0,0,0.0,TN
Scenes 001-020__317-9-_20230815232900331.mp4,Sylvie's Armor,1.0,0,0.0,FN
Scenes 001-020__317-9-_20230815232900331.mp4,Boastful Loki Armor,0.0,0,0.0,TN
Scenes 001-020__317-9-_20230815232900331.mp4,Sylvie's horned headpiece,0.0,0,0.0,TN
Scenes 001-020__317-9-_20230815232900331.mp4,Loki's dagger,0.0,0,0.0,TN
Scenes 001-020__317-9-_20230815232900331.mp4,TVA Uniform,0.0,0,0.0,TN
Scenes 001-020__317-9-_20230815232900331.mp4,Kid Loki Armor,0.0,0,0.0,TN
Scenes 001-020__317-9-_20230815232900331.mp4,TVA Prisoner Uniform,0.0,0,0.0,TN
Scenes 001-020__317-9-_20230815232900331.mp4,Loki's Variant uniform,0.0,0,0.0,TN
Scenes 001-020__317-9-_20230815232900331.mp4,Sylvie's machete,0.0,0,0.0,TN
Scenes 001-020__317-9-_20230815232900331.mp4,TVA Collar,0.0,0,0.0,TN
Scenes 001-020__317-9-_20230815232900331.mp4,Ravonna Renslayer's Uniform,0.0,0,0.0,TN
Scenes 001-020__317-9-_20230815232900331.mp4,TemPad,0.0,0,0.0,TN
Scenes 001-020__317-9-_20230815232900331.mp4,Classic Loki Armor,0.0,0,0.0,TN
Scenes 001-020__205A-1ng_b REH_20230815183433032.mp4,TVA Monitor,0.0,0,0.0,TN
Scenes 001-020__205A-1ng_b REH_20230815183433032.mp4,Loki's Armor,0.0,0,0.0,TN
Scenes 001-020__205A-1ng_b REH_20230815183433032.mp4,Aligator Loki Plushie,0.0,0,0.0,TN
Scenes 001-020__205A-1ng_b REH_20230815183433032.mp4,Time Stick,0.0,0,0.0,TN
Scenes 001-020__205A-1ng_b REH_20230815183433032.mp4,TimeSpear,0.0,0,0.0,TN
Scenes 001-020__205A-1ng_b REH_20230815183433032.mp4,Sylvie's Armor,0.0,0,0.0,TN
Scenes 001-020__205A-1ng_b REH_20230815183433032.mp4,Boastful Loki Armor,0.0,0,0.0,TN
Scenes 001-020__205A-1ng_b REH_20230815183433032.mp4,Sylvie's horned headpiece,0.0,0,0.0,TN
Scenes 001-020__205A-1ng_b REH_20230815183433032.mp4,Loki's dagger,0.0,0,0.0,TN
Scenes 001-020__205A-1ng_b REH_20230815183433032.mp4,TVA Uniform,1.0,0,0.0,FN
Scenes 001-020__205A-1ng_b REH_20230815183433032.mp4,Kid Loki Armor,0.0,0,0.0,TN
Scenes 001-020__205A-1ng_b REH_20230815183433032.mp4,TVA Prisoner Uniform,0.0,0,0.0,TN
Scenes 001-020__205A-1ng_b REH_20230815183433032.mp4,Loki's Variant uniform,0.0,0,0.0,TN
Scenes 001-020__205A-1ng_b REH_20230815183433032.mp4,Sylvie's machete,0.0,0,0.0,TN
Scenes 001-020__205A-1ng_b REH_20230815183433032.mp4,TVA Collar,0.0,0,0.0,TN
Scenes 001-020__205A-1ng_b REH_20230815183433032.mp4,Ravonna Renslayer's Uniform,0.0,0,0.0,TN
Scenes 001-020__205A-1ng_b REH_20230815183433032.mp4,TemPad,1.0,1,0.9284252524375916,TP
Scenes 001-020__205A-1ng_b REH_20230815183433032.mp4,Classic Loki Armor,0.0,0,0.0,TN
Scenes 001-020__504K-1-_20230816050602143.mp4,TVA Monitor,0.0,0,0.0,TN
Scenes 001-020__504K-1-_20230816050602143.mp4,Loki's Armor,0.0,0,0.0,TN
Scenes 001-020__504K-1-_20230816050602143.mp4,Aligator Loki Plushie,0.0,0,0.0,TN
Scenes 001-020__504K-1-_20230816050602143.mp4,Time Stick,0.0,0,0.0,TN
Scenes 001-020__504K-1-_20230816050602143.mp4,TimeSpear,1.0,0,0.0,FN
Scenes 001-020__504K-1-_20230816050602143.mp4,Sylvie's Armor,1.0,0,0.0,FN
Scenes 001-020__504K-1-_20230816050602143.mp4,Boastful Loki Armor,0.0,0,0.0,TN
Scenes 001-020__504K-1-_20230816050602143.mp4,Sylvie's horned headpiece,0.0,0,0.0,TN
Scenes 001-020__504K-1-_20230816050602143.mp4,Loki's dagger,0.0,0,0.0,TN
Scenes 001-020__504K-1-_20230816050602143.mp4,TVA Uniform,0.0,0,0.0,TN
Scenes 001-020__504K-1-_20230816050602143.mp4,Kid Loki Armor,0.0,0,0.0,TN
Scenes 001-020__504K-1-_20230816050602143.mp4,TVA Prisoner Uniform,0.0,0,0.0,TN
Scenes 001-020__504K-1-_20230816050602143.mp4,Loki's Variant uniform,0.0,1,0.8003050088882446,FP
Scenes 001-020__504K-1-_20230816050602143.mp4,Sylvie's machete,0.0,0,0.0,TN
Scenes 001-020__504K-1-_20230816050602143.mp4,TVA Collar,0.0,0,0.0,TN
Scenes 001-020__504K-1-_20230816050602143.mp4,Ravonna Renslayer's Uniform,1.0,0,0.0,FN
Scenes 001-020__504K-1-_20230816050602143.mp4,TemPad,1.0,1,0.8731653094291687,TP
Scenes 001-020__504K-1-_20230816050602143.mp4,Classic Loki Armor,0.0,0,0.0,TN
Scenes 041-060__254B-3-_20230815193228103.mp4,TVA Monitor,0.0,0,0.0,TN
Scenes 041-060__254B-3-_20230815193228103.mp4,Loki's Armor,0.0,0,0.0,TN
Scenes 041-060__254B-3-_20230815193228103.mp4,Aligator Loki Plushie,0.0,0,0.0,TN
Scenes 041-060__254B-3-_20230815193228103.mp4,Time Stick,1.0,0,0.0,FN
Scenes 041-060__254B-3-_20230815193228103.mp4,TimeSpear,0.0,0,0.0,TN
Scenes 041-060__254B-3-_20230815193228103.mp4,Sylvie's Armor,0.0,0,0.0,TN
Scenes 041-060__254B-3-_20230815193228103.mp4,Boastful Loki Armor,0.0,0,0.0,TN
Scenes 041-060__254B-3-_20230815193228103.mp4,Sylvie's horned headpiece,0.0,0,0.0,TN
Scenes 041-060__254B-3-_20230815193228103.mp4,Loki's dagger,0.0,0,0.0,TN
Scenes 041-060__254B-3-_20230815193228103.mp4,TVA Uniform,1.0,0,0.0,FN
Scenes 041-060__254B-3-_20230815193228103.mp4,Kid Loki Armor,0.0,0,0.0,TN
Scenes 041-060__254B-3-_20230815193228103.mp4,TVA Prisoner Uniform,0.0,0,0.0,TN
Scenes 041-060__254B-3-_20230815193228103.mp4,Loki's Variant uniform,0.0,0,0.0,TN
Scenes 041-060__254B-3-_20230815193228103.mp4,Sylvie's machete,0.0,0,0.0,TN
Scenes 041-060__254B-3-_20230815193228103.mp4,TVA Collar,0.0,0,0.0,TN
Scenes 041-060__254B-3-_20230815193228103.mp4,Ravonna Renslayer's Uniform,0.0,0,0.0,TN
Scenes 041-060__254B-3-_20230815193228103.mp4,TemPad,0.0,0,0.0,TN
Scenes 041-060__254B-3-_20230815193228103.mp4,Classic Loki Armor,0.0,0,0.0,TN
Scenes 001-020__305C-1_20230815193534665.mp4,TVA Monitor,0.0,0,0.0,TN
Scenes 001-020__305C-1_20230815193534665.mp4,Loki's Armor,0.0,0,0.0,TN
Scenes 001-020__305C-1_20230815193534665.mp4,Aligator Loki Plushie,0.0,0,0.0,TN
Scenes 001-020__305C-1_20230815193534665.mp4,Time Stick,0.0,0,0.0,TN
Scenes 001-020__305C-1_20230815193534665.mp4,TimeSpear,0.0,0,0.0,TN
Scenes 001-020__305C-1_20230815193534665.mp4,Sylvie's Armor,1.0,0,0.0,FN
Scenes 001-020__305C-1_20230815193534665.mp4,Boastful Loki Armor,0.0,0,0.0,TN
Scenes 001-020__305C-1_20230815193534665.mp4,Sylvie's horned headpiece,1.0,0,0.0,FN
Scenes 001-020__305C-1_20230815193534665.mp4,Loki's dagger,0.0,0,0.0,TN
Scenes 001-020__305C-1_20230815193534665.mp4,TVA Uniform,0.0,0,0.0,TN
Scenes 001-020__305C-1_20230815193534665.mp4,Kid Loki Armor,0.0,0,0.0,TN
Scenes 001-020__305C-1_20230815193534665.mp4,TVA Prisoner Uniform,0.0,0,0.0,TN
Scenes 001-020__305C-1_20230815193534665.mp4,Loki's Variant uniform,1.0,0,0.0,FN
Scenes 001-020__305C-1_20230815193534665.mp4,Sylvie's machete,0.0,0,0.0,TN
Scenes 001-020__305C-1_20230815193534665.mp4,TVA Collar,0.0,0,0.0,TN
Scenes 001-020__305C-1_20230815193534665.mp4,Ravonna Renslayer's Uniform,0.0,0,0.0,TN
Scenes 001-020__305C-1_20230815193534665.mp4,TemPad,0.0,0,0.0,TN
Scenes 001-020__305C-1_20230815193534665.mp4,Classic Loki Armor,0.0,0,0.0,TN
Scenes 001-020__502-2- mos_20230815182925767.mp4,TVA Monitor,0.0,0,0.0,TN
Scenes 001-020__502-2- mos_20230815182925767.mp4,Loki's Armor,0.0,0,0.0,TN
Scenes 001-020__502-2- mos_20230815182925767.mp4,Aligator Loki Plushie,0.0,0,0.0,TN
Scenes 001-020__502-2- mos_20230815182925767.mp4,Time Stick,0.0,0,0.0,TN
Scenes 001-020__502-2- mos_20230815182925767.mp4,TimeSpear,0.0,0,0.0,TN
Scenes 001-020__502-2- mos_20230815182925767.mp4,Sylvie's Armor,0.0,0,0.0,TN
Scenes 001-020__502-2- mos_20230815182925767.mp4,Boastful Loki Armor,0.0,0,0.0,TN
Scenes 001-020__502-2- mos_20230815182925767.mp4,Sylvie's horned headpiece,0.0,0,0.0,TN
Scenes 001-020__502-2- mos_20230815182925767.mp4,Loki's dagger,0.0,0,0.0,TN
Scenes 001-020__502-2- mos_20230815182925767.mp4,TVA Uniform,0.0,0,0.0,TN
Scenes 001-020__502-2- mos_20230815182925767.mp4,Kid Loki Armor,0.0,0,0.0,TN
Scenes 001-020__502-2- mos_20230815182925767.mp4,TVA Prisoner Uniform,0.0,0,0.0,TN
Scenes 001-020__502-2- mos_20230815182925767.mp4,Loki's Variant uniform,0.0,0,0.0,TN
Scenes 001-020__502-2- mos_20230815182925767.mp4,Sylvie's machete,0.0,0,0.0,TN
Scenes 001-020__502-2- mos_20230815182925767.mp4,TVA Collar,0.0,0,0.0,TN
Scenes 001-020__502-2- mos_20230815182925767.mp4,Ravonna Renslayer's Uniform,0.0,0,0.0,TN
Scenes 001-020__502-2- mos_20230815182925767.mp4,TemPad,0.0,0,0.0,TN
Scenes 001-020__502-2- mos_20230815182925767.mp4,Classic Loki Armor,0.0,0,0.0,TN
Scenes 001-020__213-3-_20230815180738197.mp4,TVA Monitor,0.0,0,0.0,TN
Scenes 001-020__213-3-_20230815180738197.mp4,Loki's Armor,0.0,0,0.0,TN
Scenes 001-020__213-3-_20230815180738197.mp4,Aligator Loki Plushie,0.0,0,0.0,TN
Scenes 001-020__213-3-_20230815180738197.mp4,Time Stick,0.0,0,0.0,TN
Scenes 001-020__213-3-_20230815180738197.mp4,TimeSpear,0.0,0,0.0,TN
Scenes 001-020__213-3-_20230815180738197.mp4,Sylvie's Armor,0.0,0,0.0,TN
Scenes 001-020__213-3-_20230815180738197.mp4,Boastful Loki Armor,0.0,0,0.0,TN
Scenes 001-020__213-3-_20230815180738197.mp4,Sylvie's horned headpiece,0.0,1,0.8147655725479126,FP
Scenes 001-020__213-3-_20230815180738197.mp4,Loki's dagger,0.0,0,0.0,TN
Scenes 001-020__213-3-_20230815180738197.mp4,TVA Uniform,0.0,0,0.0,TN
Scenes 001-020__213-3-_20230815180738197.mp4,Kid Loki Armor,0.0,0,0.0,TN
Scenes 001-020__213-3-_20230815180738197.mp4,TVA Prisoner Uniform,0.0,0,0.0,TN
Scenes 001-020__213-3-_20230815180738197.mp4,Loki's Variant uniform,1.0,1,0.8766905069351196,TP
Scenes 001-020__213-3-_20230815180738197.mp4,Sylvie's machete,0.0,0,0.0,TN
Scenes 001-020__213-3-_20230815180738197.mp4,TVA Collar,0.0,0,0.0,TN
Scenes 001-020__213-3-_20230815180738197.mp4,Ravonna Renslayer's Uniform,0.0,0,0.0,TN
Scenes 001-020__213-3-_20230815180738197.mp4,TemPad,0.0,1,0.8276951909065247,FP
Scenes 001-020__213-3-_20230815180738197.mp4,Classic Loki Armor,0.0,0,0.0,TN
Scenes 061-080__265H-2-_20230815215828529.mp4,TVA Monitor,0.0,0,0.0,TN
Scenes 061-080__265H-2-_20230815215828529.mp4,Loki's Armor,0.0,0,0.0,TN
Scenes 061-080__265H-2-_20230815215828529.mp4,Aligator Loki Plushie,0.0,0,0.0,TN
Scenes 061-080__265H-2-_20230815215828529.mp4,Time Stick,1.0,1,0.9353567957878113,TP
Scenes 061-080__265H-2-_20230815215828529.mp4,TimeSpear,0.0,0,0.0,TN
Scenes 061-080__265H-2-_20230815215828529.mp4,Sylvie's Armor,0.0,0,0.0,TN
Scenes 061-080__265H-2-_20230815215828529.mp4,Boastful Loki Armor,0.0,0,0.0,TN
Scenes 061-080__265H-2-_20230815215828529.mp4,Sylvie's horned headpiece,1.0,1,0.9113321900367737,TP
Scenes 061-080__265H-2-_20230815215828529.mp4,Loki's dagger,0.0,0,0.0,TN
Scenes 061-080__265H-2-_20230815215828529.mp4,TVA Uniform,1.0,1,0.9316793084144592,TP
Scenes 061-080__265H-2-_20230815215828529.mp4,Kid Loki Armor,0.0,0,0.0,TN
Scenes 061-080__265H-2-_20230815215828529.mp4,TVA Prisoner Uniform,0.0,0,0.0,TN
Scenes 061-080__265H-2-_20230815215828529.mp4,Loki's Variant uniform,0.0,0,0.0,TN
Scenes 061-080__265H-2-_20230815215828529.mp4,Sylvie's machete,0.0,0,0.0,TN
Scenes 061-080__265H-2-_20230815215828529.mp4,TVA Collar,0.0,0,0.0,TN
Scenes 061-080__265H-2-_20230815215828529.mp4,Ravonna Renslayer's Uniform,0.0,0,0.0,TN
Scenes 061-080__265H-2-_20230815215828529.mp4,TemPad,0.0,0,0.0,TN
Scenes 061-080__265H-2-_20230815215828529.mp4,Classic Loki Armor,0.0,0,0.0,TN
Scenes 041-060__157C-2- pu_20230815175939817.mp4,TVA Monitor,0.0,0,0.0,TN
Scenes 041-060__157C-2- pu_20230815175939817.mp4,Loki's Armor,0.0,0,0.0,TN
Scenes 041-060__157C-2- pu_20230815175939817.mp4,Aligator Loki Plushie,0.0,0,0.0,TN
Scenes 041-060__157C-2- pu_20230815175939817.mp4,Time Stick,0.0,0,0.0,TN
Scenes 041-060__157C-2- pu_20230815175939817.mp4,TimeSpear,0.0,0,0.0,TN
Scenes 041-060__157C-2- pu_20230815175939817.mp4,Sylvie's Armor,0.0,0,0.0,TN
Scenes 041-060__157C-2- pu_20230815175939817.mp4,Boastful Loki Armor,0.0,0,0.0,TN
Scenes 041-060__157C-2- pu_20230815175939817.mp4,Sylvie's horned headpiece,0.0,0,0.0,TN
Scenes 041-060__157C-2- pu_20230815175939817.mp4,Loki's dagger,0.0,0,0.0,TN
Scenes 041-060__157C-2- pu_20230815175939817.mp4,TVA Uniform,0.0,0,0.0,TN
Scenes 041-060__157C-2- pu_20230815175939817.mp4,Kid Loki Armor,0.0,0,0.0,TN
Scenes 041-060__157C-2- pu_20230815175939817.mp4,TVA Prisoner Uniform,1.0,0,0.0,FN
Scenes 041-060__157C-2- pu_20230815175939817.mp4,Loki's Variant uniform,0.0,0,0.0,TN
Scenes 041-060__157C-2- pu_20230815175939817.mp4,Sylvie's machete,0.0,0,0.0,TN
Scenes 041-060__157C-2- pu_20230815175939817.mp4,TVA Collar,0.0,0,0.0,TN
Scenes 041-060__157C-2- pu_20230815175939817.mp4,Ravonna Renslayer's Uniform,0.0,0,0.0,TN
Scenes 041-060__157C-2- pu_20230815175939817.mp4,TemPad,0.0,0,0.0,TN
Scenes 041-060__157C-2- pu_20230815175939817.mp4,Classic Loki Armor,0.0,0,0.0,TN
Scenes 001-020__306E-1-_20230815201829547.mp4,TVA Monitor,0.0,0,0.0,TN
Scenes 001-020__306E-1-_20230815201829547.mp4,Loki's Armor,0.0,0,0.0,TN
Scenes 001-020__306E-1-_20230815201829547.mp4,Aligator Loki Plushie,0.0,1,0.8026199340820312,FP
Scenes 001-020__306E-1-_20230815201829547.mp4,Time Stick,0.0,0,0.0,TN
Scenes 001-020__306E-1-_20230815201829547.mp4,TimeSpear,0.0,0,0.0,TN
Scenes 001-020__306E-1-_20230815201829547.mp4,Sylvie's Armor,0.0,0,0.0,TN
Scenes 001-020__306E-1-_20230815201829547.mp4,Boastful Loki Armor,0.0,0,0.0,TN
Scenes 001-020__306E-1-_20230815201829547.mp4,Sylvie's horned headpiece,1.0,0,0.0,FN
Scenes 001-020__306E-1-_20230815201829547.mp4,Loki's dagger,0.0,0,0.0,TN
Scenes 001-020__306E-1-_20230815201829547.mp4,TVA Uniform,0.0,0,0.0,TN
Scenes 001-020__306E-1-_20230815201829547.mp4,Kid Loki Armor,0.0,0,0.0,TN
Scenes 001-020__306E-1-_20230815201829547.mp4,TVA Prisoner Uniform,0.0,0,0.0,TN
Scenes 001-020__306E-1-_20230815201829547.mp4,Loki's Variant uniform,1.0,0,0.0,FN
Scenes 001-020__306E-1-_20230815201829547.mp4,Sylvie's machete,0.0,1,0.811873733997345,FP
Scenes 001-020__306E-1-_20230815201829547.mp4,TVA Collar,0.0,0,0.0,TN
Scenes 001-020__306E-1-_20230815201829547.mp4,Ravonna Renslayer's Uniform,0.0,0,0.0,TN
Scenes 001-020__306E-1-_20230815201829547.mp4,TemPad,0.0,0,0.0,TN
Scenes 001-020__306E-1-_20230815201829547.mp4,Classic Loki Armor,0.0,0,0.0,TN
Scenes 001-020__108E-1-_20230727173710924.mp4,TVA Monitor,0.0,0,0.0,TN
Scenes 001-020__108E-1-_20230727173710924.mp4,Loki's Armor,1.0,1,0.9529220461845398,TP
Scenes 001-020__108E-1-_20230727173710924.mp4,Aligator Loki Plushie,0.0,0,0.0,TN
Scenes 001-020__108E-1-_20230727173710924.mp4,Time Stick,1.0,1,0.8278859257698059,TP
Scenes 001-020__108E-1-_20230727173710924.mp4,TimeSpear,0.0,0,0.0,TN
Scenes 001-020__108E-1-_20230727173710924.mp4,Sylvie's Armor,0.0,0,0.0,TN
Scenes 001-020__108E-1-_20230727173710924.mp4,Boastful Loki Armor,0.0,0,0.0,TN
Scenes 001-020__108E-1-_20230727173710924.mp4,Sylvie's horned headpiece,0.0,0,0.0,TN
Scenes 001-020__108E-1-_20230727173710924.mp4,Loki's dagger,0.0,0,0.0,TN
Scenes 001-020__108E-1-_20230727173710924.mp4,TVA Uniform,1.0,1,0.9443860650062561,TP
Scenes 001-020__108E-1-_20230727173710924.mp4,Kid Loki Armor,0.0,0,0.0,TN
Scenes 001-020__108E-1-_20230727173710924.mp4,TVA Prisoner Uniform,0.0,0,0.0,TN
Scenes 001-020__108E-1-_20230727173710924.mp4,Loki's Variant uniform,0.0,1,0.8169644474983215,FP
Scenes 001-020__108E-1-_20230727173710924.mp4,Sylvie's machete,0.0,0,0.0,TN
Scenes 001-020__108E-1-_20230727173710924.mp4,TVA Collar,1.0,1,0.9543686509132385,TP
Scenes 001-020__108E-1-_20230727173710924.mp4,Ravonna Renslayer's Uniform,0.0,0,0.0,TN
Scenes 001-020__108E-1-_20230727173710924.mp4,TemPad,0.0,1,0.8838943839073181,FP
Scenes 001-020__108E-1-_20230727173710924.mp4,Classic Loki Armor,0.0,0,0.0,TN
Scenes 041-060__156A-2-_20230815181902814.mp4,TVA Monitor,0.0,0,0.0,TN
Scenes 041-060__156A-2-_20230815181902814.mp4,Loki's Armor,0.0,0,0.0,TN
Scenes 041-060__156A-2-_20230815181902814.mp4,Aligator Loki Plushie,0.0,0,0.0,TN
Scenes 041-060__156A-2-_20230815181902814.mp4,Time Stick,1.0,0,0.0,FN
Scenes 041-060__156A-2-_20230815181902814.mp4,TimeSpear,0.0,0,0.0,TN
Scenes 041-060__156A-2-_20230815181902814.mp4,Sylvie's Armor,0.0,0,0.0,TN
Scenes 041-060__156A-2-_20230815181902814.mp4,Boastful Loki Armor,0.0,0,0.0,TN
Scenes 041-060__156A-2-_20230815181902814.mp4,Sylvie's horned headpiece,0.0,0,0.0,TN
Scenes 041-060__156A-2-_20230815181902814.mp4,Loki's dagger,0.0,0,0.0,TN
Scenes 041-060__156A-2-_20230815181902814.mp4,TVA Uniform,1.0,1,0.8337101340293884,TP
Scenes 041-060__156A-2-_20230815181902814.mp4,Kid Loki Armor,0.0,0,0.0,TN
Scenes 041-060__156A-2-_20230815181902814.mp4,TVA Prisoner Uniform,0.0,0,0.0,TN
Scenes 041-060__156A-2-_20230815181902814.mp4,Loki's Variant uniform,0.0,0,0.0,TN
Scenes 041-060__156A-2-_20230815181902814.mp4,Sylvie's machete,0.0,0,0.0,TN
Scenes 041-060__156A-2-_20230815181902814.mp4,TVA Collar,0.0,0,0.0,TN
Scenes 041-060__156A-2-_20230815181902814.mp4,Ravonna Renslayer's Uniform,0.0,0,0.0,TN
Scenes 041-060__156A-2-_20230815181902814.mp4,TemPad,1.0,1,0.8229098320007324,TP
Scenes 041-060__156A-2-_20230815181902814.mp4,Classic Loki Armor,0.0,0,0.0,TN
Scenes 001-020__106E-1- mos_20230727162142209.mp4,TVA Monitor,0.0,0,0.0,TN
Scenes 001-020__106E-1- mos_20230727162142209.mp4,Loki's Armor,0.0,0,0.0,TN
Scenes 001-020__106E-1- mos_20230727162142209.mp4,Aligator Loki Plushie,0.0,0,0.0,TN
Scenes 001-020__106E-1- mos_20230727162142209.mp4,Time Stick,0.0,0,0.0,TN
Scenes 001-020__106E-1- mos_20230727162142209.mp4,TimeSpear,0.0,0,0.0,TN
Scenes 001-020__106E-1- mos_20230727162142209.mp4,Sylvie's Armor,0.0,0,0.0,TN
Scenes 001-020__106E-1- mos_20230727162142209.mp4,Boastful Loki Armor,0.0,0,0.0,TN
Scenes 001-020__106E-1- mos_20230727162142209.mp4,Sylvie's horned headpiece,0.0,0,0.0,TN
Scenes 001-020__106E-1- mos_20230727162142209.mp4,Loki's dagger,0.0,0,0.0,TN
Scenes 001-020__106E-1- mos_20230727162142209.mp4,TVA Uniform,0.0,0,0.0,TN
Scenes 001-020__106E-1- mos_20230727162142209.mp4,Kid Loki Armor,0.0,0,0.0,TN
Scenes 001-020__106E-1- mos_20230727162142209.mp4,TVA Prisoner Uniform,0.0,1,0.8863712549209595,FP
Scenes 001-020__106E-1- mos_20230727162142209.mp4,Loki's Variant uniform,0.0,0,0.0,TN
Scenes 001-020__106E-1- mos_20230727162142209.mp4,Sylvie's machete,0.0,0,0.0,TN
Scenes 001-020__106E-1- mos_20230727162142209.mp4,TVA Collar,0.0,0,0.0,TN
Scenes 001-020__106E-1- mos_20230727162142209.mp4,Ravonna Renslayer's Uniform,0.0,0,0.0,TN
Scenes 001-020__106E-1- mos_20230727162142209.mp4,TemPad,0.0,0,0.0,TN
Scenes 001-020__106E-1- mos_20230727162142209.mp4,Classic Loki Armor,0.0,0,0.0,TN
Scenes 001-020__201K-1-_20230815184646280.mp4,TVA Monitor,0.0,0,0.0,TN
Scenes 001-020__201K-1-_20230815184646280.mp4,Loki's Armor,0.0,0,0.0,TN
Scenes 001-020__201K-1-_20230815184646280.mp4,Aligator Loki Plushie,0.0,0,0.0,TN
Scenes 001-020__201K-1-_20230815184646280.mp4,Time Stick,0.0,0,0.0,TN
Scenes 001-020__201K-1-_20230815184646280.mp4,TimeSpear,0.0,0,0.0,TN
Scenes 001-020__201K-1-_20230815184646280.mp4,Sylvie's Armor,0.0,0,0.0,TN
Scenes 001-020__201K-1-_20230815184646280.mp4,Boastful Loki Armor,0.0,0,0.0,TN
Scenes 001-020__201K-1-_20230815184646280.mp4,Sylvie's horned headpiece,0.0,1,0.8738377094268799,FP
Scenes 001-020__201K-1-_20230815184646280.mp4,Loki's dagger,0.0,0,0.0,TN
Scenes 001-020__201K-1-_20230815184646280.mp4,TVA Uniform,0.0,0,0.0,TN
Scenes 001-020__201K-1-_20230815184646280.mp4,Kid Loki Armor,0.0,0,0.0,TN
Scenes 001-020__201K-1-_20230815184646280.mp4,TVA Prisoner Uniform,0.0,0,0.0,TN
Scenes 001-020__201K-1-_20230815184646280.mp4,Loki's Variant uniform,0.0,0,0.0,TN
Scenes 001-020__201K-1-_20230815184646280.mp4,Sylvie's machete,0.0,0,0.0,TN
Scenes 001-020__201K-1-_20230815184646280.mp4,TVA Collar,0.0,0,0.0,TN
Scenes 001-020__201K-1-_20230815184646280.mp4,Ravonna Renslayer's Uniform,0.0,0,0.0,TN
Scenes 001-020__201K-1-_20230815184646280.mp4,TemPad,0.0,0,0.0,TN
Scenes 001-020__201K-1-_20230815184646280.mp4,Classic Loki Armor,0.0,0,0.0,TN
Scenes 001-020__303N-2-_20230815223401735.mp4,TVA Monitor,0.0,0,0.0,TN
Scenes 001-020__303N-2-_20230815223401735.mp4,Loki's Armor,0.0,0,0.0,TN
Scenes 001-020__303N-2-_20230815223401735.mp4,Aligator Loki Plushie,0.0,0,0.0,TN
Scenes 001-020__303N-2-_20230815223401735.mp4,Time Stick,0.0,0,0.0,TN
Scenes 001-020__303N-2-_20230815223401735.mp4,TimeSpear,0.0,0,0.0,TN
Scenes 001-020__303N-2-_20230815223401735.mp4,Sylvie's Armor,0.0,0,0.0,TN
Scenes 001-020__303N-2-_20230815223401735.mp4,Boastful Loki Armor,0.0,0,0.0,TN
Scenes 001-020__303N-2-_20230815223401735.mp4,Sylvie's horned headpiece,0.0,0,0.0,TN
Scenes 001-020__303N-2-_20230815223401735.mp4,Loki's dagger,0.0,0,0.0,TN
Scenes 001-020__303N-2-_20230815223401735.mp4,TVA Uniform,0.0,0,0.0,TN
Scenes 001-020__303N-2-_20230815223401735.mp4,Kid Loki Armor,0.0,0,0.0,TN
Scenes 001-020__303N-2-_20230815223401735.mp4,TVA Prisoner Uniform,0.0,0,0.0,TN
Scenes 001-020__303N-2-_20230815223401735.mp4,Loki's Variant uniform,0.0,0,0.0,TN
Scenes 001-020__303N-2-_20230815223401735.mp4,Sylvie's machete,0.0,0,0.0,TN
Scenes 001-020__303N-2-_20230815223401735.mp4,TVA Collar,0.0,0,0.0,TN
Scenes 001-020__303N-2-_20230815223401735.mp4,Ravonna Renslayer's Uniform,0.0,0,0.0,TN
Scenes 001-020__303N-2-_20230815223401735.mp4,TemPad,0.0,0,0.0,TN
Scenes 001-020__303N-2-_20230815223401735.mp4,Classic Loki Armor,0.0,0,0.0,TN
Scenes 021-040__235C-2- mos_20230815192640043.mp4,TVA Monitor,0.0,0,0.0,TN
Scenes 021-040__235C-2- mos_20230815192640043.mp4,Loki's Armor,0.0,0,0.0,TN
Scenes 021-040__235C-2- mos_20230815192640043.mp4,Aligator Loki Plushie,0.0,0,0.0,TN
Scenes 021-040__235C-2- mos_20230815192640043.mp4,Time Stick,0.0,0,0.0,TN
Scenes 021-040__235C-2- mos_20230815192640043.mp4,TimeSpear,0.0,0,0.0,TN
Scenes 021-040__235C-2- mos_20230815192640043.mp4,Sylvie's Armor,0.0,0,0.0,TN
Scenes 021-040__235C-2- mos_20230815192640043.mp4,Boastful Loki Armor,0.0,0,0.0,TN
Scenes 021-040__235C-2- mos_20230815192640043.mp4,Sylvie's horned headpiece,0.0,0,0.0,TN
Scenes 021-040__235C-2- mos_20230815192640043.mp4,Loki's dagger,0.0,0,0.0,TN
Scenes 021-040__235C-2- mos_20230815192640043.mp4,TVA Uniform,0.0,0,0.0,TN
Scenes 021-040__235C-2- mos_20230815192640043.mp4,Kid Loki Armor,0.0,0,0.0,TN
Scenes 021-040__235C-2- mos_20230815192640043.mp4,TVA Prisoner Uniform,0.0,0,0.0,TN
Scenes 021-040__235C-2- mos_20230815192640043.mp4,Loki's Variant uniform,0.0,0,0.0,TN
Scenes 021-040__235C-2- mos_20230815192640043.mp4,Sylvie's machete,0.0,0,0.0,TN
Scenes 021-040__235C-2- mos_20230815192640043.mp4,TVA Collar,0.0,0,0.0,TN
Scenes 021-040__235C-2- mos_20230815192640043.mp4,Ravonna Renslayer's Uniform,0.0,0,0.0,TN
Scenes 021-040__235C-2- mos_20230815192640043.mp4,TemPad,0.0,1,0.8135167360305786,FP
Scenes 021-040__235C-2- mos_20230815192640043.mp4,Classic Loki Armor,0.0,0,0.0,TN
Scenes 061-080__165A-1-_20230815180241405.mp4,TVA Monitor,0.0,0,0.0,TN
Scenes 061-080__165A-1-_20230815180241405.mp4,Loki's Armor,0.0,0,0.0,TN
Scenes 061-080__165A-1-_20230815180241405.mp4,Aligator Loki Plushie,0.0,0,0.0,TN
Scenes 061-080__165A-1-_20230815180241405.mp4,Time Stick,1.0,0,0.0,FN
Scenes 061-080__165A-1-_20230815180241405.mp4,TimeSpear,0.0,0,0.0,TN
Scenes 061-080__165A-1-_20230815180241405.mp4,Sylvie's Armor,0.0,0,0.0,TN
Scenes 061-080__165A-1-_20230815180241405.mp4,Boastful Loki Armor,0.0,0,0.0,TN
Scenes 061-080__165A-1-_20230815180241405.mp4,Sylvie's horned headpiece,0.0,0,0.0,TN
Scenes 061-080__165A-1-_20230815180241405.mp4,Loki's dagger,0.0,0,0.0,TN
Scenes 061-080__165A-1-_20230815180241405.mp4,TVA Uniform,0.0,0,0.0,TN
Scenes 061-080__165A-1-_20230815180241405.mp4,Kid Loki Armor,0.0,0,0.0,TN
Scenes 061-080__165A-1-_20230815180241405.mp4,TVA Prisoner Uniform,1.0,0,0.0,FN
Scenes 061-080__165A-1-_20230815180241405.mp4,Loki's Variant uniform,0.0,0,0.0,TN
Scenes 061-080__165A-1-_20230815180241405.mp4,Sylvie's machete,0.0,0,0.0,TN
Scenes 061-080__165A-1-_20230815180241405.mp4,TVA Collar,0.0,1,0.8117963075637817,FP
Scenes 061-080__165A-1-_20230815180241405.mp4,Ravonna Renslayer's Uniform,0.0,0,0.0,TN
Scenes 061-080__165A-1-_20230815180241405.mp4,TemPad,0.0,1,0.8196427822113037,FP
Scenes 061-080__165A-1-_20230815180241405.mp4,Classic Loki Armor,0.0,0,0.0,TN
Scenes 001-020__101B-1-_20230726152900590.mp4,TVA Monitor,0.0,0,0.0,TN
Scenes 001-020__101B-1-_20230726152900590.mp4,Loki's Armor,1.0,1,0.9400151968002319,TP
Scenes 001-020__101B-1-_20230726152900590.mp4,Aligator Loki Plushie,0.0,0,0.0,TN
Scenes 001-020__101B-1-_20230726152900590.mp4,Time Stick,0.0,0,0.0,TN
Scenes 001-020__101B-1-_20230726152900590.mp4,TimeSpear,0.0,0,0.0,TN
Scenes 001-020__101B-1-_20230726152900590.mp4,Sylvie's Armor,0.0,0,0.0,TN
Scenes 001-020__101B-1-_20230726152900590.mp4,Boastful Loki Armor,0.0,0,0.0,TN
Scenes 001-020__101B-1-_20230726152900590.mp4,Sylvie's horned headpiece,0.0,0,0.0,TN
Scenes 001-020__101B-1-_20230726152900590.mp4,Loki's dagger,0.0,0,0.0,TN
Scenes 001-020__101B-1-_20230726152900590.mp4,TVA Uniform,0.0,0,0.0,TN
Scenes 001-020__101B-1-_20230726152900590.mp4,Kid Loki Armor,0.0,0,0.0,TN
Scenes 001-020__101B-1-_20230726152900590.mp4,TVA Prisoner Uniform,0.0,0,0.0,TN
Scenes 001-020__101B-1-_20230726152900590.mp4,Loki's Variant uniform,0.0,0,0.0,TN
Scenes 001-020__101B-1-_20230726152900590.mp4,Sylvie's machete,0.0,0,0.0,TN
Scenes 001-020__101B-1-_20230726152900590.mp4,TVA Collar,0.0,0,0.0,TN
Scenes 001-020__101B-1-_20230726152900590.mp4,Ravonna Renslayer's Uniform,0.0,0,0.0,TN
Scenes 001-020__101B-1-_20230726152900590.mp4,TemPad,0.0,0,0.0,TN
Scenes 001-020__101B-1-_20230726152900590.mp4,Classic Loki Armor,0.0,0,0.0,TN
Scenes 021-040__440H-2b-_20230816031331933.mp4,TVA Monitor,0.0,0,0.0,TN
Scenes 021-040__440H-2b-_20230816031331933.mp4,Loki's Armor,0.0,0,0.0,TN
Scenes 021-040__440H-2b-_20230816031331933.mp4,Aligator Loki Plushie,0.0,1,0.8387625813484192,FP
Scenes 021-040__440H-2b-_20230816031331933.mp4,Time Stick,0.0,0,0.0,TN
Scenes 021-040__440H-2b-_20230816031331933.mp4,TimeSpear,1.0,0,0.0,FN
Scenes 021-040__440H-2b-_20230816031331933.mp4,Sylvie's Armor,1.0,0,0.0,FN
Scenes 021-040__440H-2b-_20230816031331933.mp4,Boastful Loki Armor,0.0,0,0.0,TN
Scenes 021-040__440H-2b-_20230816031331933.mp4,Sylvie's horned headpiece,0.0,0,0.0,TN
Scenes 021-040__440H-2b-_20230816031331933.mp4,Loki's dagger,0.0,0,0.0,TN
Scenes 021-040__440H-2b-_20230816031331933.mp4,TVA Uniform,0.0,0,0.0,TN
Scenes 021-040__440H-2b-_20230816031331933.mp4,Kid Loki Armor,0.0,0,0.0,TN
Scenes 021-040__440H-2b-_20230816031331933.mp4,TVA Prisoner Uniform,0.0,0,0.0,TN
Scenes 021-040__440H-2b-_20230816031331933.mp4,Loki's Variant uniform,0.0,0,0.0,TN
Scenes 021-040__440H-2b-_20230816031331933.mp4,Sylvie's machete,1.0,1,0.9253334999084473,TP
Scenes 021-040__440H-2b-_20230816031331933.mp4,TVA Collar,0.0,0,0.0,TN
Scenes 021-040__440H-2b-_20230816031331933.mp4,Ravonna Renslayer's Uniform,1.0,0,0.0,FN
Scenes 021-040__440H-2b-_20230816031331933.mp4,TemPad,0.0,0,0.0,TN
Scenes 021-040__440H-2b-_20230816031331933.mp4,Classic Loki Armor,0.0,0,0.0,TN
Scenes 021-040__529C-1- mos_20230816070604261.mp4,TVA Monitor,0.0,0,0.0,TN
Scenes 021-040__529C-1- mos_20230816070604261.mp4,Loki's Armor,0.0,0,0.0,TN
Scenes 021-040__529C-1- mos_20230816070604261.mp4,Aligator Loki Plushie,1.0,1,0.963299572467804,TP
Scenes 021-040__529C-1- mos_20230816070604261.mp4,Time Stick,0.0,0,0.0,TN
Scenes 021-040__529C-1- mos_20230816070604261.mp4,TimeSpear,0.0,0,0.0,TN
Scenes 021-040__529C-1- mos_20230816070604261.mp4,Sylvie's Armor,0.0,0,0.0,TN
Scenes 021-040__529C-1- mos_20230816070604261.mp4,Boastful Loki Armor,0.0,0,0.0,TN
Scenes 021-040__529C-1- mos_20230816070604261.mp4,Sylvie's horned headpiece,0.0,0,0.0,TN
Scenes 021-040__529C-1- mos_20230816070604261.mp4,Loki's dagger,0.0,0,0.0,TN
Scenes 021-040__529C-1- mos_20230816070604261.mp4,TVA Uniform,0.0,0,0.0,TN
Scenes 021-040__529C-1- mos_20230816070604261.mp4,Kid Loki Armor,0.0,0,0.0,TN
Scenes 021-040__529C-1- mos_20230816070604261.mp4,TVA Prisoner Uniform,0.0,0,0.0,TN
Scenes 021-040__529C-1- mos_20230816070604261.mp4,Loki's Variant uniform,0.0,0,0.0,TN
Scenes 021-040__529C-1- mos_20230816070604261.mp4,Sylvie's machete,0.0,0,0.0,TN
Scenes 021-040__529C-1- mos_20230816070604261.mp4,TVA Collar,0.0,0,0.0,TN
Scenes 021-040__529C-1- mos_20230816070604261.mp4,Ravonna Renslayer's Uniform,0.0,0,0.0,TN
Scenes 021-040__529C-1- mos_20230816070604261.mp4,TemPad,0.0,0,0.0,TN
Scenes 021-040__529C-1- mos_20230816070604261.mp4,Classic Loki Armor,0.0,0,0.0,TN
Scenes 001-020__201L-1-_20230728112628503.mp4,TVA Monitor,0.0,0,0.0,TN
Scenes 001-020__201L-1-_20230728112628503.mp4,Loki's Armor,0.0,0,0.0,TN
Scenes 001-020__201L-1-_20230728112628503.mp4,Aligator Loki Plushie,0.0,0,0.0,TN
Scenes 001-020__201L-1-_20230728112628503.mp4,Time Stick,0.0,0,0.0,TN
Scenes 001-020__201L-1-_20230728112628503.mp4,TimeSpear,0.0,0,0.0,TN
Scenes 001-020__201L-1-_20230728112628503.mp4,Sylvie's Armor,0.0,0,0.0,TN
Scenes 001-020__201L-1-_20230728112628503.mp4,Boastful Loki Armor,0.0,0,0.0,TN
Scenes 001-020__201L-1-_20230728112628503.mp4,Sylvie's horned headpiece,0.0,0,0.0,TN
Scenes 001-020__201L-1-_20230728112628503.mp4,Loki's dagger,0.0,0,0.0,TN
Scenes 001-020__201L-1-_20230728112628503.mp4,TVA Uniform,0.0,0,0.0,TN
Scenes 001-020__201L-1-_20230728112628503.mp4,Kid Loki Armor,0.0,0,0.0,TN
Scenes 001-020__201L-1-_20230728112628503.mp4,TVA Prisoner Uniform,0.0,0,0.0,TN
Scenes 001-020__201L-1-_20230728112628503.mp4,Loki's Variant uniform,0.0,1,0.8436704874038696,FP
Scenes 001-020__201L-1-_20230728112628503.mp4,Sylvie's machete,0.0,0,0.0,TN
Scenes 001-020__201L-1-_20230728112628503.mp4,TVA Collar,0.0,0,0.0,TN
Scenes 001-020__201L-1-_20230728112628503.mp4,Ravonna Renslayer's Uniform,0.0,0,0.0,TN
Scenes 001-020__201L-1-_20230728112628503.mp4,TemPad,0.0,0,0.0,TN
Scenes 001-020__201L-1-_20230728112628503.mp4,Classic Loki Armor,0.0,0,0.0,TN
Scenes 001-020__306B-5-_20230815201805729.mp4,TVA Monitor,0.0,0,0.0,TN
Scenes 001-020__306B-5-_20230815201805729.mp4,Loki's Armor,0.0,0,0.0,TN
Scenes 001-020__306B-5-_20230815201805729.mp4,Aligator Loki Plushie,0.0,0,0.0,TN
Scenes 001-020__306B-5-_20230815201805729.mp4,Time Stick,0.0,0,0.0,TN
Scenes 001-020__306B-5-_20230815201805729.mp4,TimeSpear,0.0,0,0.0,TN
Scenes 001-020__306B-5-_20230815201805729.mp4,Sylvie's Armor,1.0,0,0.0,FN
Scenes 001-020__306B-5-_20230815201805729.mp4,Boastful Loki Armor,0.0,0,0.0,TN
Scenes 001-020__306B-5-_20230815201805729.mp4,Sylvie's horned headpiece,1.0,1,0.8350245356559753,TP
Scenes 001-020__306B-5-_20230815201805729.mp4,Loki's dagger,0.0,0,0.0,TN
Scenes 001-020__306B-5-_20230815201805729.mp4,TVA Uniform,0.0,0,0.0,TN
Scenes 001-020__306B-5-_20230815201805729.mp4,Kid Loki Armor,0.0,0,0.0,TN
Scenes 001-020__306B-5-_20230815201805729.mp4,TVA Prisoner Uniform,0.0,0,0.0,TN
Scenes 001-020__306B-5-_20230815201805729.mp4,Loki's Variant uniform,1.0,0,0.0,FN
Scenes 001-020__306B-5-_20230815201805729.mp4,Sylvie's machete,0.0,1,0.8903948068618774,FP
Scenes 001-020__306B-5-_20230815201805729.mp4,TVA Collar,0.0,0,0.0,TN
Scenes 001-020__306B-5-_20230815201805729.mp4,Ravonna Renslayer's Uniform,0.0,0,0.0,TN
Scenes 001-020__306B-5-_20230815201805729.mp4,TemPad,0.0,0,0.0,TN
Scenes 001-020__306B-5-_20230815201805729.mp4,Classic Loki Armor,0.0,0,0.0,TN
Scenes 001-020__309-3-_20230815150109755.mp4,TVA Monitor,0.0,0,0.0,TN
Scenes 001-020__309-3-_20230815150109755.mp4,Loki's Armor,0.0,0,0.0,TN
Scenes 001-020__309-3-_20230815150109755.mp4,Aligator Loki Plushie,0.0,0,0.0,TN
Scenes 001-020__309-3-_20230815150109755.mp4,Time Stick,0.0,0,0.0,TN
Scenes 001-020__309-3-_20230815150109755.mp4,TimeSpear,0.0,0,0.0,TN
Scenes 001-020__309-3-_20230815150109755.mp4,Sylvie's Armor,1.0,0,0.0,FN
Scenes 001-020__309-3-_20230815150109755.mp4,Boastful Loki Armor,0.0,0,0.0,TN
Scenes 001-020__309-3-_20230815150109755.mp4,Sylvie's horned headpiece,1.0,1,0.8110091090202332,TP
Scenes 001-020__309-3-_20230815150109755.mp4,Loki's dagger,0.0,0,0.0,TN
Scenes 001-020__309-3-_20230815150109755.mp4,TVA Uniform,0.0,0,0.0,TN
Scenes 001-020__309-3-_20230815150109755.mp4,Kid Loki Armor,0.0,0,0.0,TN
Scenes 001-020__309-3-_20230815150109755.mp4,TVA Prisoner Uniform,0.0,0,0.0,TN
Scenes 001-020__309-3-_20230815150109755.mp4,Loki's Variant uniform,1.0,0,0.0,FN
Scenes 001-020__309-3-_20230815150109755.mp4,Sylvie's machete,0.0,1,0.8611319661140442,FP
Scenes 001-020__309-3-_20230815150109755.mp4,TVA Collar,0.0,0,0.0,TN
Scenes 001-020__309-3-_20230815150109755.mp4,Ravonna Renslayer's Uniform,0.0,0,0.0,TN
Scenes 001-020__309-3-_20230815150109755.mp4,TemPad,0.0,0,0.0,TN
Scenes 001-020__309-3-_20230815150109755.mp4,Classic Loki Armor,0.0,0,0.0,TN
Scenes 041-060__411D-1- mos_20230816005120796.mp4,TVA Monitor,0.0,0,0.0,TN
Scenes 041-060__411D-1- mos_20230816005120796.mp4,Loki's Armor,0.0,0,0.0,TN
Scenes 041-060__411D-1- mos_20230816005120796.mp4,Aligator Loki Plushie,0.0,0,0.0,TN
Scenes 041-060__411D-1- mos_20230816005120796.mp4,Time Stick,0.0,0,0.0,TN
Scenes 041-060__411D-1- mos_20230816005120796.mp4,TimeSpear,0.0,0,0.0,TN
Scenes 041-060__411D-1- mos_20230816005120796.mp4,Sylvie's Armor,0.0,0,0.0,TN
Scenes 041-060__411D-1- mos_20230816005120796.mp4,Boastful Loki Armor,0.0,0,0.0,TN
Scenes 041-060__411D-1- mos_20230816005120796.mp4,Sylvie's horned headpiece,0.0,0,0.0,TN
Scenes 041-060__411D-1- mos_20230816005120796.mp4,Loki's dagger,0.0,0,0.0,TN
Scenes 041-060__411D-1- mos_20230816005120796.mp4,TVA Uniform,0.0,0,0.0,TN
Scenes 041-060__411D-1- mos_20230816005120796.mp4,Kid Loki Armor,0.0,0,0.0,TN
Scenes 041-060__411D-1- mos_20230816005120796.mp4,TVA Prisoner Uniform,0.0,0,0.0,TN
Scenes 041-060__411D-1- mos_20230816005120796.mp4,Loki's Variant uniform,0.0,0,0.0,TN
Scenes 041-060__411D-1- mos_20230816005120796.mp4,Sylvie's machete,0.0,0,0.0,TN
Scenes 041-060__411D-1- mos_20230816005120796.mp4,TVA Collar,0.0,0,0.0,TN
Scenes 041-060__411D-1- mos_20230816005120796.mp4,Ravonna Renslayer's Uniform,0.0,0,0.0,TN
Scenes 041-060__411D-1- mos_20230816005120796.mp4,TemPad,0.0,0,0.0,TN
Scenes 041-060__411D-1- mos_20230816005120796.mp4,Classic Loki Armor,0.0,0,0.0,TN
Scenes 021-040__221-4-_20230815180803766.mp4,TVA Monitor,0.0,0,0.0,TN
Scenes 021-040__221-4-_20230815180803766.mp4,Loki's Armor,0.0,0,0.0,TN
Scenes 021-040__221-4-_20230815180803766.mp4,Aligator Loki Plushie,0.0,0,0.0,TN
Scenes 021-040__221-4-_20230815180803766.mp4,Time Stick,0.0,0,0.0,TN
Scenes 021-040__221-4-_20230815180803766.mp4,TimeSpear,0.0,0,0.0,TN
Scenes 021-040__221-4-_20230815180803766.mp4,Sylvie's Armor,0.0,0,0.0,TN
Scenes 021-040__221-4-_20230815180803766.mp4,Boastful Loki Armor,0.0,0,0.0,TN
Scenes 021-040__221-4-_20230815180803766.mp4,Sylvie's horned headpiece,0.0,0,0.0,TN
Scenes 021-040__221-4-_20230815180803766.mp4,Loki's dagger,0.0,1,0.8226989507675171,FP
Scenes 021-040__221-4-_20230815180803766.mp4,TVA Uniform,0.0,0,0.0,TN
Scenes 021-040__221-4-_20230815180803766.mp4,Kid Loki Armor,0.0,0,0.0,TN
Scenes 021-040__221-4-_20230815180803766.mp4,TVA Prisoner Uniform,0.0,0,0.0,TN
Scenes 021-040__221-4-_20230815180803766.mp4,Loki's Variant uniform,1.0,1,0.9195982217788696,TP
Scenes 021-040__221-4-_20230815180803766.mp4,Sylvie's machete,0.0,0,0.0,TN
Scenes 021-040__221-4-_20230815180803766.mp4,TVA Collar,0.0,0,0.0,TN
Scenes 021-040__221-4-_20230815180803766.mp4,Ravonna Renslayer's Uniform,0.0,0,0.0,TN
Scenes 021-040__221-4-_20230815180803766.mp4,TemPad,0.0,1,0.857505202293396,FP
Scenes 021-040__221-4-_20230815180803766.mp4,Classic Loki Armor,0.0,0,0.0,TN
Scenes 001-020__110C-1-_20230728125333457.mp4,TVA Monitor,1.0,1,0.9682509899139404,TP
Scenes 001-020__110C-1-_20230728125333457.mp4,Loki's Armor,0.0,0,0.0,TN
Scenes 001-020__110C-1-_20230728125333457.mp4,Aligator Loki Plushie,0.0,0,0.0,TN
Scenes 001-020__110C-1-_20230728125333457.mp4,Time Stick,0.0,0,0.0,TN
Scenes 001-020__110C-1-_20230728125333457.mp4,TimeSpear,0.0,0,0.0,TN
Scenes 001-020__110C-1-_20230728125333457.mp4,Sylvie's Armor,0.0,0,0.0,TN
Scenes 001-020__110C-1-_20230728125333457.mp4,Boastful Loki Armor,0.0,0,0.0,TN
Scenes 001-020__110C-1-_20230728125333457.mp4,Sylvie's horned headpiece,0.0,0,0.0,TN
Scenes 001-020__110C-1-_20230728125333457.mp4,Loki's dagger,0.0,0,0.0,TN
Scenes 001-020__110C-1-_20230728125333457.mp4,TVA Uniform,0.0,0,0.0,TN
Scenes 001-020__110C-1-_20230728125333457.mp4,Kid Loki Armor,0.0,0,0.0,TN
Scenes 001-020__110C-1-_20230728125333457.mp4,TVA Prisoner Uniform,0.0,0,0.0,TN
Scenes 001-020__110C-1-_20230728125333457.mp4,Loki's Variant uniform,0.0,0,0.0,TN
Scenes 001-020__110C-1-_20230728125333457.mp4,Sylvie's machete,0.0,0,0.0,TN
Scenes 001-020__110C-1-_20230728125333457.mp4,TVA Collar,0.0,0,0.0,TN
Scenes 001-020__110C-1-_20230728125333457.mp4,Ravonna Renslayer's Uniform,0.0,0,0.0,TN
Scenes 001-020__110C-1-_20230728125333457.mp4,TemPad,0.0,1,0.8074002265930176,FP
Scenes 001-020__110C-1-_20230728125333457.mp4,Classic Loki Armor,0.0,0,0.0,TN
Scenes 001-020__112P-5- mos_20230728143243774.mp4,TVA Monitor,0.0,0,0.0,TN
Scenes 001-020__112P-5- mos_20230728143243774.mp4,Loki's Armor,0.0,0,0.0,TN
Scenes 001-020__112P-5- mos_20230728143243774.mp4,Aligator Loki Plushie,0.0,0,0.0,TN
Scenes 001-020__112P-5- mos_20230728143243774.mp4,Time Stick,0.0,0,0.0,TN
Scenes 001-020__112P-5- mos_20230728143243774.mp4,TimeSpear,0.0,0,0.0,TN
Scenes 001-020__112P-5- mos_20230728143243774.mp4,Sylvie's Armor,0.0,0,0.0,TN
Scenes 001-020__112P-5- mos_20230728143243774.mp4,Boastful Loki Armor,0.0,0,0.0,TN
Scenes 001-020__112P-5- mos_20230728143243774.mp4,Sylvie's horned headpiece,0.0,0,0.0,TN
Scenes 001-020__112P-5- mos_20230728143243774.mp4,Loki's dagger,0.0,0,0.0,TN
Scenes 001-020__112P-5- mos_20230728143243774.mp4,TVA Uniform,0.0,0,0.0,TN
Scenes 001-020__112P-5- mos_20230728143243774.mp4,Kid Loki Armor,0.0,0,0.0,TN
Scenes 001-020__112P-5- mos_20230728143243774.mp4,TVA Prisoner Uniform,1.0,1,0.8693149089813232,TP
Scenes 001-020__112P-5- mos_20230728143243774.mp4,Loki's Variant uniform,0.0,0,0.0,TN
Scenes 001-020__112P-5- mos_20230728143243774.mp4,Sylvie's machete,0.0,0,0.0,TN
Scenes 001-020__112P-5- mos_20230728143243774.mp4,TVA Collar,0.0,0,0.0,TN
Scenes 001-020__112P-5- mos_20230728143243774.mp4,Ravonna Renslayer's Uniform,0.0,0,0.0,TN
Scenes 001-020__112P-5- mos_20230728143243774.mp4,TemPad,0.0,0,0.0,TN
Scenes 001-020__112P-5- mos_20230728143243774.mp4,Classic Loki Armor,0.0,0,0.0,TN
Scenes 041-060__238A-2-_20230815193138550.mp4,TVA Monitor,0.0,0,0.0,TN
Scenes 041-060__238A-2-_20230815193138550.mp4,Loki's Armor,0.0,0,0.0,TN
Scenes 041-060__238A-2-_20230815193138550.mp4,Aligator Loki Plushie,0.0,0,0.0,TN
Scenes 041-060__238A-2-_20230815193138550.mp4,Time Stick,0.0,0,0.0,TN
Scenes 041-060__238A-2-_20230815193138550.mp4,TimeSpear,0.0,0,0.0,TN
Scenes 041-060__238A-2-_20230815193138550.mp4,Sylvie's Armor,0.0,0,0.0,TN
Scenes 041-060__238A-2-_20230815193138550.mp4,Boastful Loki Armor,0.0,0,0.0,TN
Scenes 041-060__238A-2-_20230815193138550.mp4,Sylvie's horned headpiece,0.0,0,0.0,TN
Scenes 041-060__238A-2-_20230815193138550.mp4,Loki's dagger,0.0,0,0.0,TN
Scenes 041-060__238A-2-_20230815193138550.mp4,TVA Uniform,1.0,0,0.0,FN
Scenes 041-060__238A-2-_20230815193138550.mp4,Kid Loki Armor,0.0,0,0.0,TN
Scenes 041-060__238A-2-_20230815193138550.mp4,TVA Prisoner Uniform,0.0,0,0.0,TN
Scenes 041-060__238A-2-_20230815193138550.mp4,Loki's Variant uniform,0.0,0,0.0,TN
Scenes 041-060__238A-2-_20230815193138550.mp4,Sylvie's machete,0.0,0,0.0,TN
Scenes 041-060__238A-2-_20230815193138550.mp4,TVA Collar,0.0,0,0.0,TN
Scenes 041-060__238A-2-_20230815193138550.mp4,Ravonna Renslayer's Uniform,0.0,0,0.0,TN
Scenes 041-060__238A-2-_20230815193138550.mp4,TemPad,0.0,0,0.0,TN
Scenes 041-060__238A-2-_20230815193138550.mp4,Classic Loki Armor,0.0,0,0.0,TN
Scenes 041-060__238B-1-_20230815193151869.mp4,TVA Monitor,0.0,0,0.0,TN
Scenes 041-060__238B-1-_20230815193151869.mp4,Loki's Armor,0.0,0,0.0,TN
Scenes 041-060__238B-1-_20230815193151869.mp4,Aligator Loki Plushie,0.0,0,0.0,TN
Scenes 041-060__238B-1-_20230815193151869.mp4,Time Stick,0.0,0,0.0,TN
Scenes 041-060__238B-1-_20230815193151869.mp4,TimeSpear,0.0,0,0.0,TN
Scenes 041-060__238B-1-_20230815193151869.mp4,Sylvie's Armor,0.0,0,0.0,TN
Scenes 041-060__238B-1-_20230815193151869.mp4,Boastful Loki Armor,0.0,0,0.0,TN
Scenes 041-060__238B-1-_20230815193151869.mp4,Sylvie's horned headpiece,0.0,0,0.0,TN
Scenes 041-060__238B-1-_20230815193151869.mp4,Loki's dagger,0.0,0,0.0,TN
Scenes 041-060__238B-1-_20230815193151869.mp4,TVA Uniform,1.0,0,0.0,FN
Scenes 041-060__238B-1-_20230815193151869.mp4,Kid Loki Armor,0.0,0,0.0,TN
Scenes 041-060__238B-1-_20230815193151869.mp4,TVA Prisoner Uniform,0.0,0,0.0,TN
Scenes 041-060__238B-1-_20230815193151869.mp4,Loki's Variant uniform,0.0,0,0.0,TN
Scenes 041-060__238B-1-_20230815193151869.mp4,Sylvie's machete,0.0,0,0.0,TN
Scenes 041-060__238B-1-_20230815193151869.mp4,TVA Collar,0.0,0,0.0,TN
Scenes 041-060__238B-1-_20230815193151869.mp4,Ravonna Renslayer's Uniform,0.0,0,0.0,TN
Scenes 041-060__238B-1-_20230815193151869.mp4,TemPad,0.0,0,0.0,TN
Scenes 041-060__238B-1-_20230815193151869.mp4,Classic Loki Armor,0.0,0,0.0,TN
Scenes 001-020__319-9_20230815201611576.mp4,TVA Monitor,0.0,0,0.0,TN
Scenes 001-020__319-9_20230815201611576.mp4,Loki's Armor,0.0,0,0.0,TN
Scenes 001-020__319-9_20230815201611576.mp4,Aligator Loki Plushie,0.0,1,0.842120349407196,FP
Scenes 001-020__319-9_20230815201611576.mp4,Time Stick,0.0,0,0.0,TN
Scenes 001-020__319-9_20230815201611576.mp4,TimeSpear,0.0,0,0.0,TN
Scenes 001-020__319-9_20230815201611576.mp4,Sylvie's Armor,1.0,0,0.0,FN
Scenes 001-020__319-9_20230815201611576.mp4,Boastful Loki Armor,0.0,0,0.0,TN
Scenes 001-020__319-9_20230815201611576.mp4,Sylvie's horned headpiece,0.0,0,0.0,TN
Scenes 001-020__319-9_20230815201611576.mp4,Loki's dagger,0.0,0,0.0,TN
Scenes 001-020__319-9_20230815201611576.mp4,TVA Uniform,0.0,0,0.0,TN
Scenes 001-020__319-9_20230815201611576.mp4,Kid Loki Armor,0.0,0,0.0,TN
Scenes 001-020__319-9_20230815201611576.mp4,TVA Prisoner Uniform,0.0,0,0.0,TN
Scenes 001-020__319-9_20230815201611576.mp4,Loki's Variant uniform,0.0,0,0.0,TN
Scenes 001-020__319-9_20230815201611576.mp4,Sylvie's machete,0.0,0,0.0,TN
Scenes 001-020__319-9_20230815201611576.mp4,TVA Collar,0.0,0,0.0,TN
Scenes 001-020__319-9_20230815201611576.mp4,Ravonna Renslayer's Uniform,0.0,0,0.0,TN
Scenes 001-020__319-9_20230815201611576.mp4,TemPad,0.0,0,0.0,TN
Scenes 001-020__319-9_20230815201611576.mp4,Classic Loki Armor,0.0,0,0.0,TN
Scenes 001-020__504T-3-_20230816050753649.mp4,TVA Monitor,0.0,0,0.0,TN
Scenes 001-020__504T-3-_20230816050753649.mp4,Loki's Armor,0.0,0,0.0,TN
Scenes 001-020__504T-3-_20230816050753649.mp4,Aligator Loki Plushie,0.0,0,0.0,TN
Scenes 001-020__504T-3-_20230816050753649.mp4,Time Stick,0.0,0,0.0,TN
Scenes 001-020__504T-3-_20230816050753649.mp4,TimeSpear,1.0,1,0.971289336681366,TP
Scenes 001-020__504T-3-_20230816050753649.mp4,Sylvie's Armor,1.0,1,0.9183786511421204,TP
Scenes 001-020__504T-3-_20230816050753649.mp4,Boastful Loki Armor,0.0,0,0.0,TN
Scenes 001-020__504T-3-_20230816050753649.mp4,Sylvie's horned headpiece,0.0,0,0.0,TN
Scenes 001-020__504T-3-_20230816050753649.mp4,Loki's dagger,0.0,1,0.8119348287582397,FP
Scenes 001-020__504T-3-_20230816050753649.mp4,TVA Uniform,0.0,0,0.0,TN
Scenes 001-020__504T-3-_20230816050753649.mp4,Kid Loki Armor,0.0,0,0.0,TN
Scenes 001-020__504T-3-_20230816050753649.mp4,TVA Prisoner Uniform,0.0,0,0.0,TN
Scenes 001-020__504T-3-_20230816050753649.mp4,Loki's Variant uniform,0.0,0,0.0,TN
Scenes 001-020__504T-3-_20230816050753649.mp4,Sylvie's machete,1.0,1,0.8673282861709595,TP
Scenes 001-020__504T-3-_20230816050753649.mp4,TVA Collar,0.0,0,0.0,TN
Scenes 001-020__504T-3-_20230816050753649.mp4,Ravonna Renslayer's Uniform,0.0,0,0.0,TN
Scenes 001-020__504T-3-_20230816050753649.mp4,TemPad,1.0,1,0.8288800120353699,TP
Scenes 001-020__504T-3-_20230816050753649.mp4,Classic Loki Armor,0.0,0,0.0,TN
Scenes 021-040__536A-3-_20230816063724398.mp4,TVA Monitor,0.0,0,0.0,TN
Scenes 021-040__536A-3-_20230816063724398.mp4,Loki's Armor,0.0,0,0.0,TN
Scenes 021-040__536A-3-_20230816063724398.mp4,Aligator Loki Plushie,0.0,0,0.0,TN
Scenes 021-040__536A-3-_20230816063724398.mp4,Time Stick,0.0,0,0.0,TN
Scenes 021-040__536A-3-_20230816063724398.mp4,TimeSpear,0.0,0,0.0,TN
Scenes 021-040__536A-3-_20230816063724398.mp4,Sylvie's Armor,0.0,0,0.0,TN
Scenes 021-040__536A-3-_20230816063724398.mp4,Boastful Loki Armor,0.0,1,0.8131094574928284,FP
Scenes 021-040__536A-3-_20230816063724398.mp4,Sylvie's horned headpiece,0.0,0,0.0,TN
Scenes 021-040__536A-3-_20230816063724398.mp4,Loki's dagger,0.0,0,0.0,TN
Scenes 021-040__536A-3-_20230816063724398.mp4,TVA Uniform,0.0,0,0.0,TN
Scenes 021-040__536A-3-_20230816063724398.mp4,Kid Loki Armor,1.0,1,0.9104811549186707,TP
Scenes 021-040__536A-3-_20230816063724398.mp4,TVA Prisoner Uniform,0.0,0,0.0,TN
Scenes 021-040__536A-3-_20230816063724398.mp4,Loki's Variant uniform,0.0,0,0.0,TN
Scenes 021-040__536A-3-_20230816063724398.mp4,Sylvie's machete,0.0,0,0.0,TN
Scenes 021-040__536A-3-_20230816063724398.mp4,TVA Collar,0.0,0,0.0,TN
Scenes 021-040__536A-3-_20230816063724398.mp4,Ravonna Renslayer's Uniform,0.0,0,0.0,TN
Scenes 021-040__536A-3-_20230816063724398.mp4,TemPad,0.0,1,0.8168097138404846,FP
Scenes 021-040__536A-3-_20230816063724398.mp4,Classic Loki Armor,1.0,1,0.8779119253158569,TP
Scenes 001-020__211H-2-_20230815190456898.mp4,TVA Monitor,0.0,0,0.0,TN
Scenes 001-020__211H-2-_20230815190456898.mp4,Loki's Armor,0.0,0,0.0,TN
Scenes 001-020__211H-2-_20230815190456898.mp4,Aligator Loki Plushie,0.0,0,0.0,TN
Scenes 001-020__211H-2-_20230815190456898.mp4,Time Stick,0.0,0,0.0,TN
Scenes 001-020__211H-2-_20230815190456898.mp4,TimeSpear,0.0,0,0.0,TN
Scenes 001-020__211H-2-_20230815190456898.mp4,Sylvie's Armor,0.0,0,0.0,TN
Scenes 001-020__211H-2-_20230815190456898.mp4,Boastful Loki Armor,0.0,0,0.0,TN
Scenes 001-020__211H-2-_20230815190456898.mp4,Sylvie's horned headpiece,0.0,0,0.0,TN
Scenes 001-020__211H-2-_20230815190456898.mp4,Loki's dagger,0.0,0,0.0,TN
Scenes 001-020__211H-2-_20230815190456898.mp4,TVA Uniform,0.0,0,0.0,TN
Scenes 001-020__211H-2-_20230815190456898.mp4,Kid Loki Armor,0.0,0,0.0,TN
Scenes 001-020__211H-2-_20230815190456898.mp4,TVA Prisoner Uniform,0.0,0,0.0,TN
Scenes 001-020__211H-2-_20230815190456898.mp4,Loki's Variant uniform,0.0,0,0.0,TN
Scenes 001-020__211H-2-_20230815190456898.mp4,Sylvie's machete,0.0,0,0.0,TN
Scenes 001-020__211H-2-_20230815190456898.mp4,TVA Collar,0.0,0,0.0,TN
Scenes 001-020__211H-2-_20230815190456898.mp4,Ravonna Renslayer's Uniform,0.0,0,0.0,TN
Scenes 001-020__211H-2-_20230815190456898.mp4,TemPad,0.0,1,0.8671879768371582,FP
Scenes 001-020__211H-2-_20230815190456898.mp4,Classic Loki Armor,0.0,0,0.0,TN
Scenes 021-040__537C-2_20230816070308783.mp4,TVA Monitor,0.0,0,0.0,TN
Scenes 021-040__537C-2_20230816070308783.mp4,Loki's Armor,0.0,0,0.0,TN
Scenes 021-040__537C-2_20230816070308783.mp4,Aligator Loki Plushie,0.0,0,0.0,TN
Scenes 021-040__537C-2_20230816070308783.mp4,Time Stick,0.0,0,0.0,TN
Scenes 021-040__537C-2_20230816070308783.mp4,TimeSpear,0.0,0,0.0,TN
Scenes 021-040__537C-2_20230816070308783.mp4,Sylvie's Armor,0.0,0,0.0,TN
Scenes 021-040__537C-2_20230816070308783.mp4,Boastful Loki Armor,0.0,0,0.0,TN
Scenes 021-040__537C-2_20230816070308783.mp4,Sylvie's horned headpiece,0.0,0,0.0,TN
Scenes 021-040__537C-2_20230816070308783.mp4,Loki's dagger,0.0,0,0.0,TN
Scenes 021-040__537C-2_20230816070308783.mp4,TVA Uniform,0.0,0,0.0,TN
Scenes 021-040__537C-2_20230816070308783.mp4,Kid Loki Armor,0.0,0,0.0,TN
Scenes 021-040__537C-2_20230816070308783.mp4,TVA Prisoner Uniform,0.0,0,0.0,TN
Scenes 021-040__537C-2_20230816070308783.mp4,Loki's Variant uniform,0.0,0,0.0,TN
Scenes 021-040__537C-2_20230816070308783.mp4,Sylvie's machete,0.0,0,0.0,TN
Scenes 021-040__537C-2_20230816070308783.mp4,TVA Collar,0.0,0,0.0,TN
Scenes 021-040__537C-2_20230816070308783.mp4,Ravonna Renslayer's Uniform,0.0,0,0.0,TN
Scenes 021-040__537C-2_20230816070308783.mp4,TemPad,0.0,0,0.0,TN
Scenes 021-040__537C-2_20230816070308783.mp4,Classic Loki Armor,0.0,0,0.0,TN
Scenes 021-040__230-1ng_20230815191241114.mp4,TVA Monitor,0.0,0,0.0,TN
Scenes 021-040__230-1ng_20230815191241114.mp4,Loki's Armor,0.0,0,0.0,TN
Scenes 021-040__230-1ng_20230815191241114.mp4,Aligator Loki Plushie,0.0,0,0.0,TN
Scenes 021-040__230-1ng_20230815191241114.mp4,Time Stick,0.0,0,0.0,TN
Scenes 021-040__230-1ng_20230815191241114.mp4,TimeSpear,0.0,0,0.0,TN
Scenes 021-040__230-1ng_20230815191241114.mp4,Sylvie's Armor,0.0,0,0.0,TN
Scenes 021-040__230-1ng_20230815191241114.mp4,Boastful Loki Armor,0.0,0,0.0,TN
Scenes 021-040__230-1ng_20230815191241114.mp4,Sylvie's horned headpiece,0.0,0,0.0,TN
Scenes 021-040__230-1ng_20230815191241114.mp4,Loki's dagger,0.0,0,0.0,TN
Scenes 021-040__230-1ng_20230815191241114.mp4,TVA Uniform,0.0,0,0.0,TN
Scenes 021-040__230-1ng_20230815191241114.mp4,Kid Loki Armor,0.0,0,0.0,TN
Scenes 021-040__230-1ng_20230815191241114.mp4,TVA Prisoner Uniform,0.0,0,0.0,TN
Scenes 021-040__230-1ng_20230815191241114.mp4,Loki's Variant uniform,0.0,0,0.0,TN
Scenes 021-040__230-1ng_20230815191241114.mp4,Sylvie's machete,0.0,0,0.0,TN
Scenes 021-040__230-1ng_20230815191241114.mp4,TVA Collar,0.0,0,0.0,TN
Scenes 021-040__230-1ng_20230815191241114.mp4,Ravonna Renslayer's Uniform,0.0,0,0.0,TN
Scenes 021-040__230-1ng_20230815191241114.mp4,TemPad,0.0,0,0.0,TN
Scenes 021-040__230-1ng_20230815191241114.mp4,Classic Loki Armor,0.0,0,0.0,TN
Scenes 021-040__237B-1-_20230815180326204.mp4,TVA Monitor,0.0,0,0.0,TN
Scenes 021-040__237B-1-_20230815180326204.mp4,Loki's Armor,0.0,1,0.8379996418952942,FP
Scenes 021-040__237B-1-_20230815180326204.mp4,Aligator Loki Plushie,0.0,1,0.8104519248008728,FP
Scenes 021-040__237B-1-_20230815180326204.mp4,Time Stick,0.0,0,0.0,TN
Scenes 021-040__237B-1-_20230815180326204.mp4,TimeSpear,0.0,1,0.8768049478530884,FP
Scenes 021-040__237B-1-_20230815180326204.mp4,Sylvie's Armor,0.0,0,0.0,TN
Scenes 021-040__237B-1-_20230815180326204.mp4,Boastful Loki Armor,0.0,0,0.0,TN
Scenes 021-040__237B-1-_20230815180326204.mp4,Sylvie's horned headpiece,0.0,0,0.0,TN
Scenes 021-040__237B-1-_20230815180326204.mp4,Loki's dagger,0.0,1,0.8040670156478882,FP
Scenes 021-040__237B-1-_20230815180326204.mp4,TVA Uniform,1.0,0,0.0,FN
Scenes 021-040__237B-1-_20230815180326204.mp4,Kid Loki Armor,0.0,0,0.0,TN
Scenes 021-040__237B-1-_20230815180326204.mp4,TVA Prisoner Uniform,0.0,1,0.8097102642059326,FP
Scenes 021-040__237B-1-_20230815180326204.mp4,Loki's Variant uniform,0.0,0,0.0,TN
Scenes 021-040__237B-1-_20230815180326204.mp4,Sylvie's machete,0.0,1,0.8526362776756287,FP
Scenes 021-040__237B-1-_20230815180326204.mp4,TVA Collar,0.0,0,0.0,TN
Scenes 021-040__237B-1-_20230815180326204.mp4,Ravonna Renslayer's Uniform,0.0,0,0.0,TN
Scenes 021-040__237B-1-_20230815180326204.mp4,TemPad,0.0,0,0.0,TN
Scenes 021-040__237B-1-_20230815180326204.mp4,Classic Loki Armor,0.0,0,0.0,TN
Scenes 001-020__306C-1-_20230815201919138.mp4,TVA Monitor,0.0,0,0.0,TN
Scenes 001-020__306C-1-_20230815201919138.mp4,Loki's Armor,0.0,0,0.0,TN
Scenes 001-020__306C-1-_20230815201919138.mp4,Aligator Loki Plushie,0.0,1,0.8084936141967773,FP
Scenes 001-020__306C-1-_20230815201919138.mp4,Time Stick,0.0,0,0.0,TN
Scenes 001-020__306C-1-_20230815201919138.mp4,TimeSpear,0.0,0,0.0,TN
Scenes 001-020__306C-1-_20230815201919138.mp4,Sylvie's Armor,0.0,0,0.0,TN
Scenes 001-020__306C-1-_20230815201919138.mp4,Boastful Loki Armor,0.0,0,0.0,TN
Scenes 001-020__306C-1-_20230815201919138.mp4,Sylvie's horned headpiece,1.0,0,0.0,FN
Scenes 001-020__306C-1-_20230815201919138.mp4,Loki's dagger,0.0,0,0.0,TN
Scenes 001-020__306C-1-_20230815201919138.mp4,TVA Uniform,0.0,0,0.0,TN
Scenes 001-020__306C-1-_20230815201919138.mp4,Kid Loki Armor,0.0,0,0.0,TN
Scenes 001-020__306C-1-_20230815201919138.mp4,TVA Prisoner Uniform,0.0,0,0.0,TN
Scenes 001-020__306C-1-_20230815201919138.mp4,Loki's Variant uniform,1.0,0,0.0,FN
Scenes 001-020__306C-1-_20230815201919138.mp4,Sylvie's machete,0.0,1,0.8764200210571289,FP
Scenes 001-020__306C-1-_20230815201919138.mp4,TVA Collar,0.0,0,0.0,TN
Scenes 001-020__306C-1-_20230815201919138.mp4,Ravonna Renslayer's Uniform,0.0,0,0.0,TN
Scenes 001-020__306C-1-_20230815201919138.mp4,TemPad,0.0,0,0.0,TN
Scenes 001-020__306C-1-_20230815201919138.mp4,Classic Loki Armor,0.0,0,0.0,TN
Scenes 001-020__216A-4b- only_20230815182553047.mp4,TVA Monitor,0.0,0,0.0,TN
Scenes 001-020__216A-4b- only_20230815182553047.mp4,Loki's Armor,0.0,0,0.0,TN
Scenes 001-020__216A-4b- only_20230815182553047.mp4,Aligator Loki Plushie,0.0,0,0.0,TN
Scenes 001-020__216A-4b- only_20230815182553047.mp4,Time Stick,0.0,0,0.0,TN
Scenes 001-020__216A-4b- only_20230815182553047.mp4,TimeSpear,0.0,0,0.0,TN
Scenes 001-020__216A-4b- only_20230815182553047.mp4,Sylvie's Armor,0.0,0,0.0,TN
Scenes 001-020__216A-4b- only_20230815182553047.mp4,Boastful Loki Armor,0.0,0,0.0,TN
Scenes 001-020__216A-4b- only_20230815182553047.mp4,Sylvie's horned headpiece,0.0,0,0.0,TN
Scenes 001-020__216A-4b- only_20230815182553047.mp4,Loki's dagger,0.0,0,0.0,TN
Scenes 001-020__216A-4b- only_20230815182553047.mp4,TVA Uniform,0.0,0,0.0,TN
Scenes 001-020__216A-4b- only_20230815182553047.mp4,Kid Loki Armor,0.0,0,0.0,TN
Scenes 001-020__216A-4b- only_20230815182553047.mp4,TVA Prisoner Uniform,0.0,0,0.0,TN
Scenes 001-020__216A-4b- only_20230815182553047.mp4,Loki's Variant uniform,1.0,0,0.0,FN
Scenes 001-020__216A-4b- only_20230815182553047.mp4,Sylvie's machete,0.0,0,0.0,TN
Scenes 001-020__216A-4b- only_20230815182553047.mp4,TVA Collar,0.0,0,0.0,TN
Scenes 001-020__216A-4b- only_20230815182553047.mp4,Ravonna Renslayer's Uniform,0.0,0,0.0,TN
Scenes 001-020__216A-4b- only_20230815182553047.mp4,TemPad,0.0,0,0.0,TN
Scenes 001-020__216A-4b- only_20230815182553047.mp4,Classic Loki Armor,0.0,0,0.0,TN
Scenes 001-020__2000-8- mos_20230815195906019.mp4,TVA Monitor,0.0,0,0.0,TN
Scenes 001-020__2000-8- mos_20230815195906019.mp4,Loki's Armor,0.0,0,0.0,TN
Scenes 001-020__2000-8- mos_20230815195906019.mp4,Aligator Loki Plushie,0.0,0,0.0,TN
Scenes 001-020__2000-8- mos_20230815195906019.mp4,Time Stick,0.0,0,0.0,TN
Scenes 001-020__2000-8- mos_20230815195906019.mp4,TimeSpear,0.0,0,0.0,TN
Scenes 001-020__2000-8- mos_20230815195906019.mp4,Sylvie's Armor,0.0,0,0.0,TN
Scenes 001-020__2000-8- mos_20230815195906019.mp4,Boastful Loki Armor,0.0,0,0.0,TN
Scenes 001-020__2000-8- mos_20230815195906019.mp4,Sylvie's horned headpiece,0.0,0,0.0,TN
Scenes 001-020__2000-8- mos_20230815195906019.mp4,Loki's dagger,0.0,0,0.0,TN
Scenes 001-020__2000-8- mos_20230815195906019.mp4,TVA Uniform,0.0,0,0.0,TN
Scenes 001-020__2000-8- mos_20230815195906019.mp4,Kid Loki Armor,0.0,0,0.0,TN
Scenes 001-020__2000-8- mos_20230815195906019.mp4,TVA Prisoner Uniform,0.0,0,0.0,TN
Scenes 001-020__2000-8- mos_20230815195906019.mp4,Loki's Variant uniform,0.0,0,0.0,TN
Scenes 001-020__2000-8- mos_20230815195906019.mp4,Sylvie's machete,0.0,0,0.0,TN
Scenes 001-020__2000-8- mos_20230815195906019.mp4,TVA Collar,0.0,0,0.0,TN
Scenes 001-020__2000-8- mos_20230815195906019.mp4,Ravonna Renslayer's Uniform,0.0,0,0.0,TN
Scenes 001-020__2000-8- mos_20230815195906019.mp4,TemPad,0.0,0,0.0,TN
Scenes 001-020__2000-8- mos_20230815195906019.mp4,Classic Loki Armor,0.0,0,0.0,TN
Scenes 001-020__304E-2-_20230815190846847.mp4,TVA Monitor,0.0,0,0.0,TN
Scenes 001-020__304E-2-_20230815190846847.mp4,Loki's Armor,0.0,0,0.0,TN
Scenes 001-020__304E-2-_20230815190846847.mp4,Aligator Loki Plushie,0.0,0,0.0,TN
Scenes 001-020__304E-2-_20230815190846847.mp4,Time Stick,0.0,0,0.0,TN
Scenes 001-020__304E-2-_20230815190846847.mp4,TimeSpear,0.0,0,0.0,TN
Scenes 001-020__304E-2-_20230815190846847.mp4,Sylvie's Armor,0.0,0,0.0,TN
Scenes 001-020__304E-2-_20230815190846847.mp4,Boastful Loki Armor,0.0,0,0.0,TN
Scenes 001-020__304E-2-_20230815190846847.mp4,Sylvie's horned headpiece,1.0,0,0.0,FN
Scenes 001-020__304E-2-_20230815190846847.mp4,Loki's dagger,0.0,0,0.0,TN
Scenes 001-020__304E-2-_20230815190846847.mp4,TVA Uniform,0.0,0,0.0,TN
Scenes 001-020__304E-2-_20230815190846847.mp4,Kid Loki Armor,0.0,0,0.0,TN
Scenes 001-020__304E-2-_20230815190846847.mp4,TVA Prisoner Uniform,0.0,0,0.0,TN
Scenes 001-020__304E-2-_20230815190846847.mp4,Loki's Variant uniform,0.0,0,0.0,TN
Scenes 001-020__304E-2-_20230815190846847.mp4,Sylvie's machete,0.0,0,0.0,TN
Scenes 001-020__304E-2-_20230815190846847.mp4,TVA Collar,0.0,0,0.0,TN
Scenes 001-020__304E-2-_20230815190846847.mp4,Ravonna Renslayer's Uniform,0.0,0,0.0,TN
Scenes 001-020__304E-2-_20230815190846847.mp4,TemPad,0.0,0,0.0,TN
Scenes 001-020__304E-2-_20230815190846847.mp4,Classic Loki Armor,0.0,0,0.0,TN
Scenes 041-060__244B-1-_20230815212053650.mp4,TVA Monitor,0.0,0,0.0,TN
Scenes 041-060__244B-1-_20230815212053650.mp4,Loki's Armor,0.0,0,0.0,TN
Scenes 041-060__244B-1-_20230815212053650.mp4,Aligator Loki Plushie,0.0,0,0.0,TN
Scenes 041-060__244B-1-_20230815212053650.mp4,Time Stick,0.0,0,0.0,TN
Scenes 041-060__244B-1-_20230815212053650.mp4,TimeSpear,0.0,0,0.0,TN
Scenes 041-060__244B-1-_20230815212053650.mp4,Sylvie's Armor,0.0,0,0.0,TN
Scenes 041-060__244B-1-_20230815212053650.mp4,Boastful Loki Armor,0.0,0,0.0,TN
Scenes 041-060__244B-1-_20230815212053650.mp4,Sylvie's horned headpiece,0.0,0,0.0,TN
Scenes 041-060__244B-1-_20230815212053650.mp4,Loki's dagger,0.0,0,0.0,TN
Scenes 041-060__244B-1-_20230815212053650.mp4,TVA Uniform,0.0,0,0.0,TN
Scenes 041-060__244B-1-_20230815212053650.mp4,Kid Loki Armor,0.0,0,0.0,TN
Scenes 041-060__244B-1-_20230815212053650.mp4,TVA Prisoner Uniform,0.0,1,0.8610668182373047,FP
Scenes 041-060__244B-1-_20230815212053650.mp4,Loki's Variant uniform,1.0,1,0.8169963359832764,TP
Scenes 041-060__244B-1-_20230815212053650.mp4,Sylvie's machete,0.0,0,0.0,TN
Scenes 041-060__244B-1-_20230815212053650.mp4,TVA Collar,0.0,0,0.0,TN
Scenes 041-060__244B-1-_20230815212053650.mp4,Ravonna Renslayer's Uniform,0.0,0,0.0,TN
Scenes 041-060__244B-1-_20230815212053650.mp4,TemPad,0.0,0,0.0,TN
Scenes 041-060__244B-1-_20230815212053650.mp4,Classic Loki Armor,0.0,0,0.0,TN
Scenes 021-040__322-6_20230815235506455.mp4,TVA Monitor,0.0,0,0.0,TN
Scenes 021-040__322-6_20230815235506455.mp4,Loki's Armor,0.0,0,0.0,TN
Scenes 021-040__322-6_20230815235506455.mp4,Aligator Loki Plushie,0.0,0,0.0,TN
Scenes 021-040__322-6_20230815235506455.mp4,Time Stick,0.0,0,0.0,TN
Scenes 021-040__322-6_20230815235506455.mp4,TimeSpear,0.0,0,0.0,TN
Scenes 021-040__322-6_20230815235506455.mp4,Sylvie's Armor,1.0,0,0.0,FN
Scenes 021-040__322-6_20230815235506455.mp4,Boastful Loki Armor,0.0,0,0.0,TN
Scenes 021-040__322-6_20230815235506455.mp4,Sylvie's horned headpiece,0.0,0,0.0,TN
Scenes 021-040__322-6_20230815235506455.mp4,Loki's dagger,0.0,0,0.0,TN
Scenes 021-040__322-6_20230815235506455.mp4,TVA Uniform,0.0,0,0.0,TN
Scenes 021-040__322-6_20230815235506455.mp4,Kid Loki Armor,0.0,0,0.0,TN
Scenes 021-040__322-6_20230815235506455.mp4,TVA Prisoner Uniform,0.0,0,0.0,TN
Scenes 021-040__322-6_20230815235506455.mp4,Loki's Variant uniform,0.0,0,0.0,TN
Scenes 021-040__322-6_20230815235506455.mp4,Sylvie's machete,1.0,1,0.8362547159194946,TP
Scenes 021-040__322-6_20230815235506455.mp4,TVA Collar,0.0,0,0.0,TN
Scenes 021-040__322-6_20230815235506455.mp4,Ravonna Renslayer's Uniform,0.0,0,0.0,TN
Scenes 021-040__322-6_20230815235506455.mp4,TemPad,0.0,0,0.0,TN
Scenes 021-040__322-6_20230815235506455.mp4,Classic Loki Armor,0.0,0,0.0,TN
Scenes 001-020__317B-2_20230815234008274.mp4,TVA Monitor,0.0,0,0.0,TN
Scenes 001-020__317B-2_20230815234008274.mp4,Loki's Armor,0.0,0,0.0,TN
Scenes 001-020__317B-2_20230815234008274.mp4,Aligator Loki Plushie,0.0,0,0.0,TN
Scenes 001-020__317B-2_20230815234008274.mp4,Time Stick,0.0,0,0.0,TN
Scenes 001-020__317B-2_20230815234008274.mp4,TimeSpear,0.0,0,0.0,TN
Scenes 001-020__317B-2_20230815234008274.mp4,Sylvie's Armor,0.0,0,0.0,TN
Scenes 001-020__317B-2_20230815234008274.mp4,Boastful Loki Armor,0.0,0,0.0,TN
Scenes 001-020__317B-2_20230815234008274.mp4,Sylvie's horned headpiece,0.0,0,0.0,TN
Scenes 001-020__317B-2_20230815234008274.mp4,Loki's dagger,0.0,0,0.0,TN
Scenes 001-020__317B-2_20230815234008274.mp4,TVA Uniform,0.0,0,0.0,TN
Scenes 001-020__317B-2_20230815234008274.mp4,Kid Loki Armor,0.0,0,0.0,TN
Scenes 001-020__317B-2_20230815234008274.mp4,TVA Prisoner Uniform,0.0,0,0.0,TN
Scenes 001-020__317B-2_20230815234008274.mp4,Loki's Variant uniform,0.0,0,0.0,TN
Scenes 001-020__317B-2_20230815234008274.mp4,Sylvie's machete,0.0,0,0.0,TN
Scenes 001-020__317B-2_20230815234008274.mp4,TVA Collar,0.0,0,0.0,TN
Scenes 001-020__317B-2_20230815234008274.mp4,Ravonna Renslayer's Uniform,0.0,0,0.0,TN
Scenes 001-020__317B-2_20230815234008274.mp4,TemPad,0.0,0,0.0,TN
Scenes 001-020__317B-2_20230815234008274.mp4,Classic Loki Armor,0.0,0,0.0,TN
Scenes 001-020__302-2_20230815200213180.mp4,TVA Monitor,0.0,0,0.0,TN
Scenes 001-020__302-2_20230815200213180.mp4,Loki's Armor,0.0,0,0.0,TN
Scenes 001-020__302-2_20230815200213180.mp4,Aligator Loki Plushie,0.0,0,0.0,TN
Scenes 001-020__302-2_20230815200213180.mp4,Time Stick,0.0,0,0.0,TN
Scenes 001-020__302-2_20230815200213180.mp4,TimeSpear,0.0,0,0.0,TN
Scenes 001-020__302-2_20230815200213180.mp4,Sylvie's Armor,1.0,0,0.0,FN
Scenes 001-020__302-2_20230815200213180.mp4,Boastful Loki Armor,0.0,0,0.0,TN
Scenes 001-020__302-2_20230815200213180.mp4,Sylvie's horned headpiece,1.0,0,0.0,FN
Scenes 001-020__302-2_20230815200213180.mp4,Loki's dagger,0.0,0,0.0,TN
Scenes 001-020__302-2_20230815200213180.mp4,TVA Uniform,1.0,0,0.0,FN
Scenes 001-020__302-2_20230815200213180.mp4,Kid Loki Armor,0.0,0,0.0,TN
Scenes 001-020__302-2_20230815200213180.mp4,TVA Prisoner Uniform,0.0,0,0.0,TN
Scenes 001-020__302-2_20230815200213180.mp4,Loki's Variant uniform,0.0,0,0.0,TN
Scenes 001-020__302-2_20230815200213180.mp4,Sylvie's machete,0.0,0,0.0,TN
Scenes 001-020__302-2_20230815200213180.mp4,TVA Collar,0.0,0,0.0,TN
Scenes 001-020__302-2_20230815200213180.mp4,Ravonna Renslayer's Uniform,0.0,1,0.8060413002967834,FP
Scenes 001-020__302-2_20230815200213180.mp4,TemPad,0.0,0,0.0,TN
Scenes 001-020__302-2_20230815200213180.mp4,Classic Loki Armor,0.0,0,0.0,TN
Scenes 001-020__211B-1-_20230815190317386.mp4,TVA Monitor,0.0,0,0.0,TN
Scenes 001-020__211B-1-_20230815190317386.mp4,Loki's Armor,0.0,0,0.0,TN
Scenes 001-020__211B-1-_20230815190317386.mp4,Aligator Loki Plushie,0.0,0,0.0,TN
Scenes 001-020__211B-1-_20230815190317386.mp4,Time Stick,0.0,0,0.0,TN
Scenes 001-020__211B-1-_20230815190317386.mp4,TimeSpear,0.0,0,0.0,TN
Scenes 001-020__211B-1-_20230815190317386.mp4,Sylvie's Armor,0.0,0,0.0,TN
Scenes 001-020__211B-1-_20230815190317386.mp4,Boastful Loki Armor,0.0,0,0.0,TN
Scenes 001-020__211B-1-_20230815190317386.mp4,Sylvie's horned headpiece,0.0,0,0.0,TN
Scenes 001-020__211B-1-_20230815190317386.mp4,Loki's dagger,0.0,0,0.0,TN
Scenes 001-020__211B-1-_20230815190317386.mp4,TVA Uniform,0.0,0,0.0,TN
Scenes 001-020__211B-1-_20230815190317386.mp4,Kid Loki Armor,0.0,0,0.0,TN
Scenes 001-020__211B-1-_20230815190317386.mp4,TVA Prisoner Uniform,0.0,0,0.0,TN
Scenes 001-020__211B-1-_20230815190317386.mp4,Loki's Variant uniform,0.0,0,0.0,TN
Scenes 001-020__211B-1-_20230815190317386.mp4,Sylvie's machete,0.0,0,0.0,TN
Scenes 001-020__211B-1-_20230815190317386.mp4,TVA Collar,0.0,0,0.0,TN
Scenes 001-020__211B-1-_20230815190317386.mp4,Ravonna Renslayer's Uniform,0.0,0,0.0,TN
Scenes 001-020__211B-1-_20230815190317386.mp4,TemPad,0.0,0,0.0,TN
Scenes 001-020__211B-1-_20230815190317386.mp4,Classic Loki Armor,0.0,0,0.0,TN
Scenes 061-080__165A-4-_20230815180313546.mp4,TVA Monitor,0.0,0,0.0,TN
Scenes 061-080__165A-4-_20230815180313546.mp4,Loki's Armor,0.0,0,0.0,TN
Scenes 061-080__165A-4-_20230815180313546.mp4,Aligator Loki Plushie,0.0,0,0.0,TN
Scenes 061-080__165A-4-_20230815180313546.mp4,Time Stick,1.0,1,0.8555819392204285,TP
Scenes 061-080__165A-4-_20230815180313546.mp4,TimeSpear,0.0,0,0.0,TN
Scenes 061-080__165A-4-_20230815180313546.mp4,Sylvie's Armor,0.0,0,0.0,TN
Scenes 061-080__165A-4-_20230815180313546.mp4,Boastful Loki Armor,0.0,0,0.0,TN
Scenes 061-080__165A-4-_20230815180313546.mp4,Sylvie's horned headpiece,0.0,0,0.0,TN
Scenes 061-080__165A-4-_20230815180313546.mp4,Loki's dagger,0.0,0,0.0,TN
Scenes 061-080__165A-4-_20230815180313546.mp4,TVA Uniform,0.0,0,0.0,TN
Scenes 061-080__165A-4-_20230815180313546.mp4,Kid Loki Armor,0.0,0,0.0,TN
Scenes 061-080__165A-4-_20230815180313546.mp4,TVA Prisoner Uniform,1.0,0,0.0,FN
Scenes 061-080__165A-4-_20230815180313546.mp4,Loki's Variant uniform,0.0,0,0.0,TN
Scenes 061-080__165A-4-_20230815180313546.mp4,Sylvie's machete,0.0,0,0.0,TN
Scenes 061-080__165A-4-_20230815180313546.mp4,TVA Collar,0.0,0,0.0,TN
Scenes 061-080__165A-4-_20230815180313546.mp4,Ravonna Renslayer's Uniform,0.0,0,0.0,TN
Scenes 061-080__165A-4-_20230815180313546.mp4,TemPad,0.0,1,0.8181878328323364,FP
Scenes 061-080__165A-4-_20230815180313546.mp4,Classic Loki Armor,0.0,0,0.0,TN
Scenes 041-060__244C-1- mos_20230815211948647.mp4,TVA Monitor,0.0,0,0.0,TN
Scenes 041-060__244C-1- mos_20230815211948647.mp4,Loki's Armor,0.0,0,0.0,TN
Scenes 041-060__244C-1- mos_20230815211948647.mp4,Aligator Loki Plushie,0.0,0,0.0,TN
Scenes 041-060__244C-1- mos_20230815211948647.mp4,Time Stick,0.0,0,0.0,TN
Scenes 041-060__244C-1- mos_20230815211948647.mp4,TimeSpear,0.0,0,0.0,TN
Scenes 041-060__244C-1- mos_20230815211948647.mp4,Sylvie's Armor,0.0,0,0.0,TN
Scenes 041-060__244C-1- mos_20230815211948647.mp4,Boastful Loki Armor,0.0,0,0.0,TN
Scenes 041-060__244C-1- mos_20230815211948647.mp4,Sylvie's horned headpiece,0.0,0,0.0,TN
Scenes 041-060__244C-1- mos_20230815211948647.mp4,Loki's dagger,0.0,0,0.0,TN
Scenes 041-060__244C-1- mos_20230815211948647.mp4,TVA Uniform,0.0,0,0.0,TN
Scenes 041-060__244C-1- mos_20230815211948647.mp4,Kid Loki Armor,0.0,0,0.0,TN
Scenes 041-060__244C-1- mos_20230815211948647.mp4,TVA Prisoner Uniform,0.0,0,0.0,TN
Scenes 041-060__244C-1- mos_20230815211948647.mp4,Loki's Variant uniform,0.0,0,0.0,TN
Scenes 041-060__244C-1- mos_20230815211948647.mp4,Sylvie's machete,0.0,0,0.0,TN
Scenes 041-060__244C-1- mos_20230815211948647.mp4,TVA Collar,0.0,0,0.0,TN
Scenes 041-060__244C-1- mos_20230815211948647.mp4,Ravonna Renslayer's Uniform,0.0,0,0.0,TN
Scenes 041-060__244C-1- mos_20230815211948647.mp4,TemPad,0.0,0,0.0,TN
Scenes 041-060__244C-1- mos_20230815211948647.mp4,Classic Loki Armor,0.0,0,0.0,TN
Scenes 041-060__244A-7- pu_20230815211729392.mp4,TVA Monitor,0.0,0,0.0,TN
Scenes 041-060__244A-7- pu_20230815211729392.mp4,Loki's Armor,0.0,0,0.0,TN
Scenes 041-060__244A-7- pu_20230815211729392.mp4,Aligator Loki Plushie,0.0,0,0.0,TN
Scenes 041-060__244A-7- pu_20230815211729392.mp4,Time Stick,0.0,0,0.0,TN
Scenes 041-060__244A-7- pu_20230815211729392.mp4,TimeSpear,0.0,0,0.0,TN
Scenes 041-060__244A-7- pu_20230815211729392.mp4,Sylvie's Armor,1.0,0,0.0,FN
Scenes 041-060__244A-7- pu_20230815211729392.mp4,Boastful Loki Armor,0.0,0,0.0,TN
Scenes 041-060__244A-7- pu_20230815211729392.mp4,Sylvie's horned headpiece,1.0,0,0.0,FN
Scenes 041-060__244A-7- pu_20230815211729392.mp4,Loki's dagger,0.0,0,0.0,TN
Scenes 041-060__244A-7- pu_20230815211729392.mp4,TVA Uniform,0.0,0,0.0,TN
Scenes 041-060__244A-7- pu_20230815211729392.mp4,Kid Loki Armor,0.0,0,0.0,TN
Scenes 041-060__244A-7- pu_20230815211729392.mp4,TVA Prisoner Uniform,0.0,1,0.8387515544891357,FP
Scenes 041-060__244A-7- pu_20230815211729392.mp4,Loki's Variant uniform,1.0,1,0.8614537119865417,TP
Scenes 041-060__244A-7- pu_20230815211729392.mp4,Sylvie's machete,0.0,0,0.0,TN
Scenes 041-060__244A-7- pu_20230815211729392.mp4,TVA Collar,0.0,1,0.8088887929916382,FP
Scenes 041-060__244A-7- pu_20230815211729392.mp4,Ravonna Renslayer's Uniform,0.0,0,0.0,TN
Scenes 041-060__244A-7- pu_20230815211729392.mp4,TemPad,0.0,0,0.0,TN
Scenes 041-060__244A-7- pu_20230815211729392.mp4,Classic Loki Armor,0.0,0,0.0,TN
Scenes 001-020__313A-2ng_b_20230815231257818.mp4,TVA Monitor,0.0,0,0.0,TN
Scenes 001-020__313A-2ng_b_20230815231257818.mp4,Loki's Armor,0.0,0,0.0,TN
Scenes 001-020__313A-2ng_b_20230815231257818.mp4,Aligator Loki Plushie,0.0,0,0.0,TN
Scenes 001-020__313A-2ng_b_20230815231257818.mp4,Time Stick,0.0,0,0.0,TN
Scenes 001-020__313A-2ng_b_20230815231257818.mp4,TimeSpear,0.0,0,0.0,TN
Scenes 001-020__313A-2ng_b_20230815231257818.mp4,Sylvie's Armor,0.0,0,0.0,TN
Scenes 001-020__313A-2ng_b_20230815231257818.mp4,Boastful Loki Armor,0.0,0,0.0,TN
Scenes 001-020__313A-2ng_b_20230815231257818.mp4,Sylvie's horned headpiece,0.0,0,0.0,TN
Scenes 001-020__313A-2ng_b_20230815231257818.mp4,Loki's dagger,0.0,0,0.0,TN
Scenes 001-020__313A-2ng_b_20230815231257818.mp4,TVA Uniform,0.0,0,0.0,TN
Scenes 001-020__313A-2ng_b_20230815231257818.mp4,Kid Loki Armor,0.0,0,0.0,TN
Scenes 001-020__313A-2ng_b_20230815231257818.mp4,TVA Prisoner Uniform,0.0,0,0.0,TN
Scenes 001-020__313A-2ng_b_20230815231257818.mp4,Loki's Variant uniform,0.0,0,0.0,TN
Scenes 001-020__313A-2ng_b_20230815231257818.mp4,Sylvie's machete,0.0,0,0.0,TN
Scenes 001-020__313A-2ng_b_20230815231257818.mp4,TVA Collar,0.0,0,0.0,TN
Scenes 001-020__313A-2ng_b_20230815231257818.mp4,Ravonna Renslayer's Uniform,0.0,0,0.0,TN
Scenes 001-020__313A-2ng_b_20230815231257818.mp4,TemPad,0.0,0,0.0,TN
Scenes 001-020__313A-2ng_b_20230815231257818.mp4,Classic Loki Armor,0.0,0,0.0,TN
Scenes 001-020__206B-1_20230815190937932.mp4,TVA Monitor,0.0,0,0.0,TN
Scenes 001-020__206B-1_20230815190937932.mp4,Loki's Armor,0.0,0,0.0,TN
Scenes 001-020__206B-1_20230815190937932.mp4,Aligator Loki Plushie,0.0,0,0.0,TN
Scenes 001-020__206B-1_20230815190937932.mp4,Time Stick,0.0,0,0.0,TN
Scenes 001-020__206B-1_20230815190937932.mp4,TimeSpear,0.0,0,0.0,TN
Scenes 001-020__206B-1_20230815190937932.mp4,Sylvie's Armor,0.0,0,0.0,TN
Scenes 001-020__206B-1_20230815190937932.mp4,Boastful Loki Armor,0.0,0,0.0,TN
Scenes 001-020__206B-1_20230815190937932.mp4,Sylvie's horned headpiece,0.0,0,0.0,TN
Scenes 001-020__206B-1_20230815190937932.mp4,Loki's dagger,0.0,0,0.0,TN
Scenes 001-020__206B-1_20230815190937932.mp4,TVA Uniform,0.0,0,0.0,TN
Scenes 001-020__206B-1_20230815190937932.mp4,Kid Loki Armor,0.0,0,0.0,TN
Scenes 001-020__206B-1_20230815190937932.mp4,TVA Prisoner Uniform,0.0,0,0.0,TN
Scenes 001-020__206B-1_20230815190937932.mp4,Loki's Variant uniform,1.0,1,0.8047522902488708,TP
Scenes 001-020__206B-1_20230815190937932.mp4,Sylvie's machete,0.0,0,0.0,TN
Scenes 001-020__206B-1_20230815190937932.mp4,TVA Collar,0.0,0,0.0,TN
Scenes 001-020__206B-1_20230815190937932.mp4,Ravonna Renslayer's Uniform,0.0,0,0.0,TN
Scenes 001-020__206B-1_20230815190937932.mp4,TemPad,0.0,0,0.0,TN
Scenes 001-020__206B-1_20230815190937932.mp4,Classic Loki Armor,0.0,0,0.0,TN
Scenes 061-080__265A-1-_20230815215951493.mp4,TVA Monitor,0.0,0,0.0,TN
Scenes 061-080__265A-1-_20230815215951493.mp4,Loki's Armor,0.0,0,0.0,TN
Scenes 061-080__265A-1-_20230815215951493.mp4,Aligator Loki Plushie,0.0,0,0.0,TN
Scenes 061-080__265A-1-_20230815215951493.mp4,Time Stick,1.0,0,0.0,FN
Scenes 061-080__265A-1-_20230815215951493.mp4,TimeSpear,0.0,0,0.0,TN
Scenes 061-080__265A-1-_20230815215951493.mp4,Sylvie's Armor,0.0,0,0.0,TN
Scenes 061-080__265A-1-_20230815215951493.mp4,Boastful Loki Armor,0.0,0,0.0,TN
Scenes 061-080__265A-1-_20230815215951493.mp4,Sylvie's horned headpiece,0.0,0,0.0,TN
Scenes 061-080__265A-1-_20230815215951493.mp4,Loki's dagger,0.0,0,0.0,TN
Scenes 061-080__265A-1-_20230815215951493.mp4,TVA Uniform,1.0,1,0.8234952688217163,TP
Scenes 061-080__265A-1-_20230815215951493.mp4,Kid Loki Armor,0.0,0,0.0,TN
Scenes 061-080__265A-1-_20230815215951493.mp4,TVA Prisoner Uniform,0.0,0,0.0,TN
Scenes 061-080__265A-1-_20230815215951493.mp4,Loki's Variant uniform,0.0,0,0.0,TN
Scenes 061-080__265A-1-_20230815215951493.mp4,Sylvie's machete,0.0,0,0.0,TN
Scenes 061-080__265A-1-_20230815215951493.mp4,TVA Collar,0.0,0,0.0,TN
Scenes 061-080__265A-1-_20230815215951493.mp4,Ravonna Renslayer's Uniform,0.0,0,0.0,TN
Scenes 061-080__265A-1-_20230815215951493.mp4,TemPad,0.0,0,0.0,TN
Scenes 061-080__265A-1-_20230815215951493.mp4,Classic Loki Armor,0.0,0,0.0,TN
Scenes 001-020__306-1-_20230803124944118.mp4,TVA Monitor,0.0,0,0.0,TN
Scenes 001-020__306-1-_20230803124944118.mp4,Loki's Armor,0.0,0,0.0,TN
Scenes 001-020__306-1-_20230803124944118.mp4,Aligator Loki Plushie,0.0,0,0.0,TN
Scenes 001-020__306-1-_20230803124944118.mp4,Time Stick,0.0,0,0.0,TN
Scenes 001-020__306-1-_20230803124944118.mp4,TimeSpear,0.0,0,0.0,TN
Scenes 001-020__306-1-_20230803124944118.mp4,Sylvie's Armor,1.0,0,0.0,FN
Scenes 001-020__306-1-_20230803124944118.mp4,Boastful Loki Armor,0.0,0,0.0,TN
Scenes 001-020__306-1-_20230803124944118.mp4,Sylvie's horned headpiece,1.0,0,0.0,FN
Scenes 001-020__306-1-_20230803124944118.mp4,Loki's dagger,0.0,0,0.0,TN
Scenes 001-020__306-1-_20230803124944118.mp4,TVA Uniform,0.0,0,0.0,TN
Scenes 001-020__306-1-_20230803124944118.mp4,Kid Loki Armor,0.0,0,0.0,TN
Scenes 001-020__306-1-_20230803124944118.mp4,TVA Prisoner Uniform,0.0,0,0.0,TN
Scenes 001-020__306-1-_20230803124944118.mp4,Loki's Variant uniform,1.0,0,0.0,FN
Scenes 001-020__306-1-_20230803124944118.mp4,Sylvie's machete,0.0,1,0.8550089001655579,FP
Scenes 001-020__306-1-_20230803124944118.mp4,TVA Collar,0.0,0,0.0,TN
Scenes 001-020__306-1-_20230803124944118.mp4,Ravonna Renslayer's Uniform,0.0,0,0.0,TN
Scenes 001-020__306-1-_20230803124944118.mp4,TemPad,0.0,0,0.0,TN
Scenes 001-020__306-1-_20230803124944118.mp4,Classic Loki Armor,0.0,0,0.0,TN
Scenes 001-020__201B-1-_20230728112433834.mp4,TVA Monitor,0.0,0,0.0,TN
Scenes 001-020__201B-1-_20230728112433834.mp4,Loki's Armor,0.0,0,0.0,TN
Scenes 001-020__201B-1-_20230728112433834.mp4,Aligator Loki Plushie,0.0,0,0.0,TN
Scenes 001-020__201B-1-_20230728112433834.mp4,Time Stick,0.0,0,0.0,TN
Scenes 001-020__201B-1-_20230728112433834.mp4,TimeSpear,0.0,0,0.0,TN
Scenes 001-020__201B-1-_20230728112433834.mp4,Sylvie's Armor,0.0,0,0.0,TN
Scenes 001-020__201B-1-_20230728112433834.mp4,Boastful Loki Armor,0.0,0,0.0,TN
Scenes 001-020__201B-1-_20230728112433834.mp4,Sylvie's horned headpiece,0.0,0,0.0,TN
Scenes 001-020__201B-1-_20230728112433834.mp4,Loki's dagger,0.0,0,0.0,TN
Scenes 001-020__201B-1-_20230728112433834.mp4,TVA Uniform,0.0,0,0.0,TN
Scenes 001-020__201B-1-_20230728112433834.mp4,Kid Loki Armor,0.0,0,0.0,TN
Scenes 001-020__201B-1-_20230728112433834.mp4,TVA Prisoner Uniform,0.0,0,0.0,TN
Scenes 001-020__201B-1-_20230728112433834.mp4,Loki's Variant uniform,0.0,0,0.0,TN
Scenes 001-020__201B-1-_20230728112433834.mp4,Sylvie's machete,0.0,0,0.0,TN
Scenes 001-020__201B-1-_20230728112433834.mp4,TVA Collar,0.0,0,0.0,TN
Scenes 001-020__201B-1-_20230728112433834.mp4,Ravonna Renslayer's Uniform,0.0,0,0.0,TN
Scenes 001-020__201B-1-_20230728112433834.mp4,TemPad,0.0,0,0.0,TN
Scenes 001-020__201B-1-_20230728112433834.mp4,Classic Loki Armor,0.0,0,0.0,TN
Scenes 001-020__106F-1- mos_20230727161814055.mp4,TVA Monitor,0.0,0,0.0,TN
Scenes 001-020__106F-1- mos_20230727161814055.mp4,Loki's Armor,0.0,0,0.0,TN
Scenes 001-020__106F-1- mos_20230727161814055.mp4,Aligator Loki Plushie,0.0,0,0.0,TN
Scenes 001-020__106F-1- mos_20230727161814055.mp4,Time Stick,0.0,0,0.0,TN
Scenes 001-020__106F-1- mos_20230727161814055.mp4,TimeSpear,0.0,0,0.0,TN
Scenes 001-020__106F-1- mos_20230727161814055.mp4,Sylvie's Armor,0.0,0,0.0,TN
Scenes 001-020__106F-1- mos_20230727161814055.mp4,Boastful Loki Armor,0.0,0,0.0,TN
Scenes 001-020__106F-1- mos_20230727161814055.mp4,Sylvie's horned headpiece,0.0,0,0.0,TN
Scenes 001-020__106F-1- mos_20230727161814055.mp4,Loki's dagger,0.0,0,0.0,TN
Scenes 001-020__106F-1- mos_20230727161814055.mp4,TVA Uniform,0.0,0,0.0,TN
Scenes 001-020__106F-1- mos_20230727161814055.mp4,Kid Loki Armor,0.0,0,0.0,TN
Scenes 001-020__106F-1- mos_20230727161814055.mp4,TVA Prisoner Uniform,0.0,0,0.0,TN
Scenes 001-020__106F-1- mos_20230727161814055.mp4,Loki's Variant uniform,0.0,0,0.0,TN
Scenes 001-020__106F-1- mos_20230727161814055.mp4,Sylvie's machete,0.0,0,0.0,TN
Scenes 001-020__106F-1- mos_20230727161814055.mp4,TVA Collar,0.0,0,0.0,TN
Scenes 001-020__106F-1- mos_20230727161814055.mp4,Ravonna Renslayer's Uniform,0.0,0,0.0,TN
Scenes 001-020__106F-1- mos_20230727161814055.mp4,TemPad,1.0,1,0.8727434873580933,TP
Scenes 001-020__106F-1- mos_20230727161814055.mp4,Classic Loki Armor,0.0,0,0.0,TN
Scenes 061-080__265M-2-_20230815215612783.mp4,TVA Monitor,0.0,0,0.0,TN
Scenes 061-080__265M-2-_20230815215612783.mp4,Loki's Armor,0.0,0,0.0,TN
Scenes 061-080__265M-2-_20230815215612783.mp4,Aligator Loki Plushie,0.0,0,0.0,TN
Scenes 061-080__265M-2-_20230815215612783.mp4,Time Stick,0.0,0,0.0,TN
Scenes 061-080__265M-2-_20230815215612783.mp4,TimeSpear,0.0,0,0.0,TN
Scenes 061-080__265M-2-_20230815215612783.mp4,Sylvie's Armor,0.0,0,0.0,TN
Scenes 061-080__265M-2-_20230815215612783.mp4,Boastful Loki Armor,0.0,0,0.0,TN
Scenes 061-080__265M-2-_20230815215612783.mp4,Sylvie's horned headpiece,1.0,1,0.8746857643127441,TP
Scenes 061-080__265M-2-_20230815215612783.mp4,Loki's dagger,0.0,0,0.0,TN
Scenes 061-080__265M-2-_20230815215612783.mp4,TVA Uniform,0.0,0,0.0,TN
Scenes 061-080__265M-2-_20230815215612783.mp4,Kid Loki Armor,0.0,0,0.0,TN
Scenes 061-080__265M-2-_20230815215612783.mp4,TVA Prisoner Uniform,0.0,0,0.0,TN
Scenes 061-080__265M-2-_20230815215612783.mp4,Loki's Variant uniform,1.0,1,0.9562673568725586,TP
Scenes 061-080__265M-2-_20230815215612783.mp4,Sylvie's machete,1.0,1,0.8188016414642334,TP
Scenes 061-080__265M-2-_20230815215612783.mp4,TVA Collar,0.0,0,0.0,TN
Scenes 061-080__265M-2-_20230815215612783.mp4,Ravonna Renslayer's Uniform,0.0,0,0.0,TN
Scenes 061-080__265M-2-_20230815215612783.mp4,TemPad,1.0,1,0.8833853602409363,TP
Scenes 061-080__265M-2-_20230815215612783.mp4,Classic Loki Armor,0.0,0,0.0,TN
Scenes 001-020__509-3_20230815200533637.mp4,TVA Monitor,0.0,0,0.0,TN
Scenes 001-020__509-3_20230815200533637.mp4,Loki's Armor,0.0,0,0.0,TN
Scenes 001-020__509-3_20230815200533637.mp4,Aligator Loki Plushie,0.0,0,0.0,TN
Scenes 001-020__509-3_20230815200533637.mp4,Time Stick,0.0,0,0.0,TN
Scenes 001-020__509-3_20230815200533637.mp4,TimeSpear,0.0,0,0.0,TN
Scenes 001-020__509-3_20230815200533637.mp4,Sylvie's Armor,0.0,0,0.0,TN
Scenes 001-020__509-3_20230815200533637.mp4,Boastful Loki Armor,1.0,1,0.882888913154602,TP
Scenes 001-020__509-3_20230815200533637.mp4,Sylvie's horned headpiece,0.0,0,0.0,TN
Scenes 001-020__509-3_20230815200533637.mp4,Loki's dagger,0.0,0,0.0,TN
Scenes 001-020__509-3_20230815200533637.mp4,TVA Uniform,0.0,0,0.0,TN
Scenes 001-020__509-3_20230815200533637.mp4,Kid Loki Armor,0.0,0,0.0,TN
Scenes 001-020__509-3_20230815200533637.mp4,TVA Prisoner Uniform,0.0,0,0.0,TN
Scenes 001-020__509-3_20230815200533637.mp4,Loki's Variant uniform,0.0,0,0.0,TN
Scenes 001-020__509-3_20230815200533637.mp4,Sylvie's machete,0.0,0,0.0,TN
Scenes 001-020__509-3_20230815200533637.mp4,TVA Collar,0.0,0,0.0,TN
Scenes 001-020__509-3_20230815200533637.mp4,Ravonna Renslayer's Uniform,0.0,0,0.0,TN
Scenes 001-020__509-3_20230815200533637.mp4,TemPad,0.0,1,0.8514981269836426,FP
Scenes 001-020__509-3_20230815200533637.mp4,Classic Loki Armor,1.0,0,0.0,FN
Scenes 041-060__156-6a- only pu_20230815175525189.mp4,TVA Monitor,0.0,0,0.0,TN
Scenes 041-060__156-6a- only pu_20230815175525189.mp4,Loki's Armor,0.0,0,0.0,TN
Scenes 041-060__156-6a- only pu_20230815175525189.mp4,Aligator Loki Plushie,0.0,0,0.0,TN
Scenes 041-060__156-6a- only pu_20230815175525189.mp4,Time Stick,0.0,0,0.0,TN
Scenes 041-060__156-6a- only pu_20230815175525189.mp4,TimeSpear,0.0,0,0.0,TN
Scenes 041-060__156-6a- only pu_20230815175525189.mp4,Sylvie's Armor,0.0,0,0.0,TN
Scenes 041-060__156-6a- only pu_20230815175525189.mp4,Boastful Loki Armor,0.0,0,0.0,TN
Scenes 041-060__156-6a- only pu_20230815175525189.mp4,Sylvie's horned headpiece,0.0,0,0.0,TN
Scenes 041-060__156-6a- only pu_20230815175525189.mp4,Loki's dagger,0.0,0,0.0,TN
Scenes 041-060__156-6a- only pu_20230815175525189.mp4,TVA Uniform,0.0,0,0.0,TN
Scenes 041-060__156-6a- only pu_20230815175525189.mp4,Kid Loki Armor,0.0,0,0.0,TN
Scenes 041-060__156-6a- only pu_20230815175525189.mp4,TVA Prisoner Uniform,1.0,1,0.9662659168243408,TP
Scenes 041-060__156-6a- only pu_20230815175525189.mp4,Loki's Variant uniform,0.0,0,0.0,TN
Scenes 041-060__156-6a- only pu_20230815175525189.mp4,Sylvie's machete,0.0,0,0.0,TN
Scenes 041-060__156-6a- only pu_20230815175525189.mp4,TVA Collar,1.0,1,0.9640868902206421,TP
Scenes 041-060__156-6a- only pu_20230815175525189.mp4,Ravonna Renslayer's Uniform,0.0,0,0.0,TN
Scenes 041-060__156-6a- only pu_20230815175525189.mp4,TemPad,0.0,0,0.0,TN
Scenes 041-060__156-6a- only pu_20230815175525189.mp4,Classic Loki Armor,0.0,0,0.0,TN
Scenes 021-040__234A-2-_20230815192229849.mp4,TVA Monitor,0.0,0,0.0,TN
Scenes 021-040__234A-2-_20230815192229849.mp4,Loki's Armor,0.0,0,0.0,TN
Scenes 021-040__234A-2-_20230815192229849.mp4,Aligator Loki Plushie,0.0,0,0.0,TN
Scenes 021-040__234A-2-_20230815192229849.mp4,Time Stick,0.0,0,0.0,TN
Scenes 021-040__234A-2-_20230815192229849.mp4,TimeSpear,0.0,0,0.0,TN
Scenes 021-040__234A-2-_20230815192229849.mp4,Sylvie's Armor,0.0,0,0.0,TN
Scenes 021-040__234A-2-_20230815192229849.mp4,Boastful Loki Armor,0.0,0,0.0,TN
Scenes 021-040__234A-2-_20230815192229849.mp4,Sylvie's horned headpiece,0.0,0,0.0,TN
Scenes 021-040__234A-2-_20230815192229849.mp4,Loki's dagger,0.0,0,0.0,TN
Scenes 021-040__234A-2-_20230815192229849.mp4,TVA Uniform,1.0,1,0.8083183169364929,TP
Scenes 021-040__234A-2-_20230815192229849.mp4,Kid Loki Armor,0.0,0,0.0,TN
Scenes 021-040__234A-2-_20230815192229849.mp4,TVA Prisoner Uniform,0.0,0,0.0,TN
Scenes 021-040__234A-2-_20230815192229849.mp4,Loki's Variant uniform,1.0,1,0.8049337863922119,TP
Scenes 021-040__234A-2-_20230815192229849.mp4,Sylvie's machete,0.0,0,0.0,TN
Scenes 021-040__234A-2-_20230815192229849.mp4,TVA Collar,0.0,1,0.8531614542007446,FP
Scenes 021-040__234A-2-_20230815192229849.mp4,Ravonna Renslayer's Uniform,0.0,0,0.0,TN
Scenes 021-040__234A-2-_20230815192229849.mp4,TemPad,0.0,1,0.8106575012207031,FP
Scenes 021-040__234A-2-_20230815192229849.mp4,Classic Loki Armor,0.0,0,0.0,TN
Scenes 041-060__156D-1- mos_20230815181940173.mp4,TVA Monitor,0.0,0,0.0,TN
Scenes 041-060__156D-1- mos_20230815181940173.mp4,Loki's Armor,0.0,0,0.0,TN
Scenes 041-060__156D-1- mos_20230815181940173.mp4,Aligator Loki Plushie,0.0,0,0.0,TN
Scenes 041-060__156D-1- mos_20230815181940173.mp4,Time Stick,0.0,0,0.0,TN
Scenes 041-060__156D-1- mos_20230815181940173.mp4,TimeSpear,0.0,0,0.0,TN
Scenes 041-060__156D-1- mos_20230815181940173.mp4,Sylvie's Armor,0.0,0,0.0,TN
Scenes 041-060__156D-1- mos_20230815181940173.mp4,Boastful Loki Armor,0.0,0,0.0,TN
Scenes 041-060__156D-1- mos_20230815181940173.mp4,Sylvie's horned headpiece,0.0,0,0.0,TN
Scenes 041-060__156D-1- mos_20230815181940173.mp4,Loki's dagger,0.0,0,0.0,TN
Scenes 041-060__156D-1- mos_20230815181940173.mp4,TVA Uniform,0.0,0,0.0,TN
Scenes 041-060__156D-1- mos_20230815181940173.mp4,Kid Loki Armor,0.0,0,0.0,TN
Scenes 041-060__156D-1- mos_20230815181940173.mp4,TVA Prisoner Uniform,0.0,0,0.0,TN
Scenes 041-060__156D-1- mos_20230815181940173.mp4,Loki's Variant uniform,0.0,0,0.0,TN
Scenes 041-060__156D-1- mos_20230815181940173.mp4,Sylvie's machete,0.0,0,0.0,TN
Scenes 041-060__156D-1- mos_20230815181940173.mp4,TVA Collar,0.0,1,0.8159359693527222,FP
Scenes 041-060__156D-1- mos_20230815181940173.mp4,Ravonna Renslayer's Uniform,0.0,0,0.0,TN
Scenes 041-060__156D-1- mos_20230815181940173.mp4,TemPad,1.0,1,0.8520245552062988,TP
Scenes 041-060__156D-1- mos_20230815181940173.mp4,Classic Loki Armor,0.0,0,0.0,TN
Scenes 001-020__106H-4- 408FPS_20230727115459941.mp4,TVA Monitor,0.0,0,0.0,TN
Scenes 001-020__106H-4- 408FPS_20230727115459941.mp4,Loki's Armor,1.0,1,0.8135932087898254,TP
Scenes 001-020__106H-4- 408FPS_20230727115459941.mp4,Aligator Loki Plushie,0.0,0,0.0,TN
Scenes 001-020__106H-4- 408FPS_20230727115459941.mp4,Time Stick,0.0,0,0.0,TN
Scenes 001-020__106H-4- 408FPS_20230727115459941.mp4,TimeSpear,0.0,0,0.0,TN
Scenes 001-020__106H-4- 408FPS_20230727115459941.mp4,Sylvie's Armor,0.0,0,0.0,TN
Scenes 001-020__106H-4- 408FPS_20230727115459941.mp4,Boastful Loki Armor,0.0,0,0.0,TN
Scenes 001-020__106H-4- 408FPS_20230727115459941.mp4,Sylvie's horned headpiece,0.0,0,0.0,TN
Scenes 001-020__106H-4- 408FPS_20230727115459941.mp4,Loki's dagger,0.0,0,0.0,TN
Scenes 001-020__106H-4- 408FPS_20230727115459941.mp4,TVA Uniform,0.0,0,0.0,TN
Scenes 001-020__106H-4- 408FPS_20230727115459941.mp4,Kid Loki Armor,0.0,0,0.0,TN
Scenes 001-020__106H-4- 408FPS_20230727115459941.mp4,TVA Prisoner Uniform,0.0,0,0.0,TN
Scenes 001-020__106H-4- 408FPS_20230727115459941.mp4,Loki's Variant uniform,0.0,0,0.0,TN
Scenes 001-020__106H-4- 408FPS_20230727115459941.mp4,Sylvie's machete,0.0,0,0.0,TN
Scenes 001-020__106H-4- 408FPS_20230727115459941.mp4,TVA Collar,0.0,0,0.0,TN
Scenes 001-020__106H-4- 408FPS_20230727115459941.mp4,Ravonna Renslayer's Uniform,0.0,0,0.0,TN
Scenes 001-020__106H-4- 408FPS_20230727115459941.mp4,TemPad,0.0,0,0.0,TN
Scenes 001-020__106H-4- 408FPS_20230727115459941.mp4,Classic Loki Armor,0.0,0,0.0,TN
Scenes 001-020__113-FS1d_20230728151456515.mp4,TVA Monitor,0.0,0,0.0,TN
Scenes 001-020__113-FS1d_20230728151456515.mp4,Loki's Armor,0.0,0,0.0,TN
Scenes 001-020__113-FS1d_20230728151456515.mp4,Aligator Loki Plushie,0.0,0,0.0,TN
Scenes 001-020__113-FS1d_20230728151456515.mp4,Time Stick,0.0,0,0.0,TN
Scenes 001-020__113-FS1d_20230728151456515.mp4,TimeSpear,0.0,0,0.0,TN
Scenes 001-020__113-FS1d_20230728151456515.mp4,Sylvie's Armor,0.0,0,0.0,TN
Scenes 001-020__113-FS1d_20230728151456515.mp4,Boastful Loki Armor,0.0,0,0.0,TN
Scenes 001-020__113-FS1d_20230728151456515.mp4,Sylvie's horned headpiece,0.0,0,0.0,TN
Scenes 001-020__113-FS1d_20230728151456515.mp4,Loki's dagger,0.0,0,0.0,TN
Scenes 001-020__113-FS1d_20230728151456515.mp4,TVA Uniform,0.0,0,0.0,TN
Scenes 001-020__113-FS1d_20230728151456515.mp4,Kid Loki Armor,0.0,0,0.0,TN
Scenes 001-020__113-FS1d_20230728151456515.mp4,TVA Prisoner Uniform,0.0,0,0.0,TN
Scenes 001-020__113-FS1d_20230728151456515.mp4,Loki's Variant uniform,0.0,0,0.0,TN
Scenes 001-020__113-FS1d_20230728151456515.mp4,Sylvie's machete,0.0,0,0.0,TN
Scenes 001-020__113-FS1d_20230728151456515.mp4,TVA Collar,0.0,0,0.0,TN
Scenes 001-020__113-FS1d_20230728151456515.mp4,Ravonna Renslayer's Uniform,0.0,0,0.0,TN
Scenes 001-020__113-FS1d_20230728151456515.mp4,TemPad,0.0,0,0.0,TN
Scenes 001-020__113-FS1d_20230728151456515.mp4,Classic Loki Armor,0.0,0,0.0,TN
