video,class,actual,prediction,confidence,above_threshold,result_type
Scenes 001-020__113M-2-  mos_20230728151659443.mp4,TVA Monitor,0.0,1,0.5995716452598572,False,FP
Scenes 001-020__113M-2-  mos_20230728151659443.mp4,Loki's Armor,0.0,0,0.0,False,TN
Scenes 001-020__113M-2-  mos_20230728151659443.mp4,Aligator Loki Plushie,0.0,0,0.0,False,TN
Scenes 001-020__113M-2-  mos_20230728151659443.mp4,Time Stick,0.0,0,0.0,False,TN
Scenes 001-020__113M-2-  mos_20230728151659443.mp4,TimeSpear,0.0,0,0.0,False,TN
Scenes 001-020__113M-2-  mos_20230728151659443.mp4,Sylvie's Armor,0.0,0,0.0,False,TN
Scenes 001-020__113M-2-  mos_20230728151659443.mp4,Boastful Loki Armor,0.0,0,0.0,False,TN
Scenes 001-020__113M-2-  mos_20230728151659443.mp4,Sylvie's horned headpiece,0.0,1,0.6007840037345886,False,FP
Scenes 001-020__113M-2-  mos_20230728151659443.mp4,Loki's dagger,0.0,0,0.0,False,TN
Scenes 001-020__113M-2-  mos_20230728151659443.mp4,TVA Uniform,0.0,0,0.0,False,TN
Scenes 001-020__113M-2-  mos_20230728151659443.mp4,Kid Loki Armor,0.0,0,0.0,False,TN
Scenes 001-020__113M-2-  mos_20230728151659443.mp4,TVA Prisoner Uniform,0.0,0,0.0,False,TN
Scenes 001-020__113M-2-  mos_20230728151659443.mp4,Loki's Variant uniform,0.0,0,0.0,False,TN
Scenes 001-020__113M-2-  mos_20230728151659443.mp4,Sylvie's machete,0.0,0,0.0,False,TN
Scenes 001-020__113M-2-  mos_20230728151659443.mp4,TVA Collar,0.0,1,0.599793016910553,False,FP
Scenes 001-020__113M-2-  mos_20230728151659443.mp4,Ravonna Renslayer's Uniform,0.0,0,0.0,False,TN
Scenes 001-020__113M-2-  mos_20230728151659443.mp4,TemPad,0.0,0,0.0,False,TN
Scenes 001-020__113M-2-  mos_20230728151659443.mp4,Classic Loki Armor,0.0,0,0.0,False,TN
Scenes 001-020__201C-1-_20230815182005024.mp4,TVA Monitor,0.0,1,0.6308062672615051,False,FP
Scenes 001-020__201C-1-_20230815182005024.mp4,Loki's Armor,0.0,1,0.805717408657074,True,FP
Scenes 001-020__201C-1-_20230815182005024.mp4,Aligator Loki Plushie,0.0,1,0.6682525873184204,False,FP
Scenes 001-020__201C-1-_20230815182005024.mp4,Time Stick,0.0,1,0.7634045481681824,False,FP
Scenes 001-020__201C-1-_20230815182005024.mp4,TimeSpear,0.0,1,0.7019194960594177,False,FP
Scenes 001-020__201C-1-_20230815182005024.mp4,Sylvie's Armor,0.0,0,0.0,False,TN
Scenes 001-020__201C-1-_20230815182005024.mp4,Boastful Loki Armor,0.0,1,0.7499598264694214,False,FP
Scenes 001-020__201C-1-_20230815182005024.mp4,Sylvie's horned headpiece,0.0,0,0.0,False,TN
Scenes 001-020__201C-1-_20230815182005024.mp4,Loki's dagger,0.0,1,0.6475867033004761,False,FP
Scenes 001-020__201C-1-_20230815182005024.mp4,TVA Uniform,0.0,0,0.0,False,TN
Scenes 001-020__201C-1-_20230815182005024.mp4,Kid Loki Armor,0.0,0,0.0,False,TN
Scenes 001-020__201C-1-_20230815182005024.mp4,TVA Prisoner Uniform,0.0,1,0.6654793620109558,False,FP
Scenes 001-020__201C-1-_20230815182005024.mp4,Loki's Variant uniform,0.0,0,0.0,False,TN
Scenes 001-020__201C-1-_20230815182005024.mp4,Sylvie's machete,0.0,1,0.5908880829811096,False,FP
Scenes 001-020__201C-1-_20230815182005024.mp4,TVA Collar,0.0,0,0.0,False,TN
Scenes 001-020__201C-1-_20230815182005024.mp4,Ravonna Renslayer's Uniform,0.0,0,0.0,False,TN
Scenes 001-020__201C-1-_20230815182005024.mp4,TemPad,1.0,1,0.9336361885070801,True,TP
Scenes 001-020__201C-1-_20230815182005024.mp4,Classic Loki Armor,0.0,0,0.0,False,TN
Scenes 001-020__111D-1-_20230728135829842.mp4,TVA Monitor,0.0,1,0.6829717755317688,False,FP
Scenes 001-020__111D-1-_20230728135829842.mp4,Loki's Armor,0.0,0,0.0,False,TN
Scenes 001-020__111D-1-_20230728135829842.mp4,Aligator Loki Plushie,0.0,0,0.0,False,TN
Scenes 001-020__111D-1-_20230728135829842.mp4,Time Stick,0.0,1,0.606685996055603,False,FP
Scenes 001-020__111D-1-_20230728135829842.mp4,TimeSpear,0.0,0,0.0,False,TN
Scenes 001-020__111D-1-_20230728135829842.mp4,Sylvie's Armor,0.0,0,0.0,False,TN
Scenes 001-020__111D-1-_20230728135829842.mp4,Boastful Loki Armor,0.0,1,0.6410742998123169,False,FP
Scenes 001-020__111D-1-_20230728135829842.mp4,Sylvie's horned headpiece,0.0,1,0.7365863919258118,False,FP
Scenes 001-020__111D-1-_20230728135829842.mp4,Loki's dagger,0.0,1,0.7106237411499023,False,FP
Scenes 001-020__111D-1-_20230728135829842.mp4,TVA Uniform,0.0,1,0.6417554616928101,False,FP
Scenes 001-020__111D-1-_20230728135829842.mp4,Kid Loki Armor,0.0,0,0.0,False,TN
Scenes 001-020__111D-1-_20230728135829842.mp4,TVA Prisoner Uniform,1.0,1,0.7948471307754517,False,TP
Scenes 001-020__111D-1-_20230728135829842.mp4,Loki's Variant uniform,0.0,1,0.7731995582580566,False,FP
Scenes 001-020__111D-1-_20230728135829842.mp4,Sylvie's machete,0.0,1,0.7666856050491333,False,FP
Scenes 001-020__111D-1-_20230728135829842.mp4,TVA Collar,0.0,1,0.8844244480133057,True,FP
Scenes 001-020__111D-1-_20230728135829842.mp4,Ravonna Renslayer's Uniform,0.0,1,0.6630909442901611,False,FP
Scenes 001-020__111D-1-_20230728135829842.mp4,TemPad,0.0,1,0.9176775217056274,True,FP
Scenes 001-020__111D-1-_20230728135829842.mp4,Classic Loki Armor,0.0,0,0.0,False,TN
Scenes 021-040__235-1-_20230815192601740.mp4,TVA Monitor,0.0,1,0.6218053698539734,False,FP
Scenes 021-040__235-1-_20230815192601740.mp4,Loki's Armor,0.0,1,0.7092734575271606,False,FP
Scenes 021-040__235-1-_20230815192601740.mp4,Aligator Loki Plushie,0.0,0,0.0,False,TN
Scenes 021-040__235-1-_20230815192601740.mp4,Time Stick,0.0,1,0.5614304542541504,False,FP
Scenes 021-040__235-1-_20230815192601740.mp4,TimeSpear,0.0,1,0.6944268345832825,False,FP
Scenes 021-040__235-1-_20230815192601740.mp4,Sylvie's Armor,0.0,1,0.5652743577957153,False,FP
Scenes 021-040__235-1-_20230815192601740.mp4,Boastful Loki Armor,0.0,1,0.7638241052627563,False,FP
Scenes 021-040__235-1-_20230815192601740.mp4,Sylvie's horned headpiece,0.0,1,0.563908576965332,False,FP
Scenes 021-040__235-1-_20230815192601740.mp4,Loki's dagger,0.0,1,0.6760051846504211,False,FP
Scenes 021-040__235-1-_20230815192601740.mp4,TVA Uniform,1.0,1,0.6633142232894897,False,TP
Scenes 021-040__235-1-_20230815192601740.mp4,Kid Loki Armor,0.0,1,0.7706790566444397,False,FP
Scenes 021-040__235-1-_20230815192601740.mp4,TVA Prisoner Uniform,0.0,1,0.689144492149353,False,FP
Scenes 021-040__235-1-_20230815192601740.mp4,Loki's Variant uniform,1.0,1,0.6699804663658142,False,TP
Scenes 021-040__235-1-_20230815192601740.mp4,Sylvie's machete,0.0,1,0.6276588439941406,False,FP
Scenes 021-040__235-1-_20230815192601740.mp4,TVA Collar,0.0,1,0.7137567400932312,False,FP
Scenes 021-040__235-1-_20230815192601740.mp4,Ravonna Renslayer's Uniform,0.0,1,0.6129896640777588,False,FP
Scenes 021-040__235-1-_20230815192601740.mp4,TemPad,0.0,0,0.0,False,TN
Scenes 021-040__235-1-_20230815192601740.mp4,Classic Loki Armor,0.0,0,0.0,False,TN
Scenes 001-020__303K-3-_20230815223320788.mp4,TVA Monitor,0.0,0,0.0,False,TN
Scenes 001-020__303K-3-_20230815223320788.mp4,Loki's Armor,0.0,1,0.6991192698478699,False,FP
Scenes 001-020__303K-3-_20230815223320788.mp4,Aligator Loki Plushie,0.0,1,0.6616784930229187,False,FP
Scenes 001-020__303K-3-_20230815223320788.mp4,Time Stick,0.0,1,0.6288247108459473,False,FP
Scenes 001-020__303K-3-_20230815223320788.mp4,TimeSpear,0.0,1,0.8179847002029419,True,FP
Scenes 001-020__303K-3-_20230815223320788.mp4,Sylvie's Armor,1.0,1,0.7140198945999146,False,TP
Scenes 001-020__303K-3-_20230815223320788.mp4,Boastful Loki Armor,0.0,1,0.6760314702987671,False,FP
Scenes 001-020__303K-3-_20230815223320788.mp4,Sylvie's horned headpiece,1.0,1,0.7856485247612,False,TP
Scenes 001-020__303K-3-_20230815223320788.mp4,Loki's dagger,0.0,1,0.7583112120628357,False,FP
Scenes 001-020__303K-3-_20230815223320788.mp4,TVA Uniform,0.0,0,0.0,False,TN
Scenes 001-020__303K-3-_20230815223320788.mp4,Kid Loki Armor,0.0,1,0.6231330633163452,False,FP
Scenes 001-020__303K-3-_20230815223320788.mp4,TVA Prisoner Uniform,0.0,1,0.6184468269348145,False,FP
Scenes 001-020__303K-3-_20230815223320788.mp4,Loki's Variant uniform,0.0,1,0.624267578125,False,FP
Scenes 001-020__303K-3-_20230815223320788.mp4,Sylvie's machete,1.0,1,0.7052421569824219,False,TP
Scenes 001-020__303K-3-_20230815223320788.mp4,TVA Collar,0.0,1,0.6969372630119324,False,FP
Scenes 001-020__303K-3-_20230815223320788.mp4,Ravonna Renslayer's Uniform,0.0,0,0.0,False,TN
Scenes 001-020__303K-3-_20230815223320788.mp4,TemPad,0.0,1,0.7346633076667786,False,FP
Scenes 001-020__303K-3-_20230815223320788.mp4,Classic Loki Armor,0.0,0,0.0,False,TN
Scenes 001-020__505-5-_20230815200453259.mp4,TVA Monitor,0.0,0,0.0,False,TN
Scenes 001-020__505-5-_20230815200453259.mp4,Loki's Armor,0.0,0,0.0,False,TN
Scenes 001-020__505-5-_20230815200453259.mp4,Aligator Loki Plushie,0.0,0,0.0,False,TN
Scenes 001-020__505-5-_20230815200453259.mp4,Time Stick,0.0,1,0.6671034097671509,False,FP
Scenes 001-020__505-5-_20230815200453259.mp4,TimeSpear,0.0,0,0.0,False,TN
Scenes 001-020__505-5-_20230815200453259.mp4,Sylvie's Armor,0.0,0,0.0,False,TN
Scenes 001-020__505-5-_20230815200453259.mp4,Boastful Loki Armor,1.0,1,0.8408434391021729,True,TP
Scenes 001-020__505-5-_20230815200453259.mp4,Sylvie's horned headpiece,0.0,1,0.7398670315742493,False,FP
Scenes 001-020__505-5-_20230815200453259.mp4,Loki's dagger,0.0,0,0.0,False,TN
Scenes 001-020__505-5-_20230815200453259.mp4,TVA Uniform,0.0,0,0.0,False,TN
Scenes 001-020__505-5-_20230815200453259.mp4,Kid Loki Armor,1.0,1,0.9327594041824341,True,TP
Scenes 001-020__505-5-_20230815200453259.mp4,TVA Prisoner Uniform,0.0,0,0.0,False,TN
Scenes 001-020__505-5-_20230815200453259.mp4,Loki's Variant uniform,0.0,1,0.6121926307678223,False,FP
Scenes 001-020__505-5-_20230815200453259.mp4,Sylvie's machete,0.0,1,0.7202442288398743,False,FP
Scenes 001-020__505-5-_20230815200453259.mp4,TVA Collar,0.0,0,0.0,False,TN
Scenes 001-020__505-5-_20230815200453259.mp4,Ravonna Renslayer's Uniform,0.0,0,0.0,False,TN
Scenes 001-020__505-5-_20230815200453259.mp4,TemPad,0.0,1,0.603996217250824,False,FP
Scenes 001-020__505-5-_20230815200453259.mp4,Classic Loki Armor,1.0,1,0.7657711505889893,False,TP
Scenes 001-020__110A-2-_20230815160756908.mp4,TVA Monitor,1.0,1,0.9698053598403931,True,TP
Scenes 001-020__110A-2-_20230815160756908.mp4,Loki's Armor,0.0,1,0.7071009874343872,False,FP
Scenes 001-020__110A-2-_20230815160756908.mp4,Aligator Loki Plushie,0.0,1,0.6596425771713257,False,FP
Scenes 001-020__110A-2-_20230815160756908.mp4,Time Stick,0.0,1,0.6104158759117126,False,FP
Scenes 001-020__110A-2-_20230815160756908.mp4,TimeSpear,0.0,1,0.7726886868476868,False,FP
Scenes 001-020__110A-2-_20230815160756908.mp4,Sylvie's Armor,0.0,0,0.0,False,TN
Scenes 001-020__110A-2-_20230815160756908.mp4,Boastful Loki Armor,0.0,1,0.6287855505943298,False,FP
Scenes 001-020__110A-2-_20230815160756908.mp4,Sylvie's horned headpiece,0.0,1,0.643390417098999,False,FP
Scenes 001-020__110A-2-_20230815160756908.mp4,Loki's dagger,0.0,1,0.637840211391449,False,FP
Scenes 001-020__110A-2-_20230815160756908.mp4,TVA Uniform,0.0,1,0.604271650314331,False,FP
Scenes 001-020__110A-2-_20230815160756908.mp4,Kid Loki Armor,0.0,1,0.6719772219657898,False,FP
Scenes 001-020__110A-2-_20230815160756908.mp4,TVA Prisoner Uniform,0.0,1,0.9267522096633911,True,FP
Scenes 001-020__110A-2-_20230815160756908.mp4,Loki's Variant uniform,0.0,0,0.0,False,TN
Scenes 001-020__110A-2-_20230815160756908.mp4,Sylvie's machete,0.0,1,0.6750969886779785,False,FP
Scenes 001-020__110A-2-_20230815160756908.mp4,TVA Collar,1.0,1,0.9742226004600525,True,TP
Scenes 001-020__110A-2-_20230815160756908.mp4,Ravonna Renslayer's Uniform,0.0,0,0.0,False,TN
Scenes 001-020__110A-2-_20230815160756908.mp4,TemPad,0.0,1,0.6803740859031677,False,FP
Scenes 001-020__110A-2-_20230815160756908.mp4,Classic Loki Armor,0.0,0,0.0,False,TN
Scenes 001-020__201D-2-_20230815184746334.mp4,TVA Monitor,0.0,1,0.7257633805274963,False,FP
Scenes 001-020__201D-2-_20230815184746334.mp4,Loki's Armor,0.0,1,0.7651565074920654,False,FP
Scenes 001-020__201D-2-_20230815184746334.mp4,Aligator Loki Plushie,0.0,1,0.7618992924690247,False,FP
Scenes 001-020__201D-2-_20230815184746334.mp4,Time Stick,0.0,1,0.7629390954971313,False,FP
Scenes 001-020__201D-2-_20230815184746334.mp4,TimeSpear,0.0,1,0.7896661162376404,False,FP
Scenes 001-020__201D-2-_20230815184746334.mp4,Sylvie's Armor,0.0,1,0.6382725834846497,False,FP
Scenes 001-020__201D-2-_20230815184746334.mp4,Boastful Loki Armor,0.0,1,0.7368906736373901,False,FP
Scenes 001-020__201D-2-_20230815184746334.mp4,Sylvie's horned headpiece,0.0,1,0.623702347278595,False,FP
Scenes 001-020__201D-2-_20230815184746334.mp4,Loki's dagger,0.0,1,0.6549342274665833,False,FP
Scenes 001-020__201D-2-_20230815184746334.mp4,TVA Uniform,0.0,1,0.6723008751869202,False,FP
Scenes 001-020__201D-2-_20230815184746334.mp4,Kid Loki Armor,0.0,1,0.6351532936096191,False,FP
Scenes 001-020__201D-2-_20230815184746334.mp4,TVA Prisoner Uniform,0.0,1,0.7311007380485535,False,FP
Scenes 001-020__201D-2-_20230815184746334.mp4,Loki's Variant uniform,0.0,1,0.6512905359268188,False,FP
Scenes 001-020__201D-2-_20230815184746334.mp4,Sylvie's machete,0.0,1,0.6917721033096313,False,FP
Scenes 001-020__201D-2-_20230815184746334.mp4,TVA Collar,0.0,1,0.7498375177383423,False,FP
Scenes 001-020__201D-2-_20230815184746334.mp4,Ravonna Renslayer's Uniform,0.0,0,0.0,False,TN
Scenes 001-020__201D-2-_20230815184746334.mp4,TemPad,1.0,1,0.9454252123832703,True,TP
Scenes 001-020__201D-2-_20230815184746334.mp4,Classic Loki Armor,0.0,0,0.0,False,TN
Scenes 001-020__110A-1-_20230728125233251.mp4,TVA Monitor,1.0,1,0.9692792296409607,True,TP
Scenes 001-020__110A-1-_20230728125233251.mp4,Loki's Armor,0.0,1,0.6314235925674438,False,FP
Scenes 001-020__110A-1-_20230728125233251.mp4,Aligator Loki Plushie,0.0,1,0.6658233404159546,False,FP
Scenes 001-020__110A-1-_20230728125233251.mp4,Time Stick,0.0,1,0.6556539535522461,False,FP
Scenes 001-020__110A-1-_20230728125233251.mp4,TimeSpear,0.0,1,0.7239944934844971,False,FP
Scenes 001-020__110A-1-_20230728125233251.mp4,Sylvie's Armor,0.0,0,0.0,False,TN
Scenes 001-020__110A-1-_20230728125233251.mp4,Boastful Loki Armor,0.0,1,0.6205577850341797,False,FP
Scenes 001-020__110A-1-_20230728125233251.mp4,Sylvie's horned headpiece,0.0,1,0.6446478366851807,False,FP
Scenes 001-020__110A-1-_20230728125233251.mp4,Loki's dagger,0.0,0,0.0,False,TN
Scenes 001-020__110A-1-_20230728125233251.mp4,TVA Uniform,0.0,1,0.6263864636421204,False,FP
Scenes 001-020__110A-1-_20230728125233251.mp4,Kid Loki Armor,0.0,0,0.0,False,TN
Scenes 001-020__110A-1-_20230728125233251.mp4,TVA Prisoner Uniform,1.0,1,0.9439162015914917,True,TP
Scenes 001-020__110A-1-_20230728125233251.mp4,Loki's Variant uniform,0.0,0,0.0,False,TN
Scenes 001-020__110A-1-_20230728125233251.mp4,Sylvie's machete,0.0,0,0.0,False,TN
Scenes 001-020__110A-1-_20230728125233251.mp4,TVA Collar,1.0,1,0.973396897315979,True,TP
Scenes 001-020__110A-1-_20230728125233251.mp4,Ravonna Renslayer's Uniform,0.0,0,0.0,False,TN
Scenes 001-020__110A-1-_20230728125233251.mp4,TemPad,0.0,0,0.0,False,TN
Scenes 001-020__110A-1-_20230728125233251.mp4,Classic Loki Armor,0.0,0,0.0,False,TN
Scenes 041-060__244G-1-_20230815212159478.mp4,TVA Monitor,0.0,0,0.0,False,TN
Scenes 041-060__244G-1-_20230815212159478.mp4,Loki's Armor,0.0,0,0.0,False,TN
Scenes 041-060__244G-1-_20230815212159478.mp4,Aligator Loki Plushie,0.0,0,0.0,False,TN
Scenes 041-060__244G-1-_20230815212159478.mp4,Time Stick,0.0,1,0.7249919176101685,False,FP
Scenes 041-060__244G-1-_20230815212159478.mp4,TimeSpear,0.0,1,0.6995682716369629,False,FP
Scenes 041-060__244G-1-_20230815212159478.mp4,Sylvie's Armor,0.0,0,0.0,False,TN
Scenes 041-060__244G-1-_20230815212159478.mp4,Boastful Loki Armor,0.0,1,0.5673571228981018,False,FP
Scenes 041-060__244G-1-_20230815212159478.mp4,Sylvie's horned headpiece,0.0,0,0.0,False,TN
Scenes 041-060__244G-1-_20230815212159478.mp4,Loki's dagger,0.0,1,0.621728777885437,False,FP
Scenes 041-060__244G-1-_20230815212159478.mp4,TVA Uniform,0.0,0,0.0,False,TN
Scenes 041-060__244G-1-_20230815212159478.mp4,Kid Loki Armor,0.0,1,0.6952506899833679,False,FP
Scenes 041-060__244G-1-_20230815212159478.mp4,TVA Prisoner Uniform,0.0,1,0.7695258855819702,False,FP
Scenes 041-060__244G-1-_20230815212159478.mp4,Loki's Variant uniform,1.0,1,0.7445371150970459,False,TP
Scenes 041-060__244G-1-_20230815212159478.mp4,Sylvie's machete,0.0,1,0.48799797892570496,False,FP
Scenes 041-060__244G-1-_20230815212159478.mp4,TVA Collar,0.0,0,0.0,False,TN
Scenes 041-060__244G-1-_20230815212159478.mp4,Ravonna Renslayer's Uniform,0.0,1,0.6919187307357788,False,FP
Scenes 041-060__244G-1-_20230815212159478.mp4,TemPad,0.0,1,0.7092676162719727,False,FP
Scenes 041-060__244G-1-_20230815212159478.mp4,Classic Loki Armor,0.0,0,0.0,False,TN
Scenes 001-020__220D-2-_20230815190723523.mp4,TVA Monitor,0.0,0,0.0,False,TN
Scenes 001-020__220D-2-_20230815190723523.mp4,Loki's Armor,0.0,0,0.0,False,TN
Scenes 001-020__220D-2-_20230815190723523.mp4,Aligator Loki Plushie,0.0,0,0.0,False,TN
Scenes 001-020__220D-2-_20230815190723523.mp4,Time Stick,0.0,1,0.5955502390861511,False,FP
Scenes 001-020__220D-2-_20230815190723523.mp4,TimeSpear,0.0,1,0.7869745492935181,False,FP
Scenes 001-020__220D-2-_20230815190723523.mp4,Sylvie's Armor,0.0,1,0.6477624177932739,False,FP
Scenes 001-020__220D-2-_20230815190723523.mp4,Boastful Loki Armor,0.0,1,0.6527758836746216,False,FP
Scenes 001-020__220D-2-_20230815190723523.mp4,Sylvie's horned headpiece,0.0,1,0.7010084986686707,False,FP
Scenes 001-020__220D-2-_20230815190723523.mp4,Loki's dagger,0.0,1,0.6687886714935303,False,FP
Scenes 001-020__220D-2-_20230815190723523.mp4,TVA Uniform,0.0,0,0.0,False,TN
Scenes 001-020__220D-2-_20230815190723523.mp4,Kid Loki Armor,0.0,0,0.0,False,TN
Scenes 001-020__220D-2-_20230815190723523.mp4,TVA Prisoner Uniform,0.0,1,0.6566930413246155,False,FP
Scenes 001-020__220D-2-_20230815190723523.mp4,Loki's Variant uniform,0.0,1,0.8361430764198303,True,FP
Scenes 001-020__220D-2-_20230815190723523.mp4,Sylvie's machete,0.0,1,0.6872856616973877,False,FP
Scenes 001-020__220D-2-_20230815190723523.mp4,TVA Collar,0.0,1,0.6405733823776245,False,FP
Scenes 001-020__220D-2-_20230815190723523.mp4,Ravonna Renslayer's Uniform,0.0,1,0.6242285966873169,False,FP
Scenes 001-020__220D-2-_20230815190723523.mp4,TemPad,0.0,1,0.6964174509048462,False,FP
Scenes 001-020__220D-2-_20230815190723523.mp4,Classic Loki Armor,0.0,0,0.0,False,TN
Scenes 021-040__536C-1-_20230816063945052.mp4,TVA Monitor,0.0,1,0.6501182317733765,False,FP
Scenes 021-040__536C-1-_20230816063945052.mp4,Loki's Armor,0.0,0,0.0,False,TN
Scenes 021-040__536C-1-_20230816063945052.mp4,Aligator Loki Plushie,1.0,1,0.95110023021698,True,TP
Scenes 021-040__536C-1-_20230816063945052.mp4,Time Stick,0.0,1,0.6802175045013428,False,FP
Scenes 021-040__536C-1-_20230816063945052.mp4,TimeSpear,0.0,1,0.6420047879219055,False,FP
Scenes 021-040__536C-1-_20230816063945052.mp4,Sylvie's Armor,0.0,0,0.0,False,TN
Scenes 021-040__536C-1-_20230816063945052.mp4,Boastful Loki Armor,0.0,1,0.7184200286865234,False,FP
Scenes 021-040__536C-1-_20230816063945052.mp4,Sylvie's horned headpiece,0.0,0,0.0,False,TN
Scenes 021-040__536C-1-_20230816063945052.mp4,Loki's dagger,0.0,0,0.0,False,TN
Scenes 021-040__536C-1-_20230816063945052.mp4,TVA Uniform,0.0,0,0.0,False,TN
Scenes 021-040__536C-1-_20230816063945052.mp4,Kid Loki Armor,0.0,0,0.0,False,TN
Scenes 021-040__536C-1-_20230816063945052.mp4,TVA Prisoner Uniform,0.0,1,0.6663198471069336,False,FP
Scenes 021-040__536C-1-_20230816063945052.mp4,Loki's Variant uniform,0.0,1,0.6742908358573914,False,FP
Scenes 021-040__536C-1-_20230816063945052.mp4,Sylvie's machete,0.0,1,0.7075226306915283,False,FP
Scenes 021-040__536C-1-_20230816063945052.mp4,TVA Collar,0.0,1,0.6182934045791626,False,FP
Scenes 021-040__536C-1-_20230816063945052.mp4,Ravonna Renslayer's Uniform,0.0,0,0.0,False,TN
Scenes 021-040__536C-1-_20230816063945052.mp4,TemPad,0.0,1,0.6838722229003906,False,FP
Scenes 021-040__536C-1-_20230816063945052.mp4,Classic Loki Armor,0.0,0,0.0,False,TN
Scenes 021-040__528A-2-_20230815195348745.mp4,TVA Monitor,0.0,0,0.0,False,TN
Scenes 021-040__528A-2-_20230815195348745.mp4,Loki's Armor,0.0,0,0.0,False,TN
Scenes 021-040__528A-2-_20230815195348745.mp4,Aligator Loki Plushie,0.0,0,0.0,False,TN
Scenes 021-040__528A-2-_20230815195348745.mp4,Time Stick,0.0,0,0.0,False,TN
Scenes 021-040__528A-2-_20230815195348745.mp4,TimeSpear,0.0,0,0.0,False,TN
Scenes 021-040__528A-2-_20230815195348745.mp4,Sylvie's Armor,0.0,0,0.0,False,TN
Scenes 021-040__528A-2-_20230815195348745.mp4,Boastful Loki Armor,0.0,0,0.0,False,TN
Scenes 021-040__528A-2-_20230815195348745.mp4,Sylvie's horned headpiece,0.0,0,0.0,False,TN
Scenes 021-040__528A-2-_20230815195348745.mp4,Loki's dagger,0.0,0,0.0,False,TN
Scenes 021-040__528A-2-_20230815195348745.mp4,TVA Uniform,0.0,0,0.0,False,TN
Scenes 021-040__528A-2-_20230815195348745.mp4,Kid Loki Armor,0.0,0,0.0,False,TN
Scenes 021-040__528A-2-_20230815195348745.mp4,TVA Prisoner Uniform,0.0,0,0.0,False,TN
Scenes 021-040__528A-2-_20230815195348745.mp4,Loki's Variant uniform,0.0,0,0.0,False,TN
Scenes 021-040__528A-2-_20230815195348745.mp4,Sylvie's machete,0.0,0,0.0,False,TN
Scenes 021-040__528A-2-_20230815195348745.mp4,TVA Collar,0.0,0,0.0,False,TN
Scenes 021-040__528A-2-_20230815195348745.mp4,Ravonna Renslayer's Uniform,0.0,0,0.0,False,TN
Scenes 021-040__528A-2-_20230815195348745.mp4,TemPad,0.0,0,0.0,False,TN
Scenes 021-040__528A-2-_20230815195348745.mp4,Classic Loki Armor,0.0,0,0.0,False,TN
Scenes 001-020__506E-1ng_b_20230816043951139.mp4,TVA Monitor,0.0,0,0.0,False,TN
Scenes 001-020__506E-1ng_b_20230816043951139.mp4,Loki's Armor,0.0,0,0.0,False,TN
Scenes 001-020__506E-1ng_b_20230816043951139.mp4,Aligator Loki Plushie,1.0,1,0.9521578550338745,True,TP
Scenes 001-020__506E-1ng_b_20230816043951139.mp4,Time Stick,0.0,0,0.0,False,TN
Scenes 001-020__506E-1ng_b_20230816043951139.mp4,TimeSpear,0.0,0,0.0,False,TN
Scenes 001-020__506E-1ng_b_20230816043951139.mp4,Sylvie's Armor,0.0,0,0.0,False,TN
Scenes 001-020__506E-1ng_b_20230816043951139.mp4,Boastful Loki Armor,0.0,1,0.5974393486976624,False,FP
Scenes 001-020__506E-1ng_b_20230816043951139.mp4,Sylvie's horned headpiece,0.0,0,0.0,False,TN
Scenes 001-020__506E-1ng_b_20230816043951139.mp4,Loki's dagger,0.0,0,0.0,False,TN
Scenes 001-020__506E-1ng_b_20230816043951139.mp4,TVA Uniform,0.0,0,0.0,False,TN
Scenes 001-020__506E-1ng_b_20230816043951139.mp4,Kid Loki Armor,0.0,1,0.7561421394348145,False,FP
Scenes 001-020__506E-1ng_b_20230816043951139.mp4,TVA Prisoner Uniform,0.0,0,0.0,False,TN
Scenes 001-020__506E-1ng_b_20230816043951139.mp4,Loki's Variant uniform,0.0,0,0.0,False,TN
Scenes 001-020__506E-1ng_b_20230816043951139.mp4,Sylvie's machete,0.0,1,0.8195141553878784,True,FP
Scenes 001-020__506E-1ng_b_20230816043951139.mp4,TVA Collar,0.0,0,0.0,False,TN
Scenes 001-020__506E-1ng_b_20230816043951139.mp4,Ravonna Renslayer's Uniform,0.0,0,0.0,False,TN
Scenes 001-020__506E-1ng_b_20230816043951139.mp4,TemPad,0.0,0,0.0,False,TN
Scenes 001-020__506E-1ng_b_20230816043951139.mp4,Classic Loki Armor,0.0,0,0.0,False,TN
Scenes 041-060__244F-1- mos_20230815211755975.mp4,TVA Monitor,0.0,1,0.6328788995742798,False,FP
Scenes 041-060__244F-1- mos_20230815211755975.mp4,Loki's Armor,0.0,0,0.0,False,TN
Scenes 041-060__244F-1- mos_20230815211755975.mp4,Aligator Loki Plushie,0.0,0,0.0,False,TN
Scenes 041-060__244F-1- mos_20230815211755975.mp4,Time Stick,0.0,0,0.0,False,TN
Scenes 041-060__244F-1- mos_20230815211755975.mp4,TimeSpear,0.0,1,0.6955773830413818,False,FP
Scenes 041-060__244F-1- mos_20230815211755975.mp4,Sylvie's Armor,0.0,0,0.0,False,TN
Scenes 041-060__244F-1- mos_20230815211755975.mp4,Boastful Loki Armor,0.0,0,0.0,False,TN
Scenes 041-060__244F-1- mos_20230815211755975.mp4,Sylvie's horned headpiece,0.0,0,0.0,False,TN
Scenes 041-060__244F-1- mos_20230815211755975.mp4,Loki's dagger,0.0,0,0.0,False,TN
Scenes 041-060__244F-1- mos_20230815211755975.mp4,TVA Uniform,0.0,0,0.0,False,TN
Scenes 041-060__244F-1- mos_20230815211755975.mp4,Kid Loki Armor,0.0,0,0.0,False,TN
Scenes 041-060__244F-1- mos_20230815211755975.mp4,TVA Prisoner Uniform,0.0,0,0.0,False,TN
Scenes 041-060__244F-1- mos_20230815211755975.mp4,Loki's Variant uniform,0.0,0,0.0,False,TN
Scenes 041-060__244F-1- mos_20230815211755975.mp4,Sylvie's machete,0.0,0,0.0,False,TN
Scenes 041-060__244F-1- mos_20230815211755975.mp4,TVA Collar,0.0,1,0.6241316795349121,False,FP
Scenes 041-060__244F-1- mos_20230815211755975.mp4,Ravonna Renslayer's Uniform,0.0,0,0.0,False,TN
Scenes 041-060__244F-1- mos_20230815211755975.mp4,TemPad,1.0,1,0.9202010035514832,True,TP
Scenes 041-060__244F-1- mos_20230815211755975.mp4,Classic Loki Armor,0.0,0,0.0,False,TN
Scenes 001-020__112H-4- mos_20230728142940155.mp4,TVA Monitor,0.0,0,0.0,False,TN
Scenes 001-020__112H-4- mos_20230728142940155.mp4,Loki's Armor,0.0,0,0.0,False,TN
Scenes 001-020__112H-4- mos_20230728142940155.mp4,Aligator Loki Plushie,0.0,0,0.0,False,TN
Scenes 001-020__112H-4- mos_20230728142940155.mp4,Time Stick,0.0,1,0.6023643016815186,False,FP
Scenes 001-020__112H-4- mos_20230728142940155.mp4,TimeSpear,0.0,1,0.635515034198761,False,FP
Scenes 001-020__112H-4- mos_20230728142940155.mp4,Sylvie's Armor,0.0,0,0.0,False,TN
Scenes 001-020__112H-4- mos_20230728142940155.mp4,Boastful Loki Armor,0.0,1,0.5939975380897522,False,FP
Scenes 001-020__112H-4- mos_20230728142940155.mp4,Sylvie's horned headpiece,0.0,0,0.0,False,TN
Scenes 001-020__112H-4- mos_20230728142940155.mp4,Loki's dagger,0.0,1,0.5808035731315613,False,FP
Scenes 001-020__112H-4- mos_20230728142940155.mp4,TVA Uniform,0.0,0,0.0,False,TN
Scenes 001-020__112H-4- mos_20230728142940155.mp4,Kid Loki Armor,0.0,0,0.0,False,TN
Scenes 001-020__112H-4- mos_20230728142940155.mp4,TVA Prisoner Uniform,0.0,0,0.0,False,TN
Scenes 001-020__112H-4- mos_20230728142940155.mp4,Loki's Variant uniform,0.0,1,0.5805782079696655,False,FP
Scenes 001-020__112H-4- mos_20230728142940155.mp4,Sylvie's machete,0.0,0,0.0,False,TN
Scenes 001-020__112H-4- mos_20230728142940155.mp4,TVA Collar,0.0,1,0.5955542922019958,False,FP
Scenes 001-020__112H-4- mos_20230728142940155.mp4,Ravonna Renslayer's Uniform,0.0,0,0.0,False,TN
Scenes 001-020__112H-4- mos_20230728142940155.mp4,TemPad,0.0,0,0.0,False,TN
Scenes 001-020__112H-4- mos_20230728142940155.mp4,Classic Loki Armor,0.0,0,0.0,False,TN
Scenes 061-080__163A-1- mos_20230815180055695.mp4,TVA Monitor,0.0,0,0.0,False,TN
Scenes 061-080__163A-1- mos_20230815180055695.mp4,Loki's Armor,0.0,0,0.0,False,TN
Scenes 061-080__163A-1- mos_20230815180055695.mp4,Aligator Loki Plushie,0.0,1,0.6619781255722046,False,FP
Scenes 061-080__163A-1- mos_20230815180055695.mp4,Time Stick,0.0,0,0.0,False,TN
Scenes 061-080__163A-1- mos_20230815180055695.mp4,TimeSpear,0.0,0,0.0,False,TN
Scenes 061-080__163A-1- mos_20230815180055695.mp4,Sylvie's Armor,0.0,0,0.0,False,TN
Scenes 061-080__163A-1- mos_20230815180055695.mp4,Boastful Loki Armor,0.0,0,0.0,False,TN
Scenes 061-080__163A-1- mos_20230815180055695.mp4,Sylvie's horned headpiece,0.0,0,0.0,False,TN
Scenes 061-080__163A-1- mos_20230815180055695.mp4,Loki's dagger,0.0,0,0.0,False,TN
Scenes 061-080__163A-1- mos_20230815180055695.mp4,TVA Uniform,0.0,0,0.0,False,TN
Scenes 061-080__163A-1- mos_20230815180055695.mp4,Kid Loki Armor,0.0,0,0.0,False,TN
Scenes 061-080__163A-1- mos_20230815180055695.mp4,TVA Prisoner Uniform,1.0,1,0.6960979104042053,False,TP
Scenes 061-080__163A-1- mos_20230815180055695.mp4,Loki's Variant uniform,0.0,1,0.6601271033287048,False,FP
Scenes 061-080__163A-1- mos_20230815180055695.mp4,Sylvie's machete,0.0,1,0.6437058448791504,False,FP
Scenes 061-080__163A-1- mos_20230815180055695.mp4,TVA Collar,0.0,0,0.0,False,TN
Scenes 061-080__163A-1- mos_20230815180055695.mp4,Ravonna Renslayer's Uniform,0.0,0,0.0,False,TN
Scenes 061-080__163A-1- mos_20230815180055695.mp4,TemPad,0.0,1,0.6573895215988159,False,FP
Scenes 061-080__163A-1- mos_20230815180055695.mp4,Classic Loki Armor,0.0,0,0.0,False,TN
Scenes 021-040__323A-1_20230816000111901.mp4,TVA Monitor,0.0,0,0.0,False,TN
Scenes 021-040__323A-1_20230816000111901.mp4,Loki's Armor,0.0,0,0.0,False,TN
Scenes 021-040__323A-1_20230816000111901.mp4,Aligator Loki Plushie,0.0,0,0.0,False,TN
Scenes 021-040__323A-1_20230816000111901.mp4,Time Stick,0.0,1,0.582249104976654,False,FP
Scenes 021-040__323A-1_20230816000111901.mp4,TimeSpear,0.0,0,0.0,False,TN
Scenes 021-040__323A-1_20230816000111901.mp4,Sylvie's Armor,1.0,0,0.0,False,FN
Scenes 021-040__323A-1_20230816000111901.mp4,Boastful Loki Armor,0.0,0,0.0,False,TN
Scenes 021-040__323A-1_20230816000111901.mp4,Sylvie's horned headpiece,0.0,0,0.0,False,TN
Scenes 021-040__323A-1_20230816000111901.mp4,Loki's dagger,0.0,0,0.0,False,TN
Scenes 021-040__323A-1_20230816000111901.mp4,TVA Uniform,0.0,0,0.0,False,TN
Scenes 021-040__323A-1_20230816000111901.mp4,Kid Loki Armor,0.0,0,0.0,False,TN
Scenes 021-040__323A-1_20230816000111901.mp4,TVA Prisoner Uniform,0.0,0,0.0,False,TN
Scenes 021-040__323A-1_20230816000111901.mp4,Loki's Variant uniform,0.0,0,0.0,False,TN
Scenes 021-040__323A-1_20230816000111901.mp4,Sylvie's machete,0.0,1,0.7699591517448425,False,FP
Scenes 021-040__323A-1_20230816000111901.mp4,TVA Collar,0.0,0,0.0,False,TN
Scenes 021-040__323A-1_20230816000111901.mp4,Ravonna Renslayer's Uniform,0.0,0,0.0,False,TN
Scenes 021-040__323A-1_20230816000111901.mp4,TemPad,0.0,0,0.0,False,TN
Scenes 021-040__323A-1_20230816000111901.mp4,Classic Loki Armor,0.0,0,0.0,False,TN
Scenes 001-020__110D-1- mos_20230728125258979.mp4,TVA Monitor,0.0,0,0.0,False,TN
Scenes 001-020__110D-1- mos_20230728125258979.mp4,Loki's Armor,0.0,0,0.0,False,TN
Scenes 001-020__110D-1- mos_20230728125258979.mp4,Aligator Loki Plushie,0.0,0,0.0,False,TN
Scenes 001-020__110D-1- mos_20230728125258979.mp4,Time Stick,0.0,0,0.0,False,TN
Scenes 001-020__110D-1- mos_20230728125258979.mp4,TimeSpear,0.0,0,0.0,False,TN
Scenes 001-020__110D-1- mos_20230728125258979.mp4,Sylvie's Armor,0.0,0,0.0,False,TN
Scenes 001-020__110D-1- mos_20230728125258979.mp4,Boastful Loki Armor,0.0,0,0.0,False,TN
Scenes 001-020__110D-1- mos_20230728125258979.mp4,Sylvie's horned headpiece,0.0,0,0.0,False,TN
Scenes 001-020__110D-1- mos_20230728125258979.mp4,Loki's dagger,0.0,0,0.0,False,TN
Scenes 001-020__110D-1- mos_20230728125258979.mp4,TVA Uniform,0.0,0,0.0,False,TN
Scenes 001-020__110D-1- mos_20230728125258979.mp4,Kid Loki Armor,0.0,0,0.0,False,TN
Scenes 001-020__110D-1- mos_20230728125258979.mp4,TVA Prisoner Uniform,0.0,0,0.0,False,TN
Scenes 001-020__110D-1- mos_20230728125258979.mp4,Loki's Variant uniform,0.0,0,0.0,False,TN
Scenes 001-020__110D-1- mos_20230728125258979.mp4,Sylvie's machete,0.0,0,0.0,False,TN
Scenes 001-020__110D-1- mos_20230728125258979.mp4,TVA Collar,0.0,0,0.0,False,TN
Scenes 001-020__110D-1- mos_20230728125258979.mp4,Ravonna Renslayer's Uniform,0.0,0,0.0,False,TN
Scenes 001-020__110D-1- mos_20230728125258979.mp4,TemPad,0.0,1,0.5460476875305176,False,FP
Scenes 001-020__110D-1- mos_20230728125258979.mp4,Classic Loki Armor,0.0,0,0.0,False,TN
Scenes 001-020__207A-1-_20230815182030372.mp4,TVA Monitor,0.0,0,0.0,False,TN
Scenes 001-020__207A-1-_20230815182030372.mp4,Loki's Armor,0.0,1,0.6835479736328125,False,FP
Scenes 001-020__207A-1-_20230815182030372.mp4,Aligator Loki Plushie,0.0,1,0.6754074096679688,False,FP
Scenes 001-020__207A-1-_20230815182030372.mp4,Time Stick,1.0,1,0.7514880895614624,False,TP
Scenes 001-020__207A-1-_20230815182030372.mp4,TimeSpear,0.0,1,0.6900440454483032,False,FP
Scenes 001-020__207A-1-_20230815182030372.mp4,Sylvie's Armor,0.0,1,0.6541271805763245,False,FP
Scenes 001-020__207A-1-_20230815182030372.mp4,Boastful Loki Armor,0.0,1,0.6906816363334656,False,FP
Scenes 001-020__207A-1-_20230815182030372.mp4,Sylvie's horned headpiece,0.0,1,0.7148331999778748,False,FP
Scenes 001-020__207A-1-_20230815182030372.mp4,Loki's dagger,0.0,1,0.6725655198097229,False,FP
Scenes 001-020__207A-1-_20230815182030372.mp4,TVA Uniform,1.0,1,0.8249495029449463,True,TP
Scenes 001-020__207A-1-_20230815182030372.mp4,Kid Loki Armor,0.0,1,0.7325071692466736,False,FP
Scenes 001-020__207A-1-_20230815182030372.mp4,TVA Prisoner Uniform,0.0,1,0.8417226672172546,True,FP
Scenes 001-020__207A-1-_20230815182030372.mp4,Loki's Variant uniform,1.0,1,0.7949174046516418,False,TP
Scenes 001-020__207A-1-_20230815182030372.mp4,Sylvie's machete,0.0,1,0.7467290759086609,False,FP
Scenes 001-020__207A-1-_20230815182030372.mp4,TVA Collar,0.0,1,0.7472151517868042,False,FP
Scenes 001-020__207A-1-_20230815182030372.mp4,Ravonna Renslayer's Uniform,0.0,0,0.0,False,TN
Scenes 001-020__207A-1-_20230815182030372.mp4,TemPad,1.0,1,0.8912755846977234,True,TP
Scenes 001-020__207A-1-_20230815182030372.mp4,Classic Loki Armor,0.0,0,0.0,False,TN
Scenes 021-040__321-11d only_20230815235100054.mp4,TVA Monitor,0.0,0,0.0,False,TN
Scenes 021-040__321-11d only_20230815235100054.mp4,Loki's Armor,0.0,0,0.0,False,TN
Scenes 021-040__321-11d only_20230815235100054.mp4,Aligator Loki Plushie,0.0,1,0.7474466562271118,False,FP
Scenes 021-040__321-11d only_20230815235100054.mp4,Time Stick,0.0,1,0.6367819905281067,False,FP
Scenes 021-040__321-11d only_20230815235100054.mp4,TimeSpear,0.0,0,0.0,False,TN
Scenes 021-040__321-11d only_20230815235100054.mp4,Sylvie's Armor,1.0,1,0.614692747592926,False,TP
Scenes 021-040__321-11d only_20230815235100054.mp4,Boastful Loki Armor,0.0,1,0.5871585011482239,False,FP
Scenes 021-040__321-11d only_20230815235100054.mp4,Sylvie's horned headpiece,0.0,0,0.0,False,TN
Scenes 021-040__321-11d only_20230815235100054.mp4,Loki's dagger,0.0,0,0.0,False,TN
Scenes 021-040__321-11d only_20230815235100054.mp4,TVA Uniform,0.0,0,0.0,False,TN
Scenes 021-040__321-11d only_20230815235100054.mp4,Kid Loki Armor,0.0,0,0.0,False,TN
Scenes 021-040__321-11d only_20230815235100054.mp4,TVA Prisoner Uniform,0.0,1,0.6719223856925964,False,FP
Scenes 021-040__321-11d only_20230815235100054.mp4,Loki's Variant uniform,0.0,0,0.0,False,TN
Scenes 021-040__321-11d only_20230815235100054.mp4,Sylvie's machete,1.0,1,0.6662631034851074,False,TP
Scenes 021-040__321-11d only_20230815235100054.mp4,TVA Collar,0.0,1,0.6722195744514465,False,FP
Scenes 021-040__321-11d only_20230815235100054.mp4,Ravonna Renslayer's Uniform,0.0,0,0.0,False,TN
Scenes 021-040__321-11d only_20230815235100054.mp4,TemPad,0.0,0,0.0,False,TN
Scenes 021-040__321-11d only_20230815235100054.mp4,Classic Loki Armor,0.0,1,0.49678465723991394,False,FP
Scenes 041-060__156F-1-_20230815175731629.mp4,TVA Monitor,0.0,0,0.0,False,TN
Scenes 041-060__156F-1-_20230815175731629.mp4,Loki's Armor,0.0,1,0.6488563418388367,False,FP
Scenes 041-060__156F-1-_20230815175731629.mp4,Aligator Loki Plushie,0.0,0,0.0,False,TN
Scenes 041-060__156F-1-_20230815175731629.mp4,Time Stick,0.0,0,0.0,False,TN
Scenes 041-060__156F-1-_20230815175731629.mp4,TimeSpear,0.0,0,0.0,False,TN
Scenes 041-060__156F-1-_20230815175731629.mp4,Sylvie's Armor,0.0,0,0.0,False,TN
Scenes 041-060__156F-1-_20230815175731629.mp4,Boastful Loki Armor,0.0,0,0.0,False,TN
Scenes 041-060__156F-1-_20230815175731629.mp4,Sylvie's horned headpiece,0.0,1,0.6314010620117188,False,FP
Scenes 041-060__156F-1-_20230815175731629.mp4,Loki's dagger,0.0,0,0.0,False,TN
Scenes 041-060__156F-1-_20230815175731629.mp4,TVA Uniform,0.0,0,0.0,False,TN
Scenes 041-060__156F-1-_20230815175731629.mp4,Kid Loki Armor,0.0,0,0.0,False,TN
Scenes 041-060__156F-1-_20230815175731629.mp4,TVA Prisoner Uniform,0.0,0,0.0,False,TN
Scenes 041-060__156F-1-_20230815175731629.mp4,Loki's Variant uniform,0.0,1,0.7213761210441589,False,FP
Scenes 041-060__156F-1-_20230815175731629.mp4,Sylvie's machete,0.0,0,0.0,False,TN
Scenes 041-060__156F-1-_20230815175731629.mp4,TVA Collar,0.0,1,0.7064282894134521,False,FP
Scenes 041-060__156F-1-_20230815175731629.mp4,Ravonna Renslayer's Uniform,0.0,0,0.0,False,TN
Scenes 041-060__156F-1-_20230815175731629.mp4,TemPad,0.0,1,0.8150612115859985,True,FP
Scenes 041-060__156F-1-_20230815175731629.mp4,Classic Loki Armor,0.0,0,0.0,False,TN
Scenes 001-020__314-3_20230815232058756.mp4,TVA Monitor,0.0,0,0.0,False,TN
Scenes 001-020__314-3_20230815232058756.mp4,Loki's Armor,0.0,0,0.0,False,TN
Scenes 001-020__314-3_20230815232058756.mp4,Aligator Loki Plushie,0.0,1,0.7742498517036438,False,FP
Scenes 001-020__314-3_20230815232058756.mp4,Time Stick,0.0,0,0.0,False,TN
Scenes 001-020__314-3_20230815232058756.mp4,TimeSpear,0.0,0,0.0,False,TN
Scenes 001-020__314-3_20230815232058756.mp4,Sylvie's Armor,1.0,1,0.7341793775558472,False,TP
Scenes 001-020__314-3_20230815232058756.mp4,Boastful Loki Armor,0.0,1,0.6911581158638,False,FP
Scenes 001-020__314-3_20230815232058756.mp4,Sylvie's horned headpiece,0.0,1,0.6674278974533081,False,FP
Scenes 001-020__314-3_20230815232058756.mp4,Loki's dagger,0.0,0,0.0,False,TN
Scenes 001-020__314-3_20230815232058756.mp4,TVA Uniform,0.0,0,0.0,False,TN
Scenes 001-020__314-3_20230815232058756.mp4,Kid Loki Armor,0.0,1,0.7096378207206726,False,FP
Scenes 001-020__314-3_20230815232058756.mp4,TVA Prisoner Uniform,0.0,1,0.7385289669036865,False,FP
Scenes 001-020__314-3_20230815232058756.mp4,Loki's Variant uniform,0.0,0,0.0,False,TN
Scenes 001-020__314-3_20230815232058756.mp4,Sylvie's machete,0.0,1,0.8029817342758179,True,FP
Scenes 001-020__314-3_20230815232058756.mp4,TVA Collar,0.0,1,0.6275675296783447,False,FP
Scenes 001-020__314-3_20230815232058756.mp4,Ravonna Renslayer's Uniform,0.0,1,0.6411818265914917,False,FP
Scenes 001-020__314-3_20230815232058756.mp4,TemPad,0.0,0,0.0,False,TN
Scenes 001-020__314-3_20230815232058756.mp4,Classic Loki Armor,0.0,1,0.6379228830337524,False,FP
Scenes 021-040__239A-1-_20230815192921019.mp4,TVA Monitor,0.0,0,0.0,False,TN
Scenes 021-040__239A-1-_20230815192921019.mp4,Loki's Armor,0.0,0,0.0,False,TN
Scenes 021-040__239A-1-_20230815192921019.mp4,Aligator Loki Plushie,0.0,0,0.0,False,TN
Scenes 021-040__239A-1-_20230815192921019.mp4,Time Stick,0.0,1,0.7689504623413086,False,FP
Scenes 021-040__239A-1-_20230815192921019.mp4,TimeSpear,0.0,1,0.5690394043922424,False,FP
Scenes 021-040__239A-1-_20230815192921019.mp4,Sylvie's Armor,0.0,0,0.0,False,TN
Scenes 021-040__239A-1-_20230815192921019.mp4,Boastful Loki Armor,0.0,0,0.0,False,TN
Scenes 021-040__239A-1-_20230815192921019.mp4,Sylvie's horned headpiece,0.0,0,0.0,False,TN
Scenes 021-040__239A-1-_20230815192921019.mp4,Loki's dagger,0.0,1,0.6364263296127319,False,FP
Scenes 021-040__239A-1-_20230815192921019.mp4,TVA Uniform,0.0,0,0.0,False,TN
Scenes 021-040__239A-1-_20230815192921019.mp4,Kid Loki Armor,0.0,0,0.0,False,TN
Scenes 021-040__239A-1-_20230815192921019.mp4,TVA Prisoner Uniform,0.0,0,0.0,False,TN
Scenes 021-040__239A-1-_20230815192921019.mp4,Loki's Variant uniform,1.0,1,0.7478165030479431,False,TP
Scenes 021-040__239A-1-_20230815192921019.mp4,Sylvie's machete,0.0,0,0.0,False,TN
Scenes 021-040__239A-1-_20230815192921019.mp4,TVA Collar,0.0,1,0.7354040741920471,False,FP
Scenes 021-040__239A-1-_20230815192921019.mp4,Ravonna Renslayer's Uniform,0.0,1,0.6680136322975159,False,FP
Scenes 021-040__239A-1-_20230815192921019.mp4,TemPad,0.0,1,0.6131495237350464,False,FP
Scenes 021-040__239A-1-_20230815192921019.mp4,Classic Loki Armor,0.0,0,0.0,False,TN
Scenes 061-080__265N-1_20230815220141511.mp4,TVA Monitor,0.0,0,0.0,False,TN
Scenes 061-080__265N-1_20230815220141511.mp4,Loki's Armor,0.0,1,0.6856158971786499,False,FP
Scenes 061-080__265N-1_20230815220141511.mp4,Aligator Loki Plushie,0.0,0,0.0,False,TN
Scenes 061-080__265N-1_20230815220141511.mp4,Time Stick,1.0,1,0.8941289186477661,True,TP
Scenes 061-080__265N-1_20230815220141511.mp4,TimeSpear,0.0,1,0.7996848821640015,False,FP
Scenes 061-080__265N-1_20230815220141511.mp4,Sylvie's Armor,0.0,0,0.0,False,TN
Scenes 061-080__265N-1_20230815220141511.mp4,Boastful Loki Armor,0.0,0,0.0,False,TN
Scenes 061-080__265N-1_20230815220141511.mp4,Sylvie's horned headpiece,0.0,0,0.0,False,TN
Scenes 061-080__265N-1_20230815220141511.mp4,Loki's dagger,0.0,0,0.0,False,TN
Scenes 061-080__265N-1_20230815220141511.mp4,TVA Uniform,0.0,0,0.0,False,TN
Scenes 061-080__265N-1_20230815220141511.mp4,Kid Loki Armor,0.0,0,0.0,False,TN
Scenes 061-080__265N-1_20230815220141511.mp4,TVA Prisoner Uniform,0.0,0,0.0,False,TN
Scenes 061-080__265N-1_20230815220141511.mp4,Loki's Variant uniform,0.0,1,0.7304467558860779,False,FP
Scenes 061-080__265N-1_20230815220141511.mp4,Sylvie's machete,0.0,1,0.6909348964691162,False,FP
Scenes 061-080__265N-1_20230815220141511.mp4,TVA Collar,0.0,0,0.0,False,TN
Scenes 061-080__265N-1_20230815220141511.mp4,Ravonna Renslayer's Uniform,1.0,1,0.9613873958587646,True,TP
Scenes 061-080__265N-1_20230815220141511.mp4,TemPad,0.0,0,0.0,False,TN
Scenes 061-080__265N-1_20230815220141511.mp4,Classic Loki Armor,0.0,0,0.0,False,TN
Scenes 061-080__265G-3-_20230815215442372.mp4,TVA Monitor,0.0,0,0.0,False,TN
Scenes 061-080__265G-3-_20230815215442372.mp4,Loki's Armor,0.0,1,0.5941656827926636,False,FP
Scenes 061-080__265G-3-_20230815215442372.mp4,Aligator Loki Plushie,0.0,0,0.0,False,TN
Scenes 061-080__265G-3-_20230815215442372.mp4,Time Stick,0.0,1,0.6909698843955994,False,FP
Scenes 061-080__265G-3-_20230815215442372.mp4,TimeSpear,0.0,1,0.7908132672309875,False,FP
Scenes 061-080__265G-3-_20230815215442372.mp4,Sylvie's Armor,0.0,1,0.8327657580375671,True,FP
Scenes 061-080__265G-3-_20230815215442372.mp4,Boastful Loki Armor,0.0,0,0.0,False,TN
Scenes 061-080__265G-3-_20230815215442372.mp4,Sylvie's horned headpiece,1.0,1,0.8558775186538696,True,TP
Scenes 061-080__265G-3-_20230815215442372.mp4,Loki's dagger,1.0,1,0.9443021416664124,True,TP
Scenes 061-080__265G-3-_20230815215442372.mp4,TVA Uniform,0.0,0,0.0,False,TN
Scenes 061-080__265G-3-_20230815215442372.mp4,Kid Loki Armor,0.0,0,0.0,False,TN
Scenes 061-080__265G-3-_20230815215442372.mp4,TVA Prisoner Uniform,0.0,0,0.0,False,TN
Scenes 061-080__265G-3-_20230815215442372.mp4,Loki's Variant uniform,1.0,1,0.9243178367614746,True,TP
Scenes 061-080__265G-3-_20230815215442372.mp4,Sylvie's machete,1.0,1,0.753694474697113,False,TP
Scenes 061-080__265G-3-_20230815215442372.mp4,TVA Collar,0.0,1,0.7039703726768494,False,FP
Scenes 061-080__265G-3-_20230815215442372.mp4,Ravonna Renslayer's Uniform,0.0,0,0.0,False,TN
Scenes 061-080__265G-3-_20230815215442372.mp4,TemPad,1.0,1,0.8516714572906494,True,TP
Scenes 061-080__265G-3-_20230815215442372.mp4,Classic Loki Armor,0.0,0,0.0,False,TN
Scenes 001-020__302A-FS1_20230815200137702.mp4,TVA Monitor,0.0,0,0.0,False,TN
Scenes 001-020__302A-FS1_20230815200137702.mp4,Loki's Armor,0.0,0,0.0,False,TN
Scenes 001-020__302A-FS1_20230815200137702.mp4,Aligator Loki Plushie,0.0,0,0.0,False,TN
Scenes 001-020__302A-FS1_20230815200137702.mp4,Time Stick,0.0,0,0.0,False,TN
Scenes 001-020__302A-FS1_20230815200137702.mp4,TimeSpear,0.0,1,0.7472632527351379,False,FP
Scenes 001-020__302A-FS1_20230815200137702.mp4,Sylvie's Armor,0.0,0,0.0,False,TN
Scenes 001-020__302A-FS1_20230815200137702.mp4,Boastful Loki Armor,0.0,0,0.0,False,TN
Scenes 001-020__302A-FS1_20230815200137702.mp4,Sylvie's horned headpiece,0.0,0,0.0,False,TN
Scenes 001-020__302A-FS1_20230815200137702.mp4,Loki's dagger,0.0,0,0.0,False,TN
Scenes 001-020__302A-FS1_20230815200137702.mp4,TVA Uniform,0.0,0,0.0,False,TN
Scenes 001-020__302A-FS1_20230815200137702.mp4,Kid Loki Armor,0.0,0,0.0,False,TN
Scenes 001-020__302A-FS1_20230815200137702.mp4,TVA Prisoner Uniform,0.0,0,0.0,False,TN
Scenes 001-020__302A-FS1_20230815200137702.mp4,Loki's Variant uniform,0.0,0,0.0,False,TN
Scenes 001-020__302A-FS1_20230815200137702.mp4,Sylvie's machete,0.0,0,0.0,False,TN
Scenes 001-020__302A-FS1_20230815200137702.mp4,TVA Collar,0.0,0,0.0,False,TN
Scenes 001-020__302A-FS1_20230815200137702.mp4,Ravonna Renslayer's Uniform,0.0,0,0.0,False,TN
Scenes 001-020__302A-FS1_20230815200137702.mp4,TemPad,0.0,0,0.0,False,TN
Scenes 001-020__302A-FS1_20230815200137702.mp4,Classic Loki Armor,0.0,0,0.0,False,TN
Scenes 001-020__114H-2- mos_20230815163819362.mp4,TVA Monitor,0.0,0,0.0,False,TN
Scenes 001-020__114H-2- mos_20230815163819362.mp4,Loki's Armor,0.0,0,0.0,False,TN
Scenes 001-020__114H-2- mos_20230815163819362.mp4,Aligator Loki Plushie,0.0,0,0.0,False,TN
Scenes 001-020__114H-2- mos_20230815163819362.mp4,Time Stick,0.0,1,0.6046779751777649,False,FP
Scenes 001-020__114H-2- mos_20230815163819362.mp4,TimeSpear,0.0,0,0.0,False,TN
Scenes 001-020__114H-2- mos_20230815163819362.mp4,Sylvie's Armor,0.0,0,0.0,False,TN
Scenes 001-020__114H-2- mos_20230815163819362.mp4,Boastful Loki Armor,0.0,0,0.0,False,TN
Scenes 001-020__114H-2- mos_20230815163819362.mp4,Sylvie's horned headpiece,0.0,0,0.0,False,TN
Scenes 001-020__114H-2- mos_20230815163819362.mp4,Loki's dagger,0.0,0,0.0,False,TN
Scenes 001-020__114H-2- mos_20230815163819362.mp4,TVA Uniform,0.0,0,0.0,False,TN
Scenes 001-020__114H-2- mos_20230815163819362.mp4,Kid Loki Armor,0.0,0,0.0,False,TN
Scenes 001-020__114H-2- mos_20230815163819362.mp4,TVA Prisoner Uniform,0.0,0,0.0,False,TN
Scenes 001-020__114H-2- mos_20230815163819362.mp4,Loki's Variant uniform,0.0,1,0.7340779304504395,False,FP
Scenes 001-020__114H-2- mos_20230815163819362.mp4,Sylvie's machete,0.0,1,0.6942286491394043,False,FP
Scenes 001-020__114H-2- mos_20230815163819362.mp4,TVA Collar,0.0,0,0.0,False,TN
Scenes 001-020__114H-2- mos_20230815163819362.mp4,Ravonna Renslayer's Uniform,0.0,1,0.5773611068725586,False,FP
Scenes 001-020__114H-2- mos_20230815163819362.mp4,TemPad,0.0,0,0.0,False,TN
Scenes 001-020__114H-2- mos_20230815163819362.mp4,Classic Loki Armor,0.0,0,0.0,False,TN
Scenes 001-020__507-1ng_20230816050923979.mp4,TVA Monitor,0.0,0,0.0,False,TN
Scenes 001-020__507-1ng_20230816050923979.mp4,Loki's Armor,0.0,0,0.0,False,TN
Scenes 001-020__507-1ng_20230816050923979.mp4,Aligator Loki Plushie,0.0,1,0.5676002502441406,False,FP
Scenes 001-020__507-1ng_20230816050923979.mp4,Time Stick,0.0,1,0.5252269506454468,False,FP
Scenes 001-020__507-1ng_20230816050923979.mp4,TimeSpear,0.0,0,0.0,False,TN
Scenes 001-020__507-1ng_20230816050923979.mp4,Sylvie's Armor,0.0,0,0.0,False,TN
Scenes 001-020__507-1ng_20230816050923979.mp4,Boastful Loki Armor,1.0,1,0.7628285884857178,False,TP
Scenes 001-020__507-1ng_20230816050923979.mp4,Sylvie's horned headpiece,0.0,1,0.6354568600654602,False,FP
Scenes 001-020__507-1ng_20230816050923979.mp4,Loki's dagger,0.0,0,0.0,False,TN
Scenes 001-020__507-1ng_20230816050923979.mp4,TVA Uniform,0.0,0,0.0,False,TN
Scenes 001-020__507-1ng_20230816050923979.mp4,Kid Loki Armor,1.0,1,0.6174317598342896,False,TP
Scenes 001-020__507-1ng_20230816050923979.mp4,TVA Prisoner Uniform,0.0,0,0.0,False,TN
Scenes 001-020__507-1ng_20230816050923979.mp4,Loki's Variant uniform,0.0,0,0.0,False,TN
Scenes 001-020__507-1ng_20230816050923979.mp4,Sylvie's machete,0.0,0,0.0,False,TN
Scenes 001-020__507-1ng_20230816050923979.mp4,TVA Collar,0.0,0,0.0,False,TN
Scenes 001-020__507-1ng_20230816050923979.mp4,Ravonna Renslayer's Uniform,0.0,0,0.0,False,TN
Scenes 001-020__507-1ng_20230816050923979.mp4,TemPad,0.0,1,0.698205828666687,False,FP
Scenes 001-020__507-1ng_20230816050923979.mp4,Classic Loki Armor,1.0,0,0.0,False,FN
Scenes 001-020__201E-2-_20230728112604212.mp4,TVA Monitor,0.0,0,0.0,False,TN
Scenes 001-020__201E-2-_20230728112604212.mp4,Loki's Armor,0.0,1,0.6063755750656128,False,FP
Scenes 001-020__201E-2-_20230728112604212.mp4,Aligator Loki Plushie,0.0,0,0.0,False,TN
Scenes 001-020__201E-2-_20230728112604212.mp4,Time Stick,0.0,1,0.7159498333930969,False,FP
Scenes 001-020__201E-2-_20230728112604212.mp4,TimeSpear,0.0,1,0.5627363324165344,False,FP
Scenes 001-020__201E-2-_20230728112604212.mp4,Sylvie's Armor,0.0,0,0.0,False,TN
Scenes 001-020__201E-2-_20230728112604212.mp4,Boastful Loki Armor,0.0,1,0.7361396551132202,False,FP
Scenes 001-020__201E-2-_20230728112604212.mp4,Sylvie's horned headpiece,0.0,1,0.8527030944824219,True,FP
Scenes 001-020__201E-2-_20230728112604212.mp4,Loki's dagger,0.0,1,0.5852517485618591,False,FP
Scenes 001-020__201E-2-_20230728112604212.mp4,TVA Uniform,0.0,1,0.7173011302947998,False,FP
Scenes 001-020__201E-2-_20230728112604212.mp4,Kid Loki Armor,0.0,0,0.0,False,TN
Scenes 001-020__201E-2-_20230728112604212.mp4,TVA Prisoner Uniform,0.0,1,0.7118090391159058,False,FP
Scenes 001-020__201E-2-_20230728112604212.mp4,Loki's Variant uniform,0.0,1,0.7094431519508362,False,FP
Scenes 001-020__201E-2-_20230728112604212.mp4,Sylvie's machete,0.0,1,0.6215018630027771,False,FP
Scenes 001-020__201E-2-_20230728112604212.mp4,TVA Collar,0.0,1,0.6450515389442444,False,FP
Scenes 001-020__201E-2-_20230728112604212.mp4,Ravonna Renslayer's Uniform,0.0,0,0.0,False,TN
Scenes 001-020__201E-2-_20230728112604212.mp4,TemPad,0.0,1,0.6889876127243042,False,FP
Scenes 001-020__201E-2-_20230728112604212.mp4,Classic Loki Armor,0.0,0,0.0,False,TN
Scenes 001-020__106D-5-_20230815151758589.mp4,TVA Monitor,0.0,1,0.6177024841308594,False,FP
Scenes 001-020__106D-5-_20230815151758589.mp4,Loki's Armor,1.0,1,0.689484715461731,False,TP
Scenes 001-020__106D-5-_20230815151758589.mp4,Aligator Loki Plushie,0.0,1,0.6926017999649048,False,FP
Scenes 001-020__106D-5-_20230815151758589.mp4,Time Stick,0.0,0,0.0,False,TN
Scenes 001-020__106D-5-_20230815151758589.mp4,TimeSpear,0.0,1,0.6319493651390076,False,FP
Scenes 001-020__106D-5-_20230815151758589.mp4,Sylvie's Armor,0.0,0,0.0,False,TN
Scenes 001-020__106D-5-_20230815151758589.mp4,Boastful Loki Armor,0.0,1,0.6718180775642395,False,FP
Scenes 001-020__106D-5-_20230815151758589.mp4,Sylvie's horned headpiece,0.0,1,0.6573536396026611,False,FP
Scenes 001-020__106D-5-_20230815151758589.mp4,Loki's dagger,0.0,1,0.5915355682373047,False,FP
Scenes 001-020__106D-5-_20230815151758589.mp4,TVA Uniform,0.0,0,0.0,False,TN
Scenes 001-020__106D-5-_20230815151758589.mp4,Kid Loki Armor,0.0,0,0.0,False,TN
Scenes 001-020__106D-5-_20230815151758589.mp4,TVA Prisoner Uniform,0.0,1,0.6087249517440796,False,FP
Scenes 001-020__106D-5-_20230815151758589.mp4,Loki's Variant uniform,0.0,1,0.8274597525596619,True,FP
Scenes 001-020__106D-5-_20230815151758589.mp4,Sylvie's machete,0.0,1,0.7459285855293274,False,FP
Scenes 001-020__106D-5-_20230815151758589.mp4,TVA Collar,0.0,1,0.6084121465682983,False,FP
Scenes 001-020__106D-5-_20230815151758589.mp4,Ravonna Renslayer's Uniform,0.0,1,0.6406053304672241,False,FP
Scenes 001-020__106D-5-_20230815151758589.mp4,TemPad,0.0,1,0.6422277688980103,False,FP
Scenes 001-020__106D-5-_20230815151758589.mp4,Classic Loki Armor,0.0,0,0.0,False,TN
Scenes 001-020__211J-2-_20230815190510721.mp4,TVA Monitor,0.0,0,0.0,False,TN
Scenes 001-020__211J-2-_20230815190510721.mp4,Loki's Armor,0.0,0,0.0,False,TN
Scenes 001-020__211J-2-_20230815190510721.mp4,Aligator Loki Plushie,0.0,0,0.0,False,TN
Scenes 001-020__211J-2-_20230815190510721.mp4,Time Stick,0.0,0,0.0,False,TN
Scenes 001-020__211J-2-_20230815190510721.mp4,TimeSpear,0.0,0,0.0,False,TN
Scenes 001-020__211J-2-_20230815190510721.mp4,Sylvie's Armor,0.0,0,0.0,False,TN
Scenes 001-020__211J-2-_20230815190510721.mp4,Boastful Loki Armor,0.0,0,0.0,False,TN
Scenes 001-020__211J-2-_20230815190510721.mp4,Sylvie's horned headpiece,0.0,0,0.0,False,TN
Scenes 001-020__211J-2-_20230815190510721.mp4,Loki's dagger,0.0,0,0.0,False,TN
Scenes 001-020__211J-2-_20230815190510721.mp4,TVA Uniform,0.0,0,0.0,False,TN
Scenes 001-020__211J-2-_20230815190510721.mp4,Kid Loki Armor,0.0,0,0.0,False,TN
Scenes 001-020__211J-2-_20230815190510721.mp4,TVA Prisoner Uniform,0.0,0,0.0,False,TN
Scenes 001-020__211J-2-_20230815190510721.mp4,Loki's Variant uniform,0.0,0,0.0,False,TN
Scenes 001-020__211J-2-_20230815190510721.mp4,Sylvie's machete,0.0,0,0.0,False,TN
Scenes 001-020__211J-2-_20230815190510721.mp4,TVA Collar,0.0,0,0.0,False,TN
Scenes 001-020__211J-2-_20230815190510721.mp4,Ravonna Renslayer's Uniform,0.0,0,0.0,False,TN
Scenes 001-020__211J-2-_20230815190510721.mp4,TemPad,0.0,1,0.6411771774291992,False,FP
Scenes 001-020__211J-2-_20230815190510721.mp4,Classic Loki Armor,0.0,0,0.0,False,TN
Scenes 001-020__303L-1-_20230815223024888.mp4,TVA Monitor,0.0,0,0.0,False,TN
Scenes 001-020__303L-1-_20230815223024888.mp4,Loki's Armor,0.0,1,0.7219395041465759,False,FP
Scenes 001-020__303L-1-_20230815223024888.mp4,Aligator Loki Plushie,0.0,1,0.6549748182296753,False,FP
Scenes 001-020__303L-1-_20230815223024888.mp4,Time Stick,0.0,1,0.6282854676246643,False,FP
Scenes 001-020__303L-1-_20230815223024888.mp4,TimeSpear,0.0,1,0.8546778559684753,True,FP
Scenes 001-020__303L-1-_20230815223024888.mp4,Sylvie's Armor,1.0,1,0.613932192325592,False,TP
Scenes 001-020__303L-1-_20230815223024888.mp4,Boastful Loki Armor,0.0,1,0.6441159844398499,False,FP
Scenes 001-020__303L-1-_20230815223024888.mp4,Sylvie's horned headpiece,1.0,1,0.8040156364440918,True,TP
Scenes 001-020__303L-1-_20230815223024888.mp4,Loki's dagger,0.0,1,0.6889110803604126,False,FP
Scenes 001-020__303L-1-_20230815223024888.mp4,TVA Uniform,0.0,0,0.0,False,TN
Scenes 001-020__303L-1-_20230815223024888.mp4,Kid Loki Armor,0.0,1,0.4529115557670593,False,FP
Scenes 001-020__303L-1-_20230815223024888.mp4,TVA Prisoner Uniform,0.0,1,0.8841022849082947,True,FP
Scenes 001-020__303L-1-_20230815223024888.mp4,Loki's Variant uniform,1.0,1,0.7550515532493591,False,TP
Scenes 001-020__303L-1-_20230815223024888.mp4,Sylvie's machete,0.0,1,0.6897911429405212,False,FP
Scenes 001-020__303L-1-_20230815223024888.mp4,TVA Collar,0.0,1,0.7302254438400269,False,FP
Scenes 001-020__303L-1-_20230815223024888.mp4,Ravonna Renslayer's Uniform,0.0,0,0.0,False,TN
Scenes 001-020__303L-1-_20230815223024888.mp4,TemPad,0.0,1,0.7426914572715759,False,FP
Scenes 001-020__303L-1-_20230815223024888.mp4,Classic Loki Armor,0.0,0,0.0,False,TN
Scenes 001-020__211-1-_20230815190444533.mp4,TVA Monitor,0.0,0,0.0,False,TN
Scenes 001-020__211-1-_20230815190444533.mp4,Loki's Armor,0.0,1,0.7345877885818481,False,FP
Scenes 001-020__211-1-_20230815190444533.mp4,Aligator Loki Plushie,0.0,1,0.6519199013710022,False,FP
Scenes 001-020__211-1-_20230815190444533.mp4,Time Stick,0.0,1,0.7600417733192444,False,FP
Scenes 001-020__211-1-_20230815190444533.mp4,TimeSpear,0.0,0,0.0,False,TN
Scenes 001-020__211-1-_20230815190444533.mp4,Sylvie's Armor,0.0,1,0.6015454530715942,False,FP
Scenes 001-020__211-1-_20230815190444533.mp4,Boastful Loki Armor,0.0,1,0.7775735855102539,False,FP
Scenes 001-020__211-1-_20230815190444533.mp4,Sylvie's horned headpiece,0.0,1,0.7343001961708069,False,FP
Scenes 001-020__211-1-_20230815190444533.mp4,Loki's dagger,0.0,0,0.0,False,TN
Scenes 001-020__211-1-_20230815190444533.mp4,TVA Uniform,0.0,0,0.0,False,TN
Scenes 001-020__211-1-_20230815190444533.mp4,Kid Loki Armor,0.0,1,0.6748660802841187,False,FP
Scenes 001-020__211-1-_20230815190444533.mp4,TVA Prisoner Uniform,0.0,1,0.6037574410438538,False,FP
Scenes 001-020__211-1-_20230815190444533.mp4,Loki's Variant uniform,0.0,1,0.8182669281959534,True,FP
Scenes 001-020__211-1-_20230815190444533.mp4,Sylvie's machete,0.0,1,0.7170367240905762,False,FP
Scenes 001-020__211-1-_20230815190444533.mp4,TVA Collar,0.0,1,0.5391988158226013,False,FP
Scenes 001-020__211-1-_20230815190444533.mp4,Ravonna Renslayer's Uniform,1.0,1,0.8364633917808533,True,TP
Scenes 001-020__211-1-_20230815190444533.mp4,TemPad,0.0,1,0.712978720664978,False,FP
Scenes 001-020__211-1-_20230815190444533.mp4,Classic Loki Armor,0.0,0,0.0,False,TN
Scenes 001-020__220C-2-_20230815190657799.mp4,TVA Monitor,0.0,0,0.0,False,TN
Scenes 001-020__220C-2-_20230815190657799.mp4,Loki's Armor,0.0,1,0.687586784362793,False,FP
Scenes 001-020__220C-2-_20230815190657799.mp4,Aligator Loki Plushie,0.0,1,0.6998884677886963,False,FP
Scenes 001-020__220C-2-_20230815190657799.mp4,Time Stick,0.0,1,0.564106285572052,False,FP
Scenes 001-020__220C-2-_20230815190657799.mp4,TimeSpear,0.0,0,0.0,False,TN
Scenes 001-020__220C-2-_20230815190657799.mp4,Sylvie's Armor,0.0,0,0.0,False,TN
Scenes 001-020__220C-2-_20230815190657799.mp4,Boastful Loki Armor,0.0,1,0.6906327605247498,False,FP
Scenes 001-020__220C-2-_20230815190657799.mp4,Sylvie's horned headpiece,0.0,1,0.6072885990142822,False,FP
Scenes 001-020__220C-2-_20230815190657799.mp4,Loki's dagger,0.0,0,0.0,False,TN
Scenes 001-020__220C-2-_20230815190657799.mp4,TVA Uniform,0.0,0,0.0,False,TN
Scenes 001-020__220C-2-_20230815190657799.mp4,Kid Loki Armor,0.0,1,0.6651183366775513,False,FP
Scenes 001-020__220C-2-_20230815190657799.mp4,TVA Prisoner Uniform,0.0,1,0.749309778213501,False,FP
Scenes 001-020__220C-2-_20230815190657799.mp4,Loki's Variant uniform,0.0,1,0.6636864542961121,False,FP
Scenes 001-020__220C-2-_20230815190657799.mp4,Sylvie's machete,0.0,1,0.7575295567512512,False,FP
Scenes 001-020__220C-2-_20230815190657799.mp4,TVA Collar,0.0,1,0.6897454261779785,False,FP
Scenes 001-020__220C-2-_20230815190657799.mp4,Ravonna Renslayer's Uniform,0.0,0,0.0,False,TN
Scenes 001-020__220C-2-_20230815190657799.mp4,TemPad,1.0,0,0.0,False,FN
Scenes 001-020__220C-2-_20230815190657799.mp4,Classic Loki Armor,0.0,0,0.0,False,TN
Scenes 021-040__137E-1-_20230815175038515.mp4,TVA Monitor,0.0,0,0.0,False,TN
Scenes 021-040__137E-1-_20230815175038515.mp4,Loki's Armor,0.0,1,0.6926743388175964,False,FP
Scenes 021-040__137E-1-_20230815175038515.mp4,Aligator Loki Plushie,0.0,1,0.5999622941017151,False,FP
Scenes 021-040__137E-1-_20230815175038515.mp4,Time Stick,0.0,1,0.6416972875595093,False,FP
Scenes 021-040__137E-1-_20230815175038515.mp4,TimeSpear,0.0,1,0.8479610681533813,True,FP
Scenes 021-040__137E-1-_20230815175038515.mp4,Sylvie's Armor,0.0,1,0.5826923251152039,False,FP
Scenes 021-040__137E-1-_20230815175038515.mp4,Boastful Loki Armor,0.0,1,0.6936029195785522,False,FP
Scenes 021-040__137E-1-_20230815175038515.mp4,Sylvie's horned headpiece,0.0,0,0.0,False,TN
Scenes 021-040__137E-1-_20230815175038515.mp4,Loki's dagger,0.0,1,0.6210362911224365,False,FP
Scenes 021-040__137E-1-_20230815175038515.mp4,TVA Uniform,0.0,0,0.0,False,TN
Scenes 021-040__137E-1-_20230815175038515.mp4,Kid Loki Armor,0.0,0,0.0,False,TN
Scenes 021-040__137E-1-_20230815175038515.mp4,TVA Prisoner Uniform,0.0,1,0.6555003523826599,False,FP
Scenes 021-040__137E-1-_20230815175038515.mp4,Loki's Variant uniform,0.0,1,0.6016693115234375,False,FP
Scenes 021-040__137E-1-_20230815175038515.mp4,Sylvie's machete,0.0,1,0.6262367367744446,False,FP
Scenes 021-040__137E-1-_20230815175038515.mp4,TVA Collar,0.0,1,0.6502194404602051,False,FP
Scenes 021-040__137E-1-_20230815175038515.mp4,Ravonna Renslayer's Uniform,0.0,0,0.0,False,TN
Scenes 021-040__137E-1-_20230815175038515.mp4,TemPad,0.0,1,0.7416483163833618,False,FP
Scenes 021-040__137E-1-_20230815175038515.mp4,Classic Loki Armor,0.0,0,0.0,False,TN
Scenes 021-040__222-2-_20230815185458410.mp4,TVA Monitor,0.0,0,0.0,False,TN
Scenes 021-040__222-2-_20230815185458410.mp4,Loki's Armor,0.0,1,0.758150577545166,False,FP
Scenes 021-040__222-2-_20230815185458410.mp4,Aligator Loki Plushie,0.0,1,0.5603110194206238,False,FP
Scenes 021-040__222-2-_20230815185458410.mp4,Time Stick,0.0,1,0.7511175870895386,False,FP
Scenes 021-040__222-2-_20230815185458410.mp4,TimeSpear,0.0,1,0.7245936393737793,False,FP
Scenes 021-040__222-2-_20230815185458410.mp4,Sylvie's Armor,0.0,1,0.6937065124511719,False,FP
Scenes 021-040__222-2-_20230815185458410.mp4,Boastful Loki Armor,0.0,1,0.7174252867698669,False,FP
Scenes 021-040__222-2-_20230815185458410.mp4,Sylvie's horned headpiece,0.0,1,0.6312772035598755,False,FP
Scenes 021-040__222-2-_20230815185458410.mp4,Loki's dagger,0.0,0,0.0,False,TN
Scenes 021-040__222-2-_20230815185458410.mp4,TVA Uniform,1.0,1,0.6894583702087402,False,TP
Scenes 021-040__222-2-_20230815185458410.mp4,Kid Loki Armor,0.0,1,0.6086068153381348,False,FP
Scenes 021-040__222-2-_20230815185458410.mp4,TVA Prisoner Uniform,0.0,1,0.5894961953163147,False,FP
Scenes 021-040__222-2-_20230815185458410.mp4,Loki's Variant uniform,0.0,1,0.5602481961250305,False,FP
Scenes 021-040__222-2-_20230815185458410.mp4,Sylvie's machete,0.0,1,0.7567087411880493,False,FP
Scenes 021-040__222-2-_20230815185458410.mp4,TVA Collar,0.0,1,0.7598392367362976,False,FP
Scenes 021-040__222-2-_20230815185458410.mp4,Ravonna Renslayer's Uniform,0.0,1,0.6288650035858154,False,FP
Scenes 021-040__222-2-_20230815185458410.mp4,TemPad,0.0,1,0.8267585039138794,True,FP
Scenes 021-040__222-2-_20230815185458410.mp4,Classic Loki Armor,0.0,0,0.0,False,TN
Scenes 041-060__156-5a- only pu_20230815181240389.mp4,TVA Monitor,0.0,1,0.6179883480072021,False,FP
Scenes 041-060__156-5a- only pu_20230815181240389.mp4,Loki's Armor,0.0,1,0.655089795589447,False,FP
Scenes 041-060__156-5a- only pu_20230815181240389.mp4,Aligator Loki Plushie,0.0,0,0.0,False,TN
Scenes 041-060__156-5a- only pu_20230815181240389.mp4,Time Stick,0.0,1,0.7851962447166443,False,FP
Scenes 041-060__156-5a- only pu_20230815181240389.mp4,TimeSpear,0.0,1,0.6410173177719116,False,FP
Scenes 041-060__156-5a- only pu_20230815181240389.mp4,Sylvie's Armor,0.0,1,0.5952240228652954,False,FP
Scenes 041-060__156-5a- only pu_20230815181240389.mp4,Boastful Loki Armor,0.0,1,0.6931144595146179,False,FP
Scenes 041-060__156-5a- only pu_20230815181240389.mp4,Sylvie's horned headpiece,0.0,1,0.7520924210548401,False,FP
Scenes 041-060__156-5a- only pu_20230815181240389.mp4,Loki's dagger,0.0,1,0.7346405982971191,False,FP
Scenes 041-060__156-5a- only pu_20230815181240389.mp4,TVA Uniform,0.0,0,0.0,False,TN
Scenes 041-060__156-5a- only pu_20230815181240389.mp4,Kid Loki Armor,0.0,0,0.0,False,TN
Scenes 041-060__156-5a- only pu_20230815181240389.mp4,TVA Prisoner Uniform,1.0,1,0.9683164358139038,True,TP
Scenes 041-060__156-5a- only pu_20230815181240389.mp4,Loki's Variant uniform,0.0,1,0.6795250177383423,False,FP
Scenes 041-060__156-5a- only pu_20230815181240389.mp4,Sylvie's machete,0.0,1,0.7141001224517822,False,FP
Scenes 041-060__156-5a- only pu_20230815181240389.mp4,TVA Collar,1.0,1,0.9722591638565063,True,TP
Scenes 041-060__156-5a- only pu_20230815181240389.mp4,Ravonna Renslayer's Uniform,0.0,0,0.0,False,TN
Scenes 041-060__156-5a- only pu_20230815181240389.mp4,TemPad,0.0,1,0.8403160572052002,True,FP
Scenes 041-060__156-5a- only pu_20230815181240389.mp4,Classic Loki Armor,0.0,0,0.0,False,TN
Scenes 021-040__235E-1-_20230815192718146.mp4,TVA Monitor,0.0,0,0.0,False,TN
Scenes 021-040__235E-1-_20230815192718146.mp4,Loki's Armor,0.0,0,0.0,False,TN
Scenes 021-040__235E-1-_20230815192718146.mp4,Aligator Loki Plushie,0.0,0,0.0,False,TN
Scenes 021-040__235E-1-_20230815192718146.mp4,Time Stick,0.0,0,0.0,False,TN
Scenes 021-040__235E-1-_20230815192718146.mp4,TimeSpear,0.0,0,0.0,False,TN
Scenes 021-040__235E-1-_20230815192718146.mp4,Sylvie's Armor,0.0,0,0.0,False,TN
Scenes 021-040__235E-1-_20230815192718146.mp4,Boastful Loki Armor,0.0,0,0.0,False,TN
Scenes 021-040__235E-1-_20230815192718146.mp4,Sylvie's horned headpiece,0.0,0,0.0,False,TN
Scenes 021-040__235E-1-_20230815192718146.mp4,Loki's dagger,0.0,0,0.0,False,TN
Scenes 021-040__235E-1-_20230815192718146.mp4,TVA Uniform,0.0,0,0.0,False,TN
Scenes 021-040__235E-1-_20230815192718146.mp4,Kid Loki Armor,0.0,0,0.0,False,TN
Scenes 021-040__235E-1-_20230815192718146.mp4,TVA Prisoner Uniform,0.0,0,0.0,False,TN
Scenes 021-040__235E-1-_20230815192718146.mp4,Loki's Variant uniform,0.0,0,0.0,False,TN
Scenes 021-040__235E-1-_20230815192718146.mp4,Sylvie's machete,0.0,0,0.0,False,TN
Scenes 021-040__235E-1-_20230815192718146.mp4,TVA Collar,0.0,0,0.0,False,TN
Scenes 021-040__235E-1-_20230815192718146.mp4,Ravonna Renslayer's Uniform,0.0,0,0.0,False,TN
Scenes 021-040__235E-1-_20230815192718146.mp4,TemPad,0.0,0,0.0,False,TN
Scenes 021-040__235E-1-_20230815192718146.mp4,Classic Loki Armor,0.0,0,0.0,False,TN
Scenes 021-040__226A-1-_20230815185254846.mp4,TVA Monitor,0.0,0,0.0,False,TN
Scenes 021-040__226A-1-_20230815185254846.mp4,Loki's Armor,0.0,1,0.7024173736572266,False,FP
Scenes 021-040__226A-1-_20230815185254846.mp4,Aligator Loki Plushie,0.0,1,0.6329818367958069,False,FP
Scenes 021-040__226A-1-_20230815185254846.mp4,Time Stick,0.0,1,0.664752185344696,False,FP
Scenes 021-040__226A-1-_20230815185254846.mp4,TimeSpear,0.0,1,0.6636388301849365,False,FP
Scenes 021-040__226A-1-_20230815185254846.mp4,Sylvie's Armor,0.0,0,0.0,False,TN
Scenes 021-040__226A-1-_20230815185254846.mp4,Boastful Loki Armor,0.0,0,0.0,False,TN
Scenes 021-040__226A-1-_20230815185254846.mp4,Sylvie's horned headpiece,0.0,0,0.0,False,TN
Scenes 021-040__226A-1-_20230815185254846.mp4,Loki's dagger,0.0,1,0.7710810899734497,False,FP
Scenes 021-040__226A-1-_20230815185254846.mp4,TVA Uniform,0.0,0,0.0,False,TN
Scenes 021-040__226A-1-_20230815185254846.mp4,Kid Loki Armor,0.0,0,0.0,False,TN
Scenes 021-040__226A-1-_20230815185254846.mp4,TVA Prisoner Uniform,0.0,1,0.7576028108596802,False,FP
Scenes 021-040__226A-1-_20230815185254846.mp4,Loki's Variant uniform,0.0,1,0.6099764704704285,False,FP
Scenes 021-040__226A-1-_20230815185254846.mp4,Sylvie's machete,0.0,1,0.834409236907959,True,FP
Scenes 021-040__226A-1-_20230815185254846.mp4,TVA Collar,0.0,1,0.6849038600921631,False,FP
Scenes 021-040__226A-1-_20230815185254846.mp4,Ravonna Renslayer's Uniform,0.0,1,0.6069937348365784,False,FP
Scenes 021-040__226A-1-_20230815185254846.mp4,TemPad,0.0,1,0.772277295589447,False,FP
Scenes 021-040__226A-1-_20230815185254846.mp4,Classic Loki Armor,0.0,0,0.0,False,TN
Scenes 001-020__317-9-_20230815232900331.mp4,TVA Monitor,0.0,0,0.0,False,TN
Scenes 001-020__317-9-_20230815232900331.mp4,Loki's Armor,0.0,0,0.0,False,TN
Scenes 001-020__317-9-_20230815232900331.mp4,Aligator Loki Plushie,0.0,0,0.0,False,TN
Scenes 001-020__317-9-_20230815232900331.mp4,Time Stick,0.0,1,0.6357174515724182,False,FP
Scenes 001-020__317-9-_20230815232900331.mp4,TimeSpear,0.0,1,0.7266484498977661,False,FP
Scenes 001-020__317-9-_20230815232900331.mp4,Sylvie's Armor,1.0,1,0.7014535665512085,False,TP
Scenes 001-020__317-9-_20230815232900331.mp4,Boastful Loki Armor,0.0,1,0.6652313470840454,False,FP
Scenes 001-020__317-9-_20230815232900331.mp4,Sylvie's horned headpiece,0.0,1,0.6053308248519897,False,FP
Scenes 001-020__317-9-_20230815232900331.mp4,Loki's dagger,0.0,0,0.0,False,TN
Scenes 001-020__317-9-_20230815232900331.mp4,TVA Uniform,0.0,1,0.6263080835342407,False,FP
Scenes 001-020__317-9-_20230815232900331.mp4,Kid Loki Armor,0.0,1,0.5887282490730286,False,FP
Scenes 001-020__317-9-_20230815232900331.mp4,TVA Prisoner Uniform,0.0,1,0.7143759727478027,False,FP
Scenes 001-020__317-9-_20230815232900331.mp4,Loki's Variant uniform,0.0,1,0.6894628405570984,False,FP
Scenes 001-020__317-9-_20230815232900331.mp4,Sylvie's machete,0.0,1,0.6789588332176208,False,FP
Scenes 001-020__317-9-_20230815232900331.mp4,TVA Collar,0.0,1,0.6236422061920166,False,FP
Scenes 001-020__317-9-_20230815232900331.mp4,Ravonna Renslayer's Uniform,0.0,1,0.6306098699569702,False,FP
Scenes 001-020__317-9-_20230815232900331.mp4,TemPad,0.0,0,0.0,False,TN
Scenes 001-020__317-9-_20230815232900331.mp4,Classic Loki Armor,0.0,0,0.0,False,TN
Scenes 001-020__205A-1ng_b REH_20230815183433032.mp4,TVA Monitor,0.0,0,0.0,False,TN
Scenes 001-020__205A-1ng_b REH_20230815183433032.mp4,Loki's Armor,0.0,0,0.0,False,TN
Scenes 001-020__205A-1ng_b REH_20230815183433032.mp4,Aligator Loki Plushie,0.0,0,0.0,False,TN
Scenes 001-020__205A-1ng_b REH_20230815183433032.mp4,Time Stick,0.0,1,0.665136992931366,False,FP
Scenes 001-020__205A-1ng_b REH_20230815183433032.mp4,TimeSpear,0.0,0,0.0,False,TN
Scenes 001-020__205A-1ng_b REH_20230815183433032.mp4,Sylvie's Armor,0.0,0,0.0,False,TN
Scenes 001-020__205A-1ng_b REH_20230815183433032.mp4,Boastful Loki Armor,0.0,0,0.0,False,TN
Scenes 001-020__205A-1ng_b REH_20230815183433032.mp4,Sylvie's horned headpiece,0.0,0,0.0,False,TN
Scenes 001-020__205A-1ng_b REH_20230815183433032.mp4,Loki's dagger,0.0,0,0.0,False,TN
Scenes 001-020__205A-1ng_b REH_20230815183433032.mp4,TVA Uniform,1.0,1,0.7282832860946655,False,TP
Scenes 001-020__205A-1ng_b REH_20230815183433032.mp4,Kid Loki Armor,0.0,0,0.0,False,TN
Scenes 001-020__205A-1ng_b REH_20230815183433032.mp4,TVA Prisoner Uniform,0.0,1,0.6437291502952576,False,FP
Scenes 001-020__205A-1ng_b REH_20230815183433032.mp4,Loki's Variant uniform,0.0,1,0.707229733467102,False,FP
Scenes 001-020__205A-1ng_b REH_20230815183433032.mp4,Sylvie's machete,0.0,1,0.6073380708694458,False,FP
Scenes 001-020__205A-1ng_b REH_20230815183433032.mp4,TVA Collar,0.0,0,0.0,False,TN
Scenes 001-020__205A-1ng_b REH_20230815183433032.mp4,Ravonna Renslayer's Uniform,0.0,0,0.0,False,TN
Scenes 001-020__205A-1ng_b REH_20230815183433032.mp4,TemPad,1.0,1,0.9284252524375916,True,TP
Scenes 001-020__205A-1ng_b REH_20230815183433032.mp4,Classic Loki Armor,0.0,0,0.0,False,TN
Scenes 001-020__504K-1-_20230816050602143.mp4,TVA Monitor,0.0,0,0.0,False,TN
Scenes 001-020__504K-1-_20230816050602143.mp4,Loki's Armor,0.0,1,0.6343895196914673,False,FP
Scenes 001-020__504K-1-_20230816050602143.mp4,Aligator Loki Plushie,0.0,1,0.6531593799591064,False,FP
Scenes 001-020__504K-1-_20230816050602143.mp4,Time Stick,0.0,1,0.7631866931915283,False,FP
Scenes 001-020__504K-1-_20230816050602143.mp4,TimeSpear,1.0,1,0.7759890556335449,False,TP
Scenes 001-020__504K-1-_20230816050602143.mp4,Sylvie's Armor,1.0,1,0.6703493595123291,False,TP
Scenes 001-020__504K-1-_20230816050602143.mp4,Boastful Loki Armor,0.0,0,0.0,False,TN
Scenes 001-020__504K-1-_20230816050602143.mp4,Sylvie's horned headpiece,0.0,1,0.6451998353004456,False,FP
Scenes 001-020__504K-1-_20230816050602143.mp4,Loki's dagger,0.0,0,0.0,False,TN
Scenes 001-020__504K-1-_20230816050602143.mp4,TVA Uniform,0.0,1,0.611691415309906,False,FP
Scenes 001-020__504K-1-_20230816050602143.mp4,Kid Loki Armor,0.0,0,0.0,False,TN
Scenes 001-020__504K-1-_20230816050602143.mp4,TVA Prisoner Uniform,0.0,1,0.6101447343826294,False,FP
Scenes 001-020__504K-1-_20230816050602143.mp4,Loki's Variant uniform,0.0,1,0.8003050088882446,True,FP
Scenes 001-020__504K-1-_20230816050602143.mp4,Sylvie's machete,0.0,1,0.7184954881668091,False,FP
Scenes 001-020__504K-1-_20230816050602143.mp4,TVA Collar,0.0,1,0.704607367515564,False,FP
Scenes 001-020__504K-1-_20230816050602143.mp4,Ravonna Renslayer's Uniform,1.0,1,0.7301161289215088,False,TP
Scenes 001-020__504K-1-_20230816050602143.mp4,TemPad,1.0,1,0.8731653094291687,True,TP
Scenes 001-020__504K-1-_20230816050602143.mp4,Classic Loki Armor,0.0,0,0.0,False,TN
Scenes 041-060__254B-3-_20230815193228103.mp4,TVA Monitor,0.0,0,0.0,False,TN
Scenes 041-060__254B-3-_20230815193228103.mp4,Loki's Armor,0.0,0,0.0,False,TN
Scenes 041-060__254B-3-_20230815193228103.mp4,Aligator Loki Plushie,0.0,0,0.0,False,TN
Scenes 041-060__254B-3-_20230815193228103.mp4,Time Stick,1.0,1,0.6590580940246582,False,TP
Scenes 041-060__254B-3-_20230815193228103.mp4,TimeSpear,0.0,1,0.6474292278289795,False,FP
Scenes 041-060__254B-3-_20230815193228103.mp4,Sylvie's Armor,0.0,0,0.0,False,TN
Scenes 041-060__254B-3-_20230815193228103.mp4,Boastful Loki Armor,0.0,1,0.594783365726471,False,FP
Scenes 041-060__254B-3-_20230815193228103.mp4,Sylvie's horned headpiece,0.0,1,0.6206806898117065,False,FP
Scenes 041-060__254B-3-_20230815193228103.mp4,Loki's dagger,0.0,0,0.0,False,TN
Scenes 041-060__254B-3-_20230815193228103.mp4,TVA Uniform,1.0,0,0.0,False,FN
Scenes 041-060__254B-3-_20230815193228103.mp4,Kid Loki Armor,0.0,0,0.0,False,TN
Scenes 041-060__254B-3-_20230815193228103.mp4,TVA Prisoner Uniform,0.0,1,0.597831130027771,False,FP
Scenes 041-060__254B-3-_20230815193228103.mp4,Loki's Variant uniform,0.0,0,0.0,False,TN
Scenes 041-060__254B-3-_20230815193228103.mp4,Sylvie's machete,0.0,1,0.5923106074333191,False,FP
Scenes 041-060__254B-3-_20230815193228103.mp4,TVA Collar,0.0,1,0.6994524002075195,False,FP
Scenes 041-060__254B-3-_20230815193228103.mp4,Ravonna Renslayer's Uniform,0.0,0,0.0,False,TN
Scenes 041-060__254B-3-_20230815193228103.mp4,TemPad,0.0,0,0.0,False,TN
Scenes 041-060__254B-3-_20230815193228103.mp4,Classic Loki Armor,0.0,0,0.0,False,TN
Scenes 001-020__305C-1_20230815193534665.mp4,TVA Monitor,0.0,1,0.6020767688751221,False,FP
Scenes 001-020__305C-1_20230815193534665.mp4,Loki's Armor,0.0,1,0.6288753747940063,False,FP
Scenes 001-020__305C-1_20230815193534665.mp4,Aligator Loki Plushie,0.0,1,0.6318424344062805,False,FP
Scenes 001-020__305C-1_20230815193534665.mp4,Time Stick,0.0,1,0.5894247889518738,False,FP
Scenes 001-020__305C-1_20230815193534665.mp4,TimeSpear,0.0,1,0.6187050342559814,False,FP
Scenes 001-020__305C-1_20230815193534665.mp4,Sylvie's Armor,1.0,1,0.6889540553092957,False,TP
Scenes 001-020__305C-1_20230815193534665.mp4,Boastful Loki Armor,0.0,1,0.6998144388198853,False,FP
Scenes 001-020__305C-1_20230815193534665.mp4,Sylvie's horned headpiece,1.0,1,0.7114238142967224,False,TP
Scenes 001-020__305C-1_20230815193534665.mp4,Loki's dagger,0.0,0,0.0,False,TN
Scenes 001-020__305C-1_20230815193534665.mp4,TVA Uniform,0.0,0,0.0,False,TN
Scenes 001-020__305C-1_20230815193534665.mp4,Kid Loki Armor,0.0,1,0.6965866088867188,False,FP
Scenes 001-020__305C-1_20230815193534665.mp4,TVA Prisoner Uniform,0.0,1,0.6738636493682861,False,FP
Scenes 001-020__305C-1_20230815193534665.mp4,Loki's Variant uniform,1.0,1,0.7159895300865173,False,TP
Scenes 001-020__305C-1_20230815193534665.mp4,Sylvie's machete,0.0,1,0.7174644470214844,False,FP
Scenes 001-020__305C-1_20230815193534665.mp4,TVA Collar,0.0,1,0.6151705384254456,False,FP
Scenes 001-020__305C-1_20230815193534665.mp4,Ravonna Renslayer's Uniform,0.0,1,0.7794061899185181,False,FP
Scenes 001-020__305C-1_20230815193534665.mp4,TemPad,0.0,1,0.709549605846405,False,FP
Scenes 001-020__305C-1_20230815193534665.mp4,Classic Loki Armor,0.0,0,0.0,False,TN
Scenes 001-020__502-2- mos_20230815182925767.mp4,TVA Monitor,0.0,0,0.0,False,TN
Scenes 001-020__502-2- mos_20230815182925767.mp4,Loki's Armor,0.0,0,0.0,False,TN
Scenes 001-020__502-2- mos_20230815182925767.mp4,Aligator Loki Plushie,0.0,0,0.0,False,TN
Scenes 001-020__502-2- mos_20230815182925767.mp4,Time Stick,0.0,1,0.7538388967514038,False,FP
Scenes 001-020__502-2- mos_20230815182925767.mp4,TimeSpear,0.0,0,0.0,False,TN
Scenes 001-020__502-2- mos_20230815182925767.mp4,Sylvie's Armor,0.0,0,0.0,False,TN
Scenes 001-020__502-2- mos_20230815182925767.mp4,Boastful Loki Armor,0.0,0,0.0,False,TN
Scenes 001-020__502-2- mos_20230815182925767.mp4,Sylvie's horned headpiece,0.0,0,0.0,False,TN
Scenes 001-020__502-2- mos_20230815182925767.mp4,Loki's dagger,0.0,1,0.6420140862464905,False,FP
Scenes 001-020__502-2- mos_20230815182925767.mp4,TVA Uniform,0.0,0,0.0,False,TN
Scenes 001-020__502-2- mos_20230815182925767.mp4,Kid Loki Armor,0.0,0,0.0,False,TN
Scenes 001-020__502-2- mos_20230815182925767.mp4,TVA Prisoner Uniform,0.0,0,0.0,False,TN
Scenes 001-020__502-2- mos_20230815182925767.mp4,Loki's Variant uniform,0.0,0,0.0,False,TN
Scenes 001-020__502-2- mos_20230815182925767.mp4,Sylvie's machete,0.0,0,0.0,False,TN
Scenes 001-020__502-2- mos_20230815182925767.mp4,TVA Collar,0.0,0,0.0,False,TN
Scenes 001-020__502-2- mos_20230815182925767.mp4,Ravonna Renslayer's Uniform,0.0,0,0.0,False,TN
Scenes 001-020__502-2- mos_20230815182925767.mp4,TemPad,0.0,0,0.0,False,TN
Scenes 001-020__502-2- mos_20230815182925767.mp4,Classic Loki Armor,0.0,0,0.0,False,TN
Scenes 001-020__213-3-_20230815180738197.mp4,TVA Monitor,0.0,0,0.0,False,TN
Scenes 001-020__213-3-_20230815180738197.mp4,Loki's Armor,0.0,1,0.6820981502532959,False,FP
Scenes 001-020__213-3-_20230815180738197.mp4,Aligator Loki Plushie,0.0,1,0.5961498618125916,False,FP
Scenes 001-020__213-3-_20230815180738197.mp4,Time Stick,0.0,0,0.0,False,TN
Scenes 001-020__213-3-_20230815180738197.mp4,TimeSpear,0.0,1,0.6606720089912415,False,FP
Scenes 001-020__213-3-_20230815180738197.mp4,Sylvie's Armor,0.0,0,0.0,False,TN
Scenes 001-020__213-3-_20230815180738197.mp4,Boastful Loki Armor,0.0,0,0.0,False,TN
Scenes 001-020__213-3-_20230815180738197.mp4,Sylvie's horned headpiece,0.0,1,0.8147655725479126,True,FP
Scenes 001-020__213-3-_20230815180738197.mp4,Loki's dagger,0.0,1,0.6386969089508057,False,FP
Scenes 001-020__213-3-_20230815180738197.mp4,TVA Uniform,0.0,0,0.0,False,TN
Scenes 001-020__213-3-_20230815180738197.mp4,Kid Loki Armor,0.0,0,0.0,False,TN
Scenes 001-020__213-3-_20230815180738197.mp4,TVA Prisoner Uniform,0.0,1,0.7729443311691284,False,FP
Scenes 001-020__213-3-_20230815180738197.mp4,Loki's Variant uniform,1.0,1,0.8766905069351196,True,TP
Scenes 001-020__213-3-_20230815180738197.mp4,Sylvie's machete,0.0,1,0.6755261421203613,False,FP
Scenes 001-020__213-3-_20230815180738197.mp4,TVA Collar,0.0,1,0.694530725479126,False,FP
Scenes 001-020__213-3-_20230815180738197.mp4,Ravonna Renslayer's Uniform,0.0,1,0.5740649700164795,False,FP
Scenes 001-020__213-3-_20230815180738197.mp4,TemPad,0.0,1,0.8276951909065247,True,FP
Scenes 001-020__213-3-_20230815180738197.mp4,Classic Loki Armor,0.0,0,0.0,False,TN
Scenes 061-080__265H-2-_20230815215828529.mp4,TVA Monitor,0.0,0,0.0,False,TN
Scenes 061-080__265H-2-_20230815215828529.mp4,Loki's Armor,0.0,0,0.0,False,TN
Scenes 061-080__265H-2-_20230815215828529.mp4,Aligator Loki Plushie,0.0,0,0.0,False,TN
Scenes 061-080__265H-2-_20230815215828529.mp4,Time Stick,1.0,1,0.9353567957878113,True,TP
Scenes 061-080__265H-2-_20230815215828529.mp4,TimeSpear,0.0,0,0.0,False,TN
Scenes 061-080__265H-2-_20230815215828529.mp4,Sylvie's Armor,0.0,0,0.0,False,TN
Scenes 061-080__265H-2-_20230815215828529.mp4,Boastful Loki Armor,0.0,0,0.0,False,TN
Scenes 061-080__265H-2-_20230815215828529.mp4,Sylvie's horned headpiece,1.0,1,0.9113321900367737,True,TP
Scenes 061-080__265H-2-_20230815215828529.mp4,Loki's dagger,0.0,1,0.6983126997947693,False,FP
Scenes 061-080__265H-2-_20230815215828529.mp4,TVA Uniform,1.0,1,0.9316793084144592,True,TP
Scenes 061-080__265H-2-_20230815215828529.mp4,Kid Loki Armor,0.0,0,0.0,False,TN
Scenes 061-080__265H-2-_20230815215828529.mp4,TVA Prisoner Uniform,0.0,0,0.0,False,TN
Scenes 061-080__265H-2-_20230815215828529.mp4,Loki's Variant uniform,0.0,1,0.6520230174064636,False,FP
Scenes 061-080__265H-2-_20230815215828529.mp4,Sylvie's machete,0.0,0,0.0,False,TN
Scenes 061-080__265H-2-_20230815215828529.mp4,TVA Collar,0.0,0,0.0,False,TN
Scenes 061-080__265H-2-_20230815215828529.mp4,Ravonna Renslayer's Uniform,0.0,0,0.0,False,TN
Scenes 061-080__265H-2-_20230815215828529.mp4,TemPad,0.0,0,0.0,False,TN
Scenes 061-080__265H-2-_20230815215828529.mp4,Classic Loki Armor,0.0,0,0.0,False,TN
Scenes 041-060__157C-2- pu_20230815175939817.mp4,TVA Monitor,0.0,0,0.0,False,TN
Scenes 041-060__157C-2- pu_20230815175939817.mp4,Loki's Armor,0.0,1,0.692452073097229,False,FP
Scenes 041-060__157C-2- pu_20230815175939817.mp4,Aligator Loki Plushie,0.0,0,0.0,False,TN
Scenes 041-060__157C-2- pu_20230815175939817.mp4,Time Stick,0.0,1,0.6154496073722839,False,FP
Scenes 041-060__157C-2- pu_20230815175939817.mp4,TimeSpear,0.0,0,0.0,False,TN
Scenes 041-060__157C-2- pu_20230815175939817.mp4,Sylvie's Armor,0.0,1,0.6322299242019653,False,FP
Scenes 041-060__157C-2- pu_20230815175939817.mp4,Boastful Loki Armor,0.0,1,0.7451378703117371,False,FP
Scenes 041-060__157C-2- pu_20230815175939817.mp4,Sylvie's horned headpiece,0.0,0,0.0,False,TN
Scenes 041-060__157C-2- pu_20230815175939817.mp4,Loki's dagger,0.0,0,0.0,False,TN
Scenes 041-060__157C-2- pu_20230815175939817.mp4,TVA Uniform,0.0,0,0.0,False,TN
Scenes 041-060__157C-2- pu_20230815175939817.mp4,Kid Loki Armor,0.0,1,0.6765106320381165,False,FP
Scenes 041-060__157C-2- pu_20230815175939817.mp4,TVA Prisoner Uniform,1.0,1,0.7488725185394287,False,TP
Scenes 041-060__157C-2- pu_20230815175939817.mp4,Loki's Variant uniform,0.0,1,0.7412697076797485,False,FP
Scenes 041-060__157C-2- pu_20230815175939817.mp4,Sylvie's machete,0.0,1,0.6099287271499634,False,FP
Scenes 041-060__157C-2- pu_20230815175939817.mp4,TVA Collar,0.0,1,0.6683993339538574,False,FP
Scenes 041-060__157C-2- pu_20230815175939817.mp4,Ravonna Renslayer's Uniform,0.0,0,0.0,False,TN
Scenes 041-060__157C-2- pu_20230815175939817.mp4,TemPad,0.0,0,0.0,False,TN
Scenes 041-060__157C-2- pu_20230815175939817.mp4,Classic Loki Armor,0.0,0,0.0,False,TN
Scenes 001-020__306E-1-_20230815201829547.mp4,TVA Monitor,0.0,0,0.0,False,TN
Scenes 001-020__306E-1-_20230815201829547.mp4,Loki's Armor,0.0,0,0.0,False,TN
Scenes 001-020__306E-1-_20230815201829547.mp4,Aligator Loki Plushie,0.0,1,0.8026199340820312,True,FP
Scenes 001-020__306E-1-_20230815201829547.mp4,Time Stick,0.0,0,0.0,False,TN
Scenes 001-020__306E-1-_20230815201829547.mp4,TimeSpear,0.0,1,0.6630275249481201,False,FP
Scenes 001-020__306E-1-_20230815201829547.mp4,Sylvie's Armor,0.0,0,0.0,False,TN
Scenes 001-020__306E-1-_20230815201829547.mp4,Boastful Loki Armor,0.0,0,0.0,False,TN
Scenes 001-020__306E-1-_20230815201829547.mp4,Sylvie's horned headpiece,1.0,1,0.5637208223342896,False,TP
Scenes 001-020__306E-1-_20230815201829547.mp4,Loki's dagger,0.0,0,0.0,False,TN
Scenes 001-020__306E-1-_20230815201829547.mp4,TVA Uniform,0.0,0,0.0,False,TN
Scenes 001-020__306E-1-_20230815201829547.mp4,Kid Loki Armor,0.0,1,0.709879457950592,False,FP
Scenes 001-020__306E-1-_20230815201829547.mp4,TVA Prisoner Uniform,0.0,1,0.7993046641349792,False,FP
Scenes 001-020__306E-1-_20230815201829547.mp4,Loki's Variant uniform,1.0,1,0.6644102334976196,False,TP
Scenes 001-020__306E-1-_20230815201829547.mp4,Sylvie's machete,0.0,1,0.811873733997345,True,FP
Scenes 001-020__306E-1-_20230815201829547.mp4,TVA Collar,0.0,1,0.5511696338653564,False,FP
Scenes 001-020__306E-1-_20230815201829547.mp4,Ravonna Renslayer's Uniform,0.0,1,0.736921489238739,False,FP
Scenes 001-020__306E-1-_20230815201829547.mp4,TemPad,0.0,0,0.0,False,TN
Scenes 001-020__306E-1-_20230815201829547.mp4,Classic Loki Armor,0.0,0,0.0,False,TN
Scenes 001-020__108E-1-_20230727173710924.mp4,TVA Monitor,0.0,1,0.6209457516670227,False,FP
Scenes 001-020__108E-1-_20230727173710924.mp4,Loki's Armor,1.0,1,0.9529220461845398,True,TP
Scenes 001-020__108E-1-_20230727173710924.mp4,Aligator Loki Plushie,0.0,1,0.500726044178009,False,FP
Scenes 001-020__108E-1-_20230727173710924.mp4,Time Stick,1.0,1,0.8278859257698059,True,TP
Scenes 001-020__108E-1-_20230727173710924.mp4,TimeSpear,0.0,1,0.6514192223548889,False,FP
Scenes 001-020__108E-1-_20230727173710924.mp4,Sylvie's Armor,0.0,1,0.6323754191398621,False,FP
Scenes 001-020__108E-1-_20230727173710924.mp4,Boastful Loki Armor,0.0,1,0.6415663957595825,False,FP
Scenes 001-020__108E-1-_20230727173710924.mp4,Sylvie's horned headpiece,0.0,1,0.7495929598808289,False,FP
Scenes 001-020__108E-1-_20230727173710924.mp4,Loki's dagger,0.0,1,0.7485049366950989,False,FP
Scenes 001-020__108E-1-_20230727173710924.mp4,TVA Uniform,1.0,1,0.9443860650062561,True,TP
Scenes 001-020__108E-1-_20230727173710924.mp4,Kid Loki Armor,0.0,1,0.6834091544151306,False,FP
Scenes 001-020__108E-1-_20230727173710924.mp4,TVA Prisoner Uniform,0.0,1,0.757805585861206,False,FP
Scenes 001-020__108E-1-_20230727173710924.mp4,Loki's Variant uniform,0.0,1,0.8169644474983215,True,FP
Scenes 001-020__108E-1-_20230727173710924.mp4,Sylvie's machete,0.0,1,0.6893893480300903,False,FP
Scenes 001-020__108E-1-_20230727173710924.mp4,TVA Collar,1.0,1,0.9543686509132385,True,TP
Scenes 001-020__108E-1-_20230727173710924.mp4,Ravonna Renslayer's Uniform,0.0,1,0.7576583027839661,False,FP
Scenes 001-020__108E-1-_20230727173710924.mp4,TemPad,0.0,1,0.8838943839073181,True,FP
Scenes 001-020__108E-1-_20230727173710924.mp4,Classic Loki Armor,0.0,0,0.0,False,TN
Scenes 041-060__156A-2-_20230815181902814.mp4,TVA Monitor,0.0,0,0.0,False,TN
Scenes 041-060__156A-2-_20230815181902814.mp4,Loki's Armor,0.0,1,0.6592463254928589,False,FP
Scenes 041-060__156A-2-_20230815181902814.mp4,Aligator Loki Plushie,0.0,0,0.0,False,TN
Scenes 041-060__156A-2-_20230815181902814.mp4,Time Stick,1.0,1,0.7854498624801636,False,TP
Scenes 041-060__156A-2-_20230815181902814.mp4,TimeSpear,0.0,1,0.5725983381271362,False,FP
Scenes 041-060__156A-2-_20230815181902814.mp4,Sylvie's Armor,0.0,0,0.0,False,TN
Scenes 041-060__156A-2-_20230815181902814.mp4,Boastful Loki Armor,0.0,1,0.6478497385978699,False,FP
Scenes 041-060__156A-2-_20230815181902814.mp4,Sylvie's horned headpiece,0.0,1,0.5958346724510193,False,FP
Scenes 041-060__156A-2-_20230815181902814.mp4,Loki's dagger,0.0,1,0.6546265482902527,False,FP
Scenes 041-060__156A-2-_20230815181902814.mp4,TVA Uniform,1.0,1,0.8337101340293884,True,TP
Scenes 041-060__156A-2-_20230815181902814.mp4,Kid Loki Armor,0.0,0,0.0,False,TN
Scenes 041-060__156A-2-_20230815181902814.mp4,TVA Prisoner Uniform,0.0,0,0.0,False,TN
Scenes 041-060__156A-2-_20230815181902814.mp4,Loki's Variant uniform,0.0,0,0.0,False,TN
Scenes 041-060__156A-2-_20230815181902814.mp4,Sylvie's machete,0.0,1,0.6788420081138611,False,FP
Scenes 041-060__156A-2-_20230815181902814.mp4,TVA Collar,0.0,1,0.6333232522010803,False,FP
Scenes 041-060__156A-2-_20230815181902814.mp4,Ravonna Renslayer's Uniform,0.0,1,0.6955845952033997,False,FP
Scenes 041-060__156A-2-_20230815181902814.mp4,TemPad,1.0,1,0.8229098320007324,True,TP
Scenes 041-060__156A-2-_20230815181902814.mp4,Classic Loki Armor,0.0,0,0.0,False,TN
Scenes 001-020__106E-1- mos_20230727162142209.mp4,TVA Monitor,0.0,0,0.0,False,TN
Scenes 001-020__106E-1- mos_20230727162142209.mp4,Loki's Armor,0.0,1,0.569919228553772,False,FP
Scenes 001-020__106E-1- mos_20230727162142209.mp4,Aligator Loki Plushie,0.0,1,0.6787309646606445,False,FP
Scenes 001-020__106E-1- mos_20230727162142209.mp4,Time Stick,0.0,0,0.0,False,TN
Scenes 001-020__106E-1- mos_20230727162142209.mp4,TimeSpear,0.0,1,0.6969012022018433,False,FP
Scenes 001-020__106E-1- mos_20230727162142209.mp4,Sylvie's Armor,0.0,1,0.6224579215049744,False,FP
Scenes 001-020__106E-1- mos_20230727162142209.mp4,Boastful Loki Armor,0.0,1,0.6566734910011292,False,FP
Scenes 001-020__106E-1- mos_20230727162142209.mp4,Sylvie's horned headpiece,0.0,1,0.7107636332511902,False,FP
Scenes 001-020__106E-1- mos_20230727162142209.mp4,Loki's dagger,0.0,1,0.5423896908760071,False,FP
Scenes 001-020__106E-1- mos_20230727162142209.mp4,TVA Uniform,0.0,0,0.0,False,TN
Scenes 001-020__106E-1- mos_20230727162142209.mp4,Kid Loki Armor,0.0,0,0.0,False,TN
Scenes 001-020__106E-1- mos_20230727162142209.mp4,TVA Prisoner Uniform,0.0,1,0.8863712549209595,True,FP
Scenes 001-020__106E-1- mos_20230727162142209.mp4,Loki's Variant uniform,0.0,1,0.7059842348098755,False,FP
Scenes 001-020__106E-1- mos_20230727162142209.mp4,Sylvie's machete,0.0,1,0.6436754465103149,False,FP
Scenes 001-020__106E-1- mos_20230727162142209.mp4,TVA Collar,0.0,1,0.6745204925537109,False,FP
Scenes 001-020__106E-1- mos_20230727162142209.mp4,Ravonna Renslayer's Uniform,0.0,0,0.0,False,TN
Scenes 001-020__106E-1- mos_20230727162142209.mp4,TemPad,0.0,0,0.0,False,TN
Scenes 001-020__106E-1- mos_20230727162142209.mp4,Classic Loki Armor,0.0,0,0.0,False,TN
Scenes 001-020__201K-1-_20230815184646280.mp4,TVA Monitor,0.0,0,0.0,False,TN
Scenes 001-020__201K-1-_20230815184646280.mp4,Loki's Armor,0.0,0,0.0,False,TN
Scenes 001-020__201K-1-_20230815184646280.mp4,Aligator Loki Plushie,0.0,0,0.0,False,TN
Scenes 001-020__201K-1-_20230815184646280.mp4,Time Stick,0.0,1,0.7198576331138611,False,FP
Scenes 001-020__201K-1-_20230815184646280.mp4,TimeSpear,0.0,0,0.0,False,TN
Scenes 001-020__201K-1-_20230815184646280.mp4,Sylvie's Armor,0.0,0,0.0,False,TN
Scenes 001-020__201K-1-_20230815184646280.mp4,Boastful Loki Armor,0.0,1,0.7613317966461182,False,FP
Scenes 001-020__201K-1-_20230815184646280.mp4,Sylvie's horned headpiece,0.0,1,0.8738377094268799,True,FP
Scenes 001-020__201K-1-_20230815184646280.mp4,Loki's dagger,0.0,1,0.6925876140594482,False,FP
Scenes 001-020__201K-1-_20230815184646280.mp4,TVA Uniform,0.0,0,0.0,False,TN
Scenes 001-020__201K-1-_20230815184646280.mp4,Kid Loki Armor,0.0,1,0.6173024773597717,False,FP
Scenes 001-020__201K-1-_20230815184646280.mp4,TVA Prisoner Uniform,0.0,1,0.739891767501831,False,FP
Scenes 001-020__201K-1-_20230815184646280.mp4,Loki's Variant uniform,0.0,1,0.7570175528526306,False,FP
Scenes 001-020__201K-1-_20230815184646280.mp4,Sylvie's machete,0.0,1,0.6904076933860779,False,FP
Scenes 001-020__201K-1-_20230815184646280.mp4,TVA Collar,0.0,0,0.0,False,TN
Scenes 001-020__201K-1-_20230815184646280.mp4,Ravonna Renslayer's Uniform,0.0,0,0.0,False,TN
Scenes 001-020__201K-1-_20230815184646280.mp4,TemPad,0.0,1,0.7641817331314087,False,FP
Scenes 001-020__201K-1-_20230815184646280.mp4,Classic Loki Armor,0.0,1,0.677030086517334,False,FP
Scenes 001-020__303N-2-_20230815223401735.mp4,TVA Monitor,0.0,0,0.0,False,TN
Scenes 001-020__303N-2-_20230815223401735.mp4,Loki's Armor,0.0,0,0.0,False,TN
Scenes 001-020__303N-2-_20230815223401735.mp4,Aligator Loki Plushie,0.0,0,0.0,False,TN
Scenes 001-020__303N-2-_20230815223401735.mp4,Time Stick,0.0,0,0.0,False,TN
Scenes 001-020__303N-2-_20230815223401735.mp4,TimeSpear,0.0,0,0.0,False,TN
Scenes 001-020__303N-2-_20230815223401735.mp4,Sylvie's Armor,0.0,0,0.0,False,TN
Scenes 001-020__303N-2-_20230815223401735.mp4,Boastful Loki Armor,0.0,0,0.0,False,TN
Scenes 001-020__303N-2-_20230815223401735.mp4,Sylvie's horned headpiece,0.0,0,0.0,False,TN
Scenes 001-020__303N-2-_20230815223401735.mp4,Loki's dagger,0.0,0,0.0,False,TN
Scenes 001-020__303N-2-_20230815223401735.mp4,TVA Uniform,0.0,0,0.0,False,TN
Scenes 001-020__303N-2-_20230815223401735.mp4,Kid Loki Armor,0.0,0,0.0,False,TN
Scenes 001-020__303N-2-_20230815223401735.mp4,TVA Prisoner Uniform,0.0,0,0.0,False,TN
Scenes 001-020__303N-2-_20230815223401735.mp4,Loki's Variant uniform,0.0,0,0.0,False,TN
Scenes 001-020__303N-2-_20230815223401735.mp4,Sylvie's machete,0.0,0,0.0,False,TN
Scenes 001-020__303N-2-_20230815223401735.mp4,TVA Collar,0.0,0,0.0,False,TN
Scenes 001-020__303N-2-_20230815223401735.mp4,Ravonna Renslayer's Uniform,0.0,0,0.0,False,TN
Scenes 001-020__303N-2-_20230815223401735.mp4,TemPad,0.0,0,0.0,False,TN
Scenes 001-020__303N-2-_20230815223401735.mp4,Classic Loki Armor,0.0,0,0.0,False,TN
Scenes 021-040__235C-2- mos_20230815192640043.mp4,TVA Monitor,0.0,0,0.0,False,TN
Scenes 021-040__235C-2- mos_20230815192640043.mp4,Loki's Armor,0.0,0,0.0,False,TN
Scenes 021-040__235C-2- mos_20230815192640043.mp4,Aligator Loki Plushie,0.0,1,0.5964661836624146,False,FP
Scenes 021-040__235C-2- mos_20230815192640043.mp4,Time Stick,0.0,1,0.5265704989433289,False,FP
Scenes 021-040__235C-2- mos_20230815192640043.mp4,TimeSpear,0.0,1,0.6200823783874512,False,FP
Scenes 021-040__235C-2- mos_20230815192640043.mp4,Sylvie's Armor,0.0,0,0.0,False,TN
Scenes 021-040__235C-2- mos_20230815192640043.mp4,Boastful Loki Armor,0.0,1,0.7081902027130127,False,FP
Scenes 021-040__235C-2- mos_20230815192640043.mp4,Sylvie's horned headpiece,0.0,1,0.5976327061653137,False,FP
Scenes 021-040__235C-2- mos_20230815192640043.mp4,Loki's dagger,0.0,0,0.0,False,TN
Scenes 021-040__235C-2- mos_20230815192640043.mp4,TVA Uniform,0.0,0,0.0,False,TN
Scenes 021-040__235C-2- mos_20230815192640043.mp4,Kid Loki Armor,0.0,1,0.6252292394638062,False,FP
Scenes 021-040__235C-2- mos_20230815192640043.mp4,TVA Prisoner Uniform,0.0,0,0.0,False,TN
Scenes 021-040__235C-2- mos_20230815192640043.mp4,Loki's Variant uniform,0.0,1,0.6450361013412476,False,FP
Scenes 021-040__235C-2- mos_20230815192640043.mp4,Sylvie's machete,0.0,1,0.6212735176086426,False,FP
Scenes 021-040__235C-2- mos_20230815192640043.mp4,TVA Collar,0.0,1,0.6170534491539001,False,FP
Scenes 021-040__235C-2- mos_20230815192640043.mp4,Ravonna Renslayer's Uniform,0.0,0,0.0,False,TN
Scenes 021-040__235C-2- mos_20230815192640043.mp4,TemPad,0.0,1,0.8135167360305786,True,FP
Scenes 021-040__235C-2- mos_20230815192640043.mp4,Classic Loki Armor,0.0,0,0.0,False,TN
Scenes 061-080__165A-1-_20230815180241405.mp4,TVA Monitor,0.0,0,0.0,False,TN
Scenes 061-080__165A-1-_20230815180241405.mp4,Loki's Armor,0.0,1,0.7562666535377502,False,FP
Scenes 061-080__165A-1-_20230815180241405.mp4,Aligator Loki Plushie,0.0,0,0.0,False,TN
Scenes 061-080__165A-1-_20230815180241405.mp4,Time Stick,1.0,1,0.7930236458778381,False,TP
Scenes 061-080__165A-1-_20230815180241405.mp4,TimeSpear,0.0,1,0.6756495237350464,False,FP
Scenes 061-080__165A-1-_20230815180241405.mp4,Sylvie's Armor,0.0,1,0.6535520553588867,False,FP
Scenes 061-080__165A-1-_20230815180241405.mp4,Boastful Loki Armor,0.0,0,0.0,False,TN
Scenes 061-080__165A-1-_20230815180241405.mp4,Sylvie's horned headpiece,0.0,0,0.0,False,TN
Scenes 061-080__165A-1-_20230815180241405.mp4,Loki's dagger,0.0,1,0.5418235063552856,False,FP
Scenes 061-080__165A-1-_20230815180241405.mp4,TVA Uniform,0.0,0,0.0,False,TN
Scenes 061-080__165A-1-_20230815180241405.mp4,Kid Loki Armor,0.0,0,0.0,False,TN
Scenes 061-080__165A-1-_20230815180241405.mp4,TVA Prisoner Uniform,1.0,1,0.7125791311264038,False,TP
Scenes 061-080__165A-1-_20230815180241405.mp4,Loki's Variant uniform,0.0,1,0.7688865661621094,False,FP
Scenes 061-080__165A-1-_20230815180241405.mp4,Sylvie's machete,0.0,1,0.7843812108039856,False,FP
Scenes 061-080__165A-1-_20230815180241405.mp4,TVA Collar,0.0,1,0.8117963075637817,True,FP
Scenes 061-080__165A-1-_20230815180241405.mp4,Ravonna Renslayer's Uniform,0.0,1,0.6205555200576782,False,FP
Scenes 061-080__165A-1-_20230815180241405.mp4,TemPad,0.0,1,0.8196427822113037,True,FP
Scenes 061-080__165A-1-_20230815180241405.mp4,Classic Loki Armor,0.0,0,0.0,False,TN
Scenes 001-020__101B-1-_20230726152900590.mp4,TVA Monitor,0.0,0,0.0,False,TN
Scenes 001-020__101B-1-_20230726152900590.mp4,Loki's Armor,1.0,1,0.9400151968002319,True,TP
Scenes 001-020__101B-1-_20230726152900590.mp4,Aligator Loki Plushie,0.0,0,0.0,False,TN
Scenes 001-020__101B-1-_20230726152900590.mp4,Time Stick,0.0,1,0.6119574308395386,False,FP
Scenes 001-020__101B-1-_20230726152900590.mp4,TimeSpear,0.0,1,0.6644931435585022,False,FP
Scenes 001-020__101B-1-_20230726152900590.mp4,Sylvie's Armor,0.0,1,0.6356127262115479,False,FP
Scenes 001-020__101B-1-_20230726152900590.mp4,Boastful Loki Armor,0.0,1,0.6668680906295776,False,FP
Scenes 001-020__101B-1-_20230726152900590.mp4,Sylvie's horned headpiece,0.0,0,0.0,False,TN
Scenes 001-020__101B-1-_20230726152900590.mp4,Loki's dagger,0.0,0,0.0,False,TN
Scenes 001-020__101B-1-_20230726152900590.mp4,TVA Uniform,0.0,0,0.0,False,TN
Scenes 001-020__101B-1-_20230726152900590.mp4,Kid Loki Armor,0.0,1,0.5710148215293884,False,FP
Scenes 001-020__101B-1-_20230726152900590.mp4,TVA Prisoner Uniform,0.0,1,0.6724661588668823,False,FP
Scenes 001-020__101B-1-_20230726152900590.mp4,Loki's Variant uniform,0.0,0,0.0,False,TN
Scenes 001-020__101B-1-_20230726152900590.mp4,Sylvie's machete,0.0,1,0.7112628817558289,False,FP
Scenes 001-020__101B-1-_20230726152900590.mp4,TVA Collar,0.0,1,0.5794205665588379,False,FP
Scenes 001-020__101B-1-_20230726152900590.mp4,Ravonna Renslayer's Uniform,0.0,0,0.0,False,TN
Scenes 001-020__101B-1-_20230726152900590.mp4,TemPad,0.0,0,0.0,False,TN
Scenes 001-020__101B-1-_20230726152900590.mp4,Classic Loki Armor,0.0,0,0.0,False,TN
Scenes 021-040__440H-2b-_20230816031331933.mp4,TVA Monitor,0.0,0,0.0,False,TN
Scenes 021-040__440H-2b-_20230816031331933.mp4,Loki's Armor,0.0,0,0.0,False,TN
Scenes 021-040__440H-2b-_20230816031331933.mp4,Aligator Loki Plushie,0.0,1,0.8387625813484192,True,FP
Scenes 021-040__440H-2b-_20230816031331933.mp4,Time Stick,0.0,1,0.6551383137702942,False,FP
Scenes 021-040__440H-2b-_20230816031331933.mp4,TimeSpear,1.0,1,0.6961342096328735,False,TP
Scenes 021-040__440H-2b-_20230816031331933.mp4,Sylvie's Armor,1.0,1,0.5955939292907715,False,TP
Scenes 021-040__440H-2b-_20230816031331933.mp4,Boastful Loki Armor,0.0,1,0.6925846934318542,False,FP
Scenes 021-040__440H-2b-_20230816031331933.mp4,Sylvie's horned headpiece,0.0,1,0.6420530080795288,False,FP
Scenes 021-040__440H-2b-_20230816031331933.mp4,Loki's dagger,0.0,0,0.0,False,TN
Scenes 021-040__440H-2b-_20230816031331933.mp4,TVA Uniform,0.0,0,0.0,False,TN
Scenes 021-040__440H-2b-_20230816031331933.mp4,Kid Loki Armor,0.0,1,0.6866864562034607,False,FP
Scenes 021-040__440H-2b-_20230816031331933.mp4,TVA Prisoner Uniform,0.0,0,0.0,False,TN
Scenes 021-040__440H-2b-_20230816031331933.mp4,Loki's Variant uniform,0.0,0,0.0,False,TN
Scenes 021-040__440H-2b-_20230816031331933.mp4,Sylvie's machete,1.0,1,0.9253334999084473,True,TP
Scenes 021-040__440H-2b-_20230816031331933.mp4,TVA Collar,0.0,0,0.0,False,TN
Scenes 021-040__440H-2b-_20230816031331933.mp4,Ravonna Renslayer's Uniform,1.0,1,0.79274582862854,False,TP
Scenes 021-040__440H-2b-_20230816031331933.mp4,TemPad,0.0,0,0.0,False,TN
Scenes 021-040__440H-2b-_20230816031331933.mp4,Classic Loki Armor,0.0,0,0.0,False,TN
Scenes 021-040__529C-1- mos_20230816070604261.mp4,TVA Monitor,0.0,0,0.0,False,TN
Scenes 021-040__529C-1- mos_20230816070604261.mp4,Loki's Armor,0.0,0,0.0,False,TN
Scenes 021-040__529C-1- mos_20230816070604261.mp4,Aligator Loki Plushie,1.0,1,0.963299572467804,True,TP
Scenes 021-040__529C-1- mos_20230816070604261.mp4,Time Stick,0.0,1,0.6709775328636169,False,FP
Scenes 021-040__529C-1- mos_20230816070604261.mp4,TimeSpear,0.0,1,0.6540557146072388,False,FP
Scenes 021-040__529C-1- mos_20230816070604261.mp4,Sylvie's Armor,0.0,0,0.0,False,TN
Scenes 021-040__529C-1- mos_20230816070604261.mp4,Boastful Loki Armor,0.0,0,0.0,False,TN
Scenes 021-040__529C-1- mos_20230816070604261.mp4,Sylvie's horned headpiece,0.0,1,0.6231703162193298,False,FP
Scenes 021-040__529C-1- mos_20230816070604261.mp4,Loki's dagger,0.0,1,0.6605094075202942,False,FP
Scenes 021-040__529C-1- mos_20230816070604261.mp4,TVA Uniform,0.0,0,0.0,False,TN
Scenes 021-040__529C-1- mos_20230816070604261.mp4,Kid Loki Armor,0.0,0,0.0,False,TN
Scenes 021-040__529C-1- mos_20230816070604261.mp4,TVA Prisoner Uniform,0.0,0,0.0,False,TN
Scenes 021-040__529C-1- mos_20230816070604261.mp4,Loki's Variant uniform,0.0,0,0.0,False,TN
Scenes 021-040__529C-1- mos_20230816070604261.mp4,Sylvie's machete,0.0,0,0.0,False,TN
Scenes 021-040__529C-1- mos_20230816070604261.mp4,TVA Collar,0.0,1,0.721632719039917,False,FP
Scenes 021-040__529C-1- mos_20230816070604261.mp4,Ravonna Renslayer's Uniform,0.0,0,0.0,False,TN
Scenes 021-040__529C-1- mos_20230816070604261.mp4,TemPad,0.0,1,0.68732750415802,False,FP
Scenes 021-040__529C-1- mos_20230816070604261.mp4,Classic Loki Armor,0.0,0,0.0,False,TN
Scenes 001-020__201L-1-_20230728112628503.mp4,TVA Monitor,0.0,0,0.0,False,TN
Scenes 001-020__201L-1-_20230728112628503.mp4,Loki's Armor,0.0,0,0.0,False,TN
Scenes 001-020__201L-1-_20230728112628503.mp4,Aligator Loki Plushie,0.0,1,0.5887425541877747,False,FP
Scenes 001-020__201L-1-_20230728112628503.mp4,Time Stick,0.0,1,0.6995344161987305,False,FP
Scenes 001-020__201L-1-_20230728112628503.mp4,TimeSpear,0.0,1,0.6763867735862732,False,FP
Scenes 001-020__201L-1-_20230728112628503.mp4,Sylvie's Armor,0.0,0,0.0,False,TN
Scenes 001-020__201L-1-_20230728112628503.mp4,Boastful Loki Armor,0.0,1,0.7142634391784668,False,FP
Scenes 001-020__201L-1-_20230728112628503.mp4,Sylvie's horned headpiece,0.0,1,0.5792303085327148,False,FP
Scenes 001-020__201L-1-_20230728112628503.mp4,Loki's dagger,0.0,0,0.0,False,TN
Scenes 001-020__201L-1-_20230728112628503.mp4,TVA Uniform,0.0,1,0.6814061999320984,False,FP
Scenes 001-020__201L-1-_20230728112628503.mp4,Kid Loki Armor,0.0,0,0.0,False,TN
Scenes 001-020__201L-1-_20230728112628503.mp4,TVA Prisoner Uniform,0.0,0,0.0,False,TN
Scenes 001-020__201L-1-_20230728112628503.mp4,Loki's Variant uniform,0.0,1,0.8436704874038696,True,FP
Scenes 001-020__201L-1-_20230728112628503.mp4,Sylvie's machete,0.0,1,0.6707707643508911,False,FP
Scenes 001-020__201L-1-_20230728112628503.mp4,TVA Collar,0.0,1,0.5888898968696594,False,FP
Scenes 001-020__201L-1-_20230728112628503.mp4,Ravonna Renslayer's Uniform,0.0,0,0.0,False,TN
Scenes 001-020__201L-1-_20230728112628503.mp4,TemPad,0.0,1,0.6492677927017212,False,FP
Scenes 001-020__201L-1-_20230728112628503.mp4,Classic Loki Armor,0.0,0,0.0,False,TN
Scenes 001-020__306B-5-_20230815201805729.mp4,TVA Monitor,0.0,0,0.0,False,TN
Scenes 001-020__306B-5-_20230815201805729.mp4,Loki's Armor,0.0,0,0.0,False,TN
Scenes 001-020__306B-5-_20230815201805729.mp4,Aligator Loki Plushie,0.0,1,0.799021303653717,False,FP
Scenes 001-020__306B-5-_20230815201805729.mp4,Time Stick,0.0,0,0.0,False,TN
Scenes 001-020__306B-5-_20230815201805729.mp4,TimeSpear,0.0,1,0.5917420983314514,False,FP
Scenes 001-020__306B-5-_20230815201805729.mp4,Sylvie's Armor,1.0,1,0.7332467436790466,False,TP
Scenes 001-020__306B-5-_20230815201805729.mp4,Boastful Loki Armor,0.0,1,0.7620915174484253,False,FP
Scenes 001-020__306B-5-_20230815201805729.mp4,Sylvie's horned headpiece,1.0,1,0.8350245356559753,True,TP
Scenes 001-020__306B-5-_20230815201805729.mp4,Loki's dagger,0.0,0,0.0,False,TN
Scenes 001-020__306B-5-_20230815201805729.mp4,TVA Uniform,0.0,0,0.0,False,TN
Scenes 001-020__306B-5-_20230815201805729.mp4,Kid Loki Armor,0.0,1,0.6363353133201599,False,FP
Scenes 001-020__306B-5-_20230815201805729.mp4,TVA Prisoner Uniform,0.0,1,0.7044355869293213,False,FP
Scenes 001-020__306B-5-_20230815201805729.mp4,Loki's Variant uniform,1.0,1,0.7191058993339539,False,TP
Scenes 001-020__306B-5-_20230815201805729.mp4,Sylvie's machete,0.0,1,0.8903948068618774,True,FP
Scenes 001-020__306B-5-_20230815201805729.mp4,TVA Collar,0.0,0,0.0,False,TN
Scenes 001-020__306B-5-_20230815201805729.mp4,Ravonna Renslayer's Uniform,0.0,1,0.6080812215805054,False,FP
Scenes 001-020__306B-5-_20230815201805729.mp4,TemPad,0.0,1,0.7035372257232666,False,FP
Scenes 001-020__306B-5-_20230815201805729.mp4,Classic Loki Armor,0.0,1,0.6221904754638672,False,FP
Scenes 001-020__309-3-_20230815150109755.mp4,TVA Monitor,0.0,0,0.0,False,TN
Scenes 001-020__309-3-_20230815150109755.mp4,Loki's Armor,0.0,1,0.6748820543289185,False,FP
Scenes 001-020__309-3-_20230815150109755.mp4,Aligator Loki Plushie,0.0,1,0.6912648677825928,False,FP
Scenes 001-020__309-3-_20230815150109755.mp4,Time Stick,0.0,0,0.0,False,TN
Scenes 001-020__309-3-_20230815150109755.mp4,TimeSpear,0.0,0,0.0,False,TN
Scenes 001-020__309-3-_20230815150109755.mp4,Sylvie's Armor,1.0,1,0.7305391430854797,False,TP
Scenes 001-020__309-3-_20230815150109755.mp4,Boastful Loki Armor,0.0,1,0.7524861693382263,False,FP
Scenes 001-020__309-3-_20230815150109755.mp4,Sylvie's horned headpiece,1.0,1,0.8110091090202332,True,TP
Scenes 001-020__309-3-_20230815150109755.mp4,Loki's dagger,0.0,0,0.0,False,TN
Scenes 001-020__309-3-_20230815150109755.mp4,TVA Uniform,0.0,0,0.0,False,TN
Scenes 001-020__309-3-_20230815150109755.mp4,Kid Loki Armor,0.0,1,0.6765049695968628,False,FP
Scenes 001-020__309-3-_20230815150109755.mp4,TVA Prisoner Uniform,0.0,1,0.7507995367050171,False,FP
Scenes 001-020__309-3-_20230815150109755.mp4,Loki's Variant uniform,1.0,1,0.7571128010749817,False,TP
Scenes 001-020__309-3-_20230815150109755.mp4,Sylvie's machete,0.0,1,0.8611319661140442,True,FP
Scenes 001-020__309-3-_20230815150109755.mp4,TVA Collar,0.0,1,0.6985892057418823,False,FP
Scenes 001-020__309-3-_20230815150109755.mp4,Ravonna Renslayer's Uniform,0.0,1,0.6928627490997314,False,FP
Scenes 001-020__309-3-_20230815150109755.mp4,TemPad,0.0,0,0.0,False,TN
Scenes 001-020__309-3-_20230815150109755.mp4,Classic Loki Armor,0.0,0,0.0,False,TN
Scenes 041-060__411D-1- mos_20230816005120796.mp4,TVA Monitor,0.0,0,0.0,False,TN
Scenes 041-060__411D-1- mos_20230816005120796.mp4,Loki's Armor,0.0,0,0.0,False,TN
Scenes 041-060__411D-1- mos_20230816005120796.mp4,Aligator Loki Plushie,0.0,0,0.0,False,TN
Scenes 041-060__411D-1- mos_20230816005120796.mp4,Time Stick,0.0,0,0.0,False,TN
Scenes 041-060__411D-1- mos_20230816005120796.mp4,TimeSpear,0.0,0,0.0,False,TN
Scenes 041-060__411D-1- mos_20230816005120796.mp4,Sylvie's Armor,0.0,0,0.0,False,TN
Scenes 041-060__411D-1- mos_20230816005120796.mp4,Boastful Loki Armor,0.0,0,0.0,False,TN
Scenes 041-060__411D-1- mos_20230816005120796.mp4,Sylvie's horned headpiece,0.0,0,0.0,False,TN
Scenes 041-060__411D-1- mos_20230816005120796.mp4,Loki's dagger,0.0,0,0.0,False,TN
Scenes 041-060__411D-1- mos_20230816005120796.mp4,TVA Uniform,0.0,0,0.0,False,TN
Scenes 041-060__411D-1- mos_20230816005120796.mp4,Kid Loki Armor,0.0,0,0.0,False,TN
Scenes 041-060__411D-1- mos_20230816005120796.mp4,TVA Prisoner Uniform,0.0,0,0.0,False,TN
Scenes 041-060__411D-1- mos_20230816005120796.mp4,Loki's Variant uniform,0.0,0,0.0,False,TN
Scenes 041-060__411D-1- mos_20230816005120796.mp4,Sylvie's machete,0.0,0,0.0,False,TN
Scenes 041-060__411D-1- mos_20230816005120796.mp4,TVA Collar,0.0,1,0.6721904277801514,False,FP
Scenes 041-060__411D-1- mos_20230816005120796.mp4,Ravonna Renslayer's Uniform,0.0,0,0.0,False,TN
Scenes 041-060__411D-1- mos_20230816005120796.mp4,TemPad,0.0,0,0.0,False,TN
Scenes 041-060__411D-1- mos_20230816005120796.mp4,Classic Loki Armor,0.0,0,0.0,False,TN
Scenes 021-040__221-4-_20230815180803766.mp4,TVA Monitor,0.0,0,0.0,False,TN
Scenes 021-040__221-4-_20230815180803766.mp4,Loki's Armor,0.0,1,0.6858421564102173,False,FP
Scenes 021-040__221-4-_20230815180803766.mp4,Aligator Loki Plushie,0.0,0,0.0,False,TN
Scenes 021-040__221-4-_20230815180803766.mp4,Time Stick,0.0,1,0.7736092805862427,False,FP
Scenes 021-040__221-4-_20230815180803766.mp4,TimeSpear,0.0,1,0.5282129645347595,False,FP
Scenes 021-040__221-4-_20230815180803766.mp4,Sylvie's Armor,0.0,1,0.6361140012741089,False,FP
Scenes 021-040__221-4-_20230815180803766.mp4,Boastful Loki Armor,0.0,1,0.6596179008483887,False,FP
Scenes 021-040__221-4-_20230815180803766.mp4,Sylvie's horned headpiece,0.0,0,0.0,False,TN
Scenes 021-040__221-4-_20230815180803766.mp4,Loki's dagger,0.0,1,0.8226989507675171,True,FP
Scenes 021-040__221-4-_20230815180803766.mp4,TVA Uniform,0.0,0,0.0,False,TN
Scenes 021-040__221-4-_20230815180803766.mp4,Kid Loki Armor,0.0,0,0.0,False,TN
Scenes 021-040__221-4-_20230815180803766.mp4,TVA Prisoner Uniform,0.0,1,0.7802618741989136,False,FP
Scenes 021-040__221-4-_20230815180803766.mp4,Loki's Variant uniform,1.0,1,0.9195982217788696,True,TP
Scenes 021-040__221-4-_20230815180803766.mp4,Sylvie's machete,0.0,1,0.700186550617218,False,FP
Scenes 021-040__221-4-_20230815180803766.mp4,TVA Collar,0.0,1,0.7190948724746704,False,FP
Scenes 021-040__221-4-_20230815180803766.mp4,Ravonna Renslayer's Uniform,0.0,1,0.796470582485199,False,FP
Scenes 021-040__221-4-_20230815180803766.mp4,TemPad,0.0,1,0.857505202293396,True,FP
Scenes 021-040__221-4-_20230815180803766.mp4,Classic Loki Armor,0.0,0,0.0,False,TN
Scenes 001-020__110C-1-_20230728125333457.mp4,TVA Monitor,1.0,1,0.9682509899139404,True,TP
Scenes 001-020__110C-1-_20230728125333457.mp4,Loki's Armor,0.0,1,0.7671563625335693,False,FP
Scenes 001-020__110C-1-_20230728125333457.mp4,Aligator Loki Plushie,0.0,0,0.0,False,TN
Scenes 001-020__110C-1-_20230728125333457.mp4,Time Stick,0.0,1,0.5984120965003967,False,FP
Scenes 001-020__110C-1-_20230728125333457.mp4,TimeSpear,0.0,1,0.6795228719711304,False,FP
Scenes 001-020__110C-1-_20230728125333457.mp4,Sylvie's Armor,0.0,0,0.0,False,TN
Scenes 001-020__110C-1-_20230728125333457.mp4,Boastful Loki Armor,0.0,0,0.0,False,TN
Scenes 001-020__110C-1-_20230728125333457.mp4,Sylvie's horned headpiece,0.0,1,0.6810232996940613,False,FP
Scenes 001-020__110C-1-_20230728125333457.mp4,Loki's dagger,0.0,1,0.6489275097846985,False,FP
Scenes 001-020__110C-1-_20230728125333457.mp4,TVA Uniform,0.0,0,0.0,False,TN
Scenes 001-020__110C-1-_20230728125333457.mp4,Kid Loki Armor,0.0,1,0.6048638224601746,False,FP
Scenes 001-020__110C-1-_20230728125333457.mp4,TVA Prisoner Uniform,0.0,1,0.5890873670578003,False,FP
Scenes 001-020__110C-1-_20230728125333457.mp4,Loki's Variant uniform,0.0,1,0.6882840394973755,False,FP
Scenes 001-020__110C-1-_20230728125333457.mp4,Sylvie's machete,0.0,1,0.7502487897872925,False,FP
Scenes 001-020__110C-1-_20230728125333457.mp4,TVA Collar,0.0,1,0.7635281085968018,False,FP
Scenes 001-020__110C-1-_20230728125333457.mp4,Ravonna Renslayer's Uniform,0.0,0,0.0,False,TN
Scenes 001-020__110C-1-_20230728125333457.mp4,TemPad,0.0,1,0.8074002265930176,True,FP
Scenes 001-020__110C-1-_20230728125333457.mp4,Classic Loki Armor,0.0,0,0.0,False,TN
Scenes 001-020__112P-5- mos_20230728143243774.mp4,TVA Monitor,0.0,0,0.0,False,TN
Scenes 001-020__112P-5- mos_20230728143243774.mp4,Loki's Armor,0.0,0,0.0,False,TN
Scenes 001-020__112P-5- mos_20230728143243774.mp4,Aligator Loki Plushie,0.0,0,0.0,False,TN
Scenes 001-020__112P-5- mos_20230728143243774.mp4,Time Stick,0.0,1,0.6085534691810608,False,FP
Scenes 001-020__112P-5- mos_20230728143243774.mp4,TimeSpear,0.0,0,0.0,False,TN
Scenes 001-020__112P-5- mos_20230728143243774.mp4,Sylvie's Armor,0.0,0,0.0,False,TN
Scenes 001-020__112P-5- mos_20230728143243774.mp4,Boastful Loki Armor,0.0,0,0.0,False,TN
Scenes 001-020__112P-5- mos_20230728143243774.mp4,Sylvie's horned headpiece,0.0,1,0.7189695835113525,False,FP
Scenes 001-020__112P-5- mos_20230728143243774.mp4,Loki's dagger,0.0,1,0.6001235246658325,False,FP
Scenes 001-020__112P-5- mos_20230728143243774.mp4,TVA Uniform,0.0,0,0.0,False,TN
Scenes 001-020__112P-5- mos_20230728143243774.mp4,Kid Loki Armor,0.0,0,0.0,False,TN
Scenes 001-020__112P-5- mos_20230728143243774.mp4,TVA Prisoner Uniform,1.0,1,0.8693149089813232,True,TP
Scenes 001-020__112P-5- mos_20230728143243774.mp4,Loki's Variant uniform,0.0,1,0.6824088096618652,False,FP
Scenes 001-020__112P-5- mos_20230728143243774.mp4,Sylvie's machete,0.0,0,0.0,False,TN
Scenes 001-020__112P-5- mos_20230728143243774.mp4,TVA Collar,0.0,0,0.0,False,TN
Scenes 001-020__112P-5- mos_20230728143243774.mp4,Ravonna Renslayer's Uniform,0.0,0,0.0,False,TN
Scenes 001-020__112P-5- mos_20230728143243774.mp4,TemPad,0.0,1,0.5916382074356079,False,FP
Scenes 001-020__112P-5- mos_20230728143243774.mp4,Classic Loki Armor,0.0,0,0.0,False,TN
Scenes 041-060__238A-2-_20230815193138550.mp4,TVA Monitor,0.0,0,0.0,False,TN
Scenes 041-060__238A-2-_20230815193138550.mp4,Loki's Armor,0.0,1,0.597967267036438,False,FP
Scenes 041-060__238A-2-_20230815193138550.mp4,Aligator Loki Plushie,0.0,0,0.0,False,TN
Scenes 041-060__238A-2-_20230815193138550.mp4,Time Stick,0.0,1,0.5771546363830566,False,FP
Scenes 041-060__238A-2-_20230815193138550.mp4,TimeSpear,0.0,1,0.6082842946052551,False,FP
Scenes 041-060__238A-2-_20230815193138550.mp4,Sylvie's Armor,0.0,1,0.6039783358573914,False,FP
Scenes 041-060__238A-2-_20230815193138550.mp4,Boastful Loki Armor,0.0,0,0.0,False,TN
Scenes 041-060__238A-2-_20230815193138550.mp4,Sylvie's horned headpiece,0.0,0,0.0,False,TN
Scenes 041-060__238A-2-_20230815193138550.mp4,Loki's dagger,0.0,1,0.6089721918106079,False,FP
Scenes 041-060__238A-2-_20230815193138550.mp4,TVA Uniform,1.0,1,0.6820869445800781,False,TP
Scenes 041-060__238A-2-_20230815193138550.mp4,Kid Loki Armor,0.0,0,0.0,False,TN
Scenes 041-060__238A-2-_20230815193138550.mp4,TVA Prisoner Uniform,0.0,0,0.0,False,TN
Scenes 041-060__238A-2-_20230815193138550.mp4,Loki's Variant uniform,0.0,0,0.0,False,TN
Scenes 041-060__238A-2-_20230815193138550.mp4,Sylvie's machete,0.0,0,0.0,False,TN
Scenes 041-060__238A-2-_20230815193138550.mp4,TVA Collar,0.0,1,0.5803300142288208,False,FP
Scenes 041-060__238A-2-_20230815193138550.mp4,Ravonna Renslayer's Uniform,0.0,1,0.6209413409233093,False,FP
Scenes 041-060__238A-2-_20230815193138550.mp4,TemPad,0.0,0,0.0,False,TN
Scenes 041-060__238A-2-_20230815193138550.mp4,Classic Loki Armor,0.0,0,0.0,False,TN
Scenes 041-060__238B-1-_20230815193151869.mp4,TVA Monitor,0.0,0,0.0,False,TN
Scenes 041-060__238B-1-_20230815193151869.mp4,Loki's Armor,0.0,0,0.0,False,TN
Scenes 041-060__238B-1-_20230815193151869.mp4,Aligator Loki Plushie,0.0,0,0.0,False,TN
Scenes 041-060__238B-1-_20230815193151869.mp4,Time Stick,0.0,1,0.6419215798377991,False,FP
Scenes 041-060__238B-1-_20230815193151869.mp4,TimeSpear,0.0,0,0.0,False,TN
Scenes 041-060__238B-1-_20230815193151869.mp4,Sylvie's Armor,0.0,1,0.7581788897514343,False,FP
Scenes 041-060__238B-1-_20230815193151869.mp4,Boastful Loki Armor,0.0,0,0.0,False,TN
Scenes 041-060__238B-1-_20230815193151869.mp4,Sylvie's horned headpiece,0.0,0,0.0,False,TN
Scenes 041-060__238B-1-_20230815193151869.mp4,Loki's dagger,0.0,0,0.0,False,TN
Scenes 041-060__238B-1-_20230815193151869.mp4,TVA Uniform,1.0,0,0.0,False,FN
Scenes 041-060__238B-1-_20230815193151869.mp4,Kid Loki Armor,0.0,0,0.0,False,TN
Scenes 041-060__238B-1-_20230815193151869.mp4,TVA Prisoner Uniform,0.0,0,0.0,False,TN
Scenes 041-060__238B-1-_20230815193151869.mp4,Loki's Variant uniform,0.0,0,0.0,False,TN
Scenes 041-060__238B-1-_20230815193151869.mp4,Sylvie's machete,0.0,0,0.0,False,TN
Scenes 041-060__238B-1-_20230815193151869.mp4,TVA Collar,0.0,0,0.0,False,TN
Scenes 041-060__238B-1-_20230815193151869.mp4,Ravonna Renslayer's Uniform,0.0,0,0.0,False,TN
Scenes 041-060__238B-1-_20230815193151869.mp4,TemPad,0.0,0,0.0,False,TN
Scenes 041-060__238B-1-_20230815193151869.mp4,Classic Loki Armor,0.0,0,0.0,False,TN
Scenes 001-020__319-9_20230815201611576.mp4,TVA Monitor,0.0,0,0.0,False,TN
Scenes 001-020__319-9_20230815201611576.mp4,Loki's Armor,0.0,0,0.0,False,TN
Scenes 001-020__319-9_20230815201611576.mp4,Aligator Loki Plushie,0.0,1,0.842120349407196,True,FP
Scenes 001-020__319-9_20230815201611576.mp4,Time Stick,0.0,0,0.0,False,TN
Scenes 001-020__319-9_20230815201611576.mp4,TimeSpear,0.0,0,0.0,False,TN
Scenes 001-020__319-9_20230815201611576.mp4,Sylvie's Armor,1.0,1,0.6625005602836609,False,TP
Scenes 001-020__319-9_20230815201611576.mp4,Boastful Loki Armor,0.0,0,0.0,False,TN
Scenes 001-020__319-9_20230815201611576.mp4,Sylvie's horned headpiece,0.0,1,0.46720582246780396,False,FP
Scenes 001-020__319-9_20230815201611576.mp4,Loki's dagger,0.0,0,0.0,False,TN
Scenes 001-020__319-9_20230815201611576.mp4,TVA Uniform,0.0,0,0.0,False,TN
Scenes 001-020__319-9_20230815201611576.mp4,Kid Loki Armor,0.0,0,0.0,False,TN
Scenes 001-020__319-9_20230815201611576.mp4,TVA Prisoner Uniform,0.0,0,0.0,False,TN
Scenes 001-020__319-9_20230815201611576.mp4,Loki's Variant uniform,0.0,0,0.0,False,TN
Scenes 001-020__319-9_20230815201611576.mp4,Sylvie's machete,0.0,1,0.7862216830253601,False,FP
Scenes 001-020__319-9_20230815201611576.mp4,TVA Collar,0.0,1,0.6241451501846313,False,FP
Scenes 001-020__319-9_20230815201611576.mp4,Ravonna Renslayer's Uniform,0.0,1,0.5723286271095276,False,FP
Scenes 001-020__319-9_20230815201611576.mp4,TemPad,0.0,0,0.0,False,TN
Scenes 001-020__319-9_20230815201611576.mp4,Classic Loki Armor,0.0,0,0.0,False,TN
Scenes 001-020__504T-3-_20230816050753649.mp4,TVA Monitor,0.0,0,0.0,False,TN
Scenes 001-020__504T-3-_20230816050753649.mp4,Loki's Armor,0.0,1,0.7490887641906738,False,FP
Scenes 001-020__504T-3-_20230816050753649.mp4,Aligator Loki Plushie,0.0,0,0.0,False,TN
Scenes 001-020__504T-3-_20230816050753649.mp4,Time Stick,0.0,1,0.5987509489059448,False,FP
Scenes 001-020__504T-3-_20230816050753649.mp4,TimeSpear,1.0,1,0.971289336681366,True,TP
Scenes 001-020__504T-3-_20230816050753649.mp4,Sylvie's Armor,1.0,1,0.9183786511421204,True,TP
Scenes 001-020__504T-3-_20230816050753649.mp4,Boastful Loki Armor,0.0,1,0.6855496168136597,False,FP
Scenes 001-020__504T-3-_20230816050753649.mp4,Sylvie's horned headpiece,0.0,0,0.0,False,TN
Scenes 001-020__504T-3-_20230816050753649.mp4,Loki's dagger,0.0,1,0.8119348287582397,True,FP
Scenes 001-020__504T-3-_20230816050753649.mp4,TVA Uniform,0.0,1,0.6250742673873901,False,FP
Scenes 001-020__504T-3-_20230816050753649.mp4,Kid Loki Armor,0.0,0,0.0,False,TN
Scenes 001-020__504T-3-_20230816050753649.mp4,TVA Prisoner Uniform,0.0,1,0.6047531962394714,False,FP
Scenes 001-020__504T-3-_20230816050753649.mp4,Loki's Variant uniform,0.0,1,0.6810721158981323,False,FP
Scenes 001-020__504T-3-_20230816050753649.mp4,Sylvie's machete,1.0,1,0.8673282861709595,True,TP
Scenes 001-020__504T-3-_20230816050753649.mp4,TVA Collar,0.0,1,0.7635082006454468,False,FP
Scenes 001-020__504T-3-_20230816050753649.mp4,Ravonna Renslayer's Uniform,0.0,1,0.6236904263496399,False,FP
Scenes 001-020__504T-3-_20230816050753649.mp4,TemPad,1.0,1,0.8288800120353699,True,TP
Scenes 001-020__504T-3-_20230816050753649.mp4,Classic Loki Armor,0.0,0,0.0,False,TN
Scenes 021-040__536A-3-_20230816063724398.mp4,TVA Monitor,0.0,1,0.7077824473381042,False,FP
Scenes 021-040__536A-3-_20230816063724398.mp4,Loki's Armor,0.0,1,0.7299987077713013,False,FP
Scenes 021-040__536A-3-_20230816063724398.mp4,Aligator Loki Plushie,0.0,1,0.7366335988044739,False,FP
Scenes 021-040__536A-3-_20230816063724398.mp4,Time Stick,0.0,1,0.5073249936103821,False,FP
Scenes 021-040__536A-3-_20230816063724398.mp4,TimeSpear,0.0,1,0.6403143405914307,False,FP
Scenes 021-040__536A-3-_20230816063724398.mp4,Sylvie's Armor,0.0,1,0.5976946353912354,False,FP
Scenes 021-040__536A-3-_20230816063724398.mp4,Boastful Loki Armor,0.0,1,0.8131094574928284,True,FP
Scenes 021-040__536A-3-_20230816063724398.mp4,Sylvie's horned headpiece,0.0,1,0.745350182056427,False,FP
Scenes 021-040__536A-3-_20230816063724398.mp4,Loki's dagger,0.0,1,0.7548428177833557,False,FP
Scenes 021-040__536A-3-_20230816063724398.mp4,TVA Uniform,0.0,0,0.0,False,TN
Scenes 021-040__536A-3-_20230816063724398.mp4,Kid Loki Armor,1.0,1,0.9104811549186707,True,TP
Scenes 021-040__536A-3-_20230816063724398.mp4,TVA Prisoner Uniform,0.0,1,0.7277308106422424,False,FP
Scenes 021-040__536A-3-_20230816063724398.mp4,Loki's Variant uniform,0.0,1,0.7440024018287659,False,FP
Scenes 021-040__536A-3-_20230816063724398.mp4,Sylvie's machete,0.0,1,0.785194456577301,False,FP
Scenes 021-040__536A-3-_20230816063724398.mp4,TVA Collar,0.0,1,0.7807819843292236,False,FP
Scenes 021-040__536A-3-_20230816063724398.mp4,Ravonna Renslayer's Uniform,0.0,0,0.0,False,TN
Scenes 021-040__536A-3-_20230816063724398.mp4,TemPad,0.0,1,0.8168097138404846,True,FP
Scenes 021-040__536A-3-_20230816063724398.mp4,Classic Loki Armor,1.0,1,0.8779119253158569,True,TP
Scenes 001-020__211H-2-_20230815190456898.mp4,TVA Monitor,0.0,0,0.0,False,TN
Scenes 001-020__211H-2-_20230815190456898.mp4,Loki's Armor,0.0,1,0.6487712860107422,False,FP
Scenes 001-020__211H-2-_20230815190456898.mp4,Aligator Loki Plushie,0.0,0,0.0,False,TN
Scenes 001-020__211H-2-_20230815190456898.mp4,Time Stick,0.0,1,0.7926974892616272,False,FP
Scenes 001-020__211H-2-_20230815190456898.mp4,TimeSpear,0.0,0,0.0,False,TN
Scenes 001-020__211H-2-_20230815190456898.mp4,Sylvie's Armor,0.0,1,0.5665346384048462,False,FP
Scenes 001-020__211H-2-_20230815190456898.mp4,Boastful Loki Armor,0.0,0,0.0,False,TN
Scenes 001-020__211H-2-_20230815190456898.mp4,Sylvie's horned headpiece,0.0,1,0.5104210376739502,False,FP
Scenes 001-020__211H-2-_20230815190456898.mp4,Loki's dagger,0.0,1,0.6106042861938477,False,FP
Scenes 001-020__211H-2-_20230815190456898.mp4,TVA Uniform,0.0,1,0.5389150381088257,False,FP
Scenes 001-020__211H-2-_20230815190456898.mp4,Kid Loki Armor,0.0,0,0.0,False,TN
Scenes 001-020__211H-2-_20230815190456898.mp4,TVA Prisoner Uniform,0.0,1,0.6063178777694702,False,FP
Scenes 001-020__211H-2-_20230815190456898.mp4,Loki's Variant uniform,0.0,1,0.695496678352356,False,FP
Scenes 001-020__211H-2-_20230815190456898.mp4,Sylvie's machete,0.0,1,0.7601621747016907,False,FP
Scenes 001-020__211H-2-_20230815190456898.mp4,TVA Collar,0.0,1,0.7292465567588806,False,FP
Scenes 001-020__211H-2-_20230815190456898.mp4,Ravonna Renslayer's Uniform,0.0,0,0.0,False,TN
Scenes 001-020__211H-2-_20230815190456898.mp4,TemPad,0.0,1,0.8671879768371582,True,FP
Scenes 001-020__211H-2-_20230815190456898.mp4,Classic Loki Armor,0.0,0,0.0,False,TN
Scenes 021-040__537C-2_20230816070308783.mp4,TVA Monitor,0.0,0,0.0,False,TN
Scenes 021-040__537C-2_20230816070308783.mp4,Loki's Armor,0.0,0,0.0,False,TN
Scenes 021-040__537C-2_20230816070308783.mp4,Aligator Loki Plushie,0.0,1,0.7787907719612122,False,FP
Scenes 021-040__537C-2_20230816070308783.mp4,Time Stick,0.0,0,0.0,False,TN
Scenes 021-040__537C-2_20230816070308783.mp4,TimeSpear,0.0,1,0.656982958316803,False,FP
Scenes 021-040__537C-2_20230816070308783.mp4,Sylvie's Armor,0.0,0,0.0,False,TN
Scenes 021-040__537C-2_20230816070308783.mp4,Boastful Loki Armor,0.0,0,0.0,False,TN
Scenes 021-040__537C-2_20230816070308783.mp4,Sylvie's horned headpiece,0.0,0,0.0,False,TN
Scenes 021-040__537C-2_20230816070308783.mp4,Loki's dagger,0.0,0,0.0,False,TN
Scenes 021-040__537C-2_20230816070308783.mp4,TVA Uniform,0.0,0,0.0,False,TN
Scenes 021-040__537C-2_20230816070308783.mp4,Kid Loki Armor,0.0,1,0.6539570093154907,False,FP
Scenes 021-040__537C-2_20230816070308783.mp4,TVA Prisoner Uniform,0.0,1,0.6226349472999573,False,FP
Scenes 021-040__537C-2_20230816070308783.mp4,Loki's Variant uniform,0.0,1,0.6559430360794067,False,FP
Scenes 021-040__537C-2_20230816070308783.mp4,Sylvie's machete,0.0,1,0.6802226305007935,False,FP
Scenes 021-040__537C-2_20230816070308783.mp4,TVA Collar,0.0,0,0.0,False,TN
Scenes 021-040__537C-2_20230816070308783.mp4,Ravonna Renslayer's Uniform,0.0,1,0.6091993451118469,False,FP
Scenes 021-040__537C-2_20230816070308783.mp4,TemPad,0.0,0,0.0,False,TN
Scenes 021-040__537C-2_20230816070308783.mp4,Classic Loki Armor,0.0,0,0.0,False,TN
Scenes 021-040__230-1ng_20230815191241114.mp4,TVA Monitor,0.0,0,0.0,False,TN
Scenes 021-040__230-1ng_20230815191241114.mp4,Loki's Armor,0.0,0,0.0,False,TN
Scenes 021-040__230-1ng_20230815191241114.mp4,Aligator Loki Plushie,0.0,0,0.0,False,TN
Scenes 021-040__230-1ng_20230815191241114.mp4,Time Stick,0.0,1,0.6602944135665894,False,FP
Scenes 021-040__230-1ng_20230815191241114.mp4,TimeSpear,0.0,0,0.0,False,TN
Scenes 021-040__230-1ng_20230815191241114.mp4,Sylvie's Armor,0.0,0,0.0,False,TN
Scenes 021-040__230-1ng_20230815191241114.mp4,Boastful Loki Armor,0.0,1,0.6316113471984863,False,FP
Scenes 021-040__230-1ng_20230815191241114.mp4,Sylvie's horned headpiece,0.0,0,0.0,False,TN
Scenes 021-040__230-1ng_20230815191241114.mp4,Loki's dagger,0.0,0,0.0,False,TN
Scenes 021-040__230-1ng_20230815191241114.mp4,TVA Uniform,0.0,1,0.5614982843399048,False,FP
Scenes 021-040__230-1ng_20230815191241114.mp4,Kid Loki Armor,0.0,0,0.0,False,TN
Scenes 021-040__230-1ng_20230815191241114.mp4,TVA Prisoner Uniform,0.0,0,0.0,False,TN
Scenes 021-040__230-1ng_20230815191241114.mp4,Loki's Variant uniform,0.0,1,0.7319634556770325,False,FP
Scenes 021-040__230-1ng_20230815191241114.mp4,Sylvie's machete,0.0,1,0.5500125885009766,False,FP
Scenes 021-040__230-1ng_20230815191241114.mp4,TVA Collar,0.0,0,0.0,False,TN
Scenes 021-040__230-1ng_20230815191241114.mp4,Ravonna Renslayer's Uniform,0.0,1,0.690790057182312,False,FP
Scenes 021-040__230-1ng_20230815191241114.mp4,TemPad,0.0,0,0.0,False,TN
Scenes 021-040__230-1ng_20230815191241114.mp4,Classic Loki Armor,0.0,0,0.0,False,TN
Scenes 021-040__237B-1-_20230815180326204.mp4,TVA Monitor,0.0,0,0.0,False,TN
Scenes 021-040__237B-1-_20230815180326204.mp4,Loki's Armor,0.0,1,0.8379996418952942,True,FP
Scenes 021-040__237B-1-_20230815180326204.mp4,Aligator Loki Plushie,0.0,1,0.8104519248008728,True,FP
Scenes 021-040__237B-1-_20230815180326204.mp4,Time Stick,0.0,1,0.6728970408439636,False,FP
Scenes 021-040__237B-1-_20230815180326204.mp4,TimeSpear,0.0,1,0.8768049478530884,True,FP
Scenes 021-040__237B-1-_20230815180326204.mp4,Sylvie's Armor,0.0,1,0.66460120677948,False,FP
Scenes 021-040__237B-1-_20230815180326204.mp4,Boastful Loki Armor,0.0,1,0.6726933121681213,False,FP
Scenes 021-040__237B-1-_20230815180326204.mp4,Sylvie's horned headpiece,0.0,1,0.7380552291870117,False,FP
Scenes 021-040__237B-1-_20230815180326204.mp4,Loki's dagger,0.0,1,0.8040670156478882,True,FP
Scenes 021-040__237B-1-_20230815180326204.mp4,TVA Uniform,1.0,1,0.7505555748939514,False,TP
Scenes 021-040__237B-1-_20230815180326204.mp4,Kid Loki Armor,0.0,1,0.7216039299964905,False,FP
Scenes 021-040__237B-1-_20230815180326204.mp4,TVA Prisoner Uniform,0.0,1,0.8097102642059326,True,FP
Scenes 021-040__237B-1-_20230815180326204.mp4,Loki's Variant uniform,0.0,1,0.724561870098114,False,FP
Scenes 021-040__237B-1-_20230815180326204.mp4,Sylvie's machete,0.0,1,0.8526362776756287,True,FP
Scenes 021-040__237B-1-_20230815180326204.mp4,TVA Collar,0.0,1,0.718051016330719,False,FP
Scenes 021-040__237B-1-_20230815180326204.mp4,Ravonna Renslayer's Uniform,0.0,1,0.6967715620994568,False,FP
Scenes 021-040__237B-1-_20230815180326204.mp4,TemPad,0.0,1,0.7146180868148804,False,FP
Scenes 021-040__237B-1-_20230815180326204.mp4,Classic Loki Armor,0.0,0,0.0,False,TN
Scenes 001-020__306C-1-_20230815201919138.mp4,TVA Monitor,0.0,0,0.0,False,TN
Scenes 001-020__306C-1-_20230815201919138.mp4,Loki's Armor,0.0,1,0.5916207432746887,False,FP
Scenes 001-020__306C-1-_20230815201919138.mp4,Aligator Loki Plushie,0.0,1,0.8084936141967773,True,FP
Scenes 001-020__306C-1-_20230815201919138.mp4,Time Stick,0.0,0,0.0,False,TN
Scenes 001-020__306C-1-_20230815201919138.mp4,TimeSpear,0.0,1,0.6847214102745056,False,FP
Scenes 001-020__306C-1-_20230815201919138.mp4,Sylvie's Armor,0.0,1,0.5720556974411011,False,FP
Scenes 001-020__306C-1-_20230815201919138.mp4,Boastful Loki Armor,0.0,1,0.727159321308136,False,FP
Scenes 001-020__306C-1-_20230815201919138.mp4,Sylvie's horned headpiece,1.0,1,0.5811542272567749,False,TP
Scenes 001-020__306C-1-_20230815201919138.mp4,Loki's dagger,0.0,0,0.0,False,TN
Scenes 001-020__306C-1-_20230815201919138.mp4,TVA Uniform,0.0,0,0.0,False,TN
Scenes 001-020__306C-1-_20230815201919138.mp4,Kid Loki Armor,0.0,1,0.747105598449707,False,FP
Scenes 001-020__306C-1-_20230815201919138.mp4,TVA Prisoner Uniform,0.0,1,0.7808439135551453,False,FP
Scenes 001-020__306C-1-_20230815201919138.mp4,Loki's Variant uniform,1.0,1,0.6977851390838623,False,TP
Scenes 001-020__306C-1-_20230815201919138.mp4,Sylvie's machete,0.0,1,0.8764200210571289,True,FP
Scenes 001-020__306C-1-_20230815201919138.mp4,TVA Collar,0.0,0,0.0,False,TN
Scenes 001-020__306C-1-_20230815201919138.mp4,Ravonna Renslayer's Uniform,0.0,1,0.7141968011856079,False,FP
Scenes 001-020__306C-1-_20230815201919138.mp4,TemPad,0.0,0,0.0,False,TN
Scenes 001-020__306C-1-_20230815201919138.mp4,Classic Loki Armor,0.0,0,0.0,False,TN
Scenes 001-020__216A-4b- only_20230815182553047.mp4,TVA Monitor,0.0,1,0.7782427072525024,False,FP
Scenes 001-020__216A-4b- only_20230815182553047.mp4,Loki's Armor,0.0,1,0.6423473954200745,False,FP
Scenes 001-020__216A-4b- only_20230815182553047.mp4,Aligator Loki Plushie,0.0,1,0.6639899015426636,False,FP
Scenes 001-020__216A-4b- only_20230815182553047.mp4,Time Stick,0.0,1,0.6071872115135193,False,FP
Scenes 001-020__216A-4b- only_20230815182553047.mp4,TimeSpear,0.0,1,0.6119336485862732,False,FP
Scenes 001-020__216A-4b- only_20230815182553047.mp4,Sylvie's Armor,0.0,1,0.5949356555938721,False,FP
Scenes 001-020__216A-4b- only_20230815182553047.mp4,Boastful Loki Armor,0.0,1,0.7197895050048828,False,FP
Scenes 001-020__216A-4b- only_20230815182553047.mp4,Sylvie's horned headpiece,0.0,1,0.6650280952453613,False,FP
Scenes 001-020__216A-4b- only_20230815182553047.mp4,Loki's dagger,0.0,1,0.7047761678695679,False,FP
Scenes 001-020__216A-4b- only_20230815182553047.mp4,TVA Uniform,0.0,1,0.6719616651535034,False,FP
Scenes 001-020__216A-4b- only_20230815182553047.mp4,Kid Loki Armor,0.0,0,0.0,False,TN
Scenes 001-020__216A-4b- only_20230815182553047.mp4,TVA Prisoner Uniform,0.0,1,0.7656009197235107,False,FP
Scenes 001-020__216A-4b- only_20230815182553047.mp4,Loki's Variant uniform,1.0,1,0.6478353142738342,False,TP
Scenes 001-020__216A-4b- only_20230815182553047.mp4,Sylvie's machete,0.0,1,0.6657674312591553,False,FP
Scenes 001-020__216A-4b- only_20230815182553047.mp4,TVA Collar,0.0,1,0.6936228275299072,False,FP
Scenes 001-020__216A-4b- only_20230815182553047.mp4,Ravonna Renslayer's Uniform,0.0,1,0.7829817533493042,False,FP
Scenes 001-020__216A-4b- only_20230815182553047.mp4,TemPad,0.0,1,0.6404386162757874,False,FP
Scenes 001-020__216A-4b- only_20230815182553047.mp4,Classic Loki Armor,0.0,0,0.0,False,TN
Scenes 001-020__2000-8- mos_20230815195906019.mp4,TVA Monitor,0.0,0,0.0,False,TN
Scenes 001-020__2000-8- mos_20230815195906019.mp4,Loki's Armor,0.0,0,0.0,False,TN
Scenes 001-020__2000-8- mos_20230815195906019.mp4,Aligator Loki Plushie,0.0,0,0.0,False,TN
Scenes 001-020__2000-8- mos_20230815195906019.mp4,Time Stick,0.0,0,0.0,False,TN
Scenes 001-020__2000-8- mos_20230815195906019.mp4,TimeSpear,0.0,0,0.0,False,TN
Scenes 001-020__2000-8- mos_20230815195906019.mp4,Sylvie's Armor,0.0,0,0.0,False,TN
Scenes 001-020__2000-8- mos_20230815195906019.mp4,Boastful Loki Armor,0.0,0,0.0,False,TN
Scenes 001-020__2000-8- mos_20230815195906019.mp4,Sylvie's horned headpiece,0.0,0,0.0,False,TN
Scenes 001-020__2000-8- mos_20230815195906019.mp4,Loki's dagger,0.0,0,0.0,False,TN
Scenes 001-020__2000-8- mos_20230815195906019.mp4,TVA Uniform,0.0,0,0.0,False,TN
Scenes 001-020__2000-8- mos_20230815195906019.mp4,Kid Loki Armor,0.0,0,0.0,False,TN
Scenes 001-020__2000-8- mos_20230815195906019.mp4,TVA Prisoner Uniform,0.0,0,0.0,False,TN
Scenes 001-020__2000-8- mos_20230815195906019.mp4,Loki's Variant uniform,0.0,0,0.0,False,TN
Scenes 001-020__2000-8- mos_20230815195906019.mp4,Sylvie's machete,0.0,0,0.0,False,TN
Scenes 001-020__2000-8- mos_20230815195906019.mp4,TVA Collar,0.0,0,0.0,False,TN
Scenes 001-020__2000-8- mos_20230815195906019.mp4,Ravonna Renslayer's Uniform,0.0,0,0.0,False,TN
Scenes 001-020__2000-8- mos_20230815195906019.mp4,TemPad,0.0,0,0.0,False,TN
Scenes 001-020__2000-8- mos_20230815195906019.mp4,Classic Loki Armor,0.0,0,0.0,False,TN
Scenes 001-020__304E-2-_20230815190846847.mp4,TVA Monitor,0.0,0,0.0,False,TN
Scenes 001-020__304E-2-_20230815190846847.mp4,Loki's Armor,0.0,1,0.6657602787017822,False,FP
Scenes 001-020__304E-2-_20230815190846847.mp4,Aligator Loki Plushie,0.0,1,0.6091601252555847,False,FP
Scenes 001-020__304E-2-_20230815190846847.mp4,Time Stick,0.0,1,0.6513607501983643,False,FP
Scenes 001-020__304E-2-_20230815190846847.mp4,TimeSpear,0.0,1,0.6882970929145813,False,FP
Scenes 001-020__304E-2-_20230815190846847.mp4,Sylvie's Armor,0.0,1,0.7233631610870361,False,FP
Scenes 001-020__304E-2-_20230815190846847.mp4,Boastful Loki Armor,0.0,1,0.6668493151664734,False,FP
Scenes 001-020__304E-2-_20230815190846847.mp4,Sylvie's horned headpiece,1.0,1,0.799688458442688,False,TP
Scenes 001-020__304E-2-_20230815190846847.mp4,Loki's dagger,0.0,0,0.0,False,TN
Scenes 001-020__304E-2-_20230815190846847.mp4,TVA Uniform,0.0,0,0.0,False,TN
Scenes 001-020__304E-2-_20230815190846847.mp4,Kid Loki Armor,0.0,0,0.0,False,TN
Scenes 001-020__304E-2-_20230815190846847.mp4,TVA Prisoner Uniform,0.0,1,0.6651077270507812,False,FP
Scenes 001-020__304E-2-_20230815190846847.mp4,Loki's Variant uniform,0.0,0,0.0,False,TN
Scenes 001-020__304E-2-_20230815190846847.mp4,Sylvie's machete,0.0,0,0.0,False,TN
Scenes 001-020__304E-2-_20230815190846847.mp4,TVA Collar,0.0,1,0.6794371008872986,False,FP
Scenes 001-020__304E-2-_20230815190846847.mp4,Ravonna Renslayer's Uniform,0.0,0,0.0,False,TN
Scenes 001-020__304E-2-_20230815190846847.mp4,TemPad,0.0,1,0.7023195624351501,False,FP
Scenes 001-020__304E-2-_20230815190846847.mp4,Classic Loki Armor,0.0,0,0.0,False,TN
Scenes 041-060__244B-1-_20230815212053650.mp4,TVA Monitor,0.0,0,0.0,False,TN
Scenes 041-060__244B-1-_20230815212053650.mp4,Loki's Armor,0.0,1,0.6036174297332764,False,FP
Scenes 041-060__244B-1-_20230815212053650.mp4,Aligator Loki Plushie,0.0,0,0.0,False,TN
Scenes 041-060__244B-1-_20230815212053650.mp4,Time Stick,0.0,1,0.7768575549125671,False,FP
Scenes 041-060__244B-1-_20230815212053650.mp4,TimeSpear,0.0,1,0.5714089274406433,False,FP
Scenes 041-060__244B-1-_20230815212053650.mp4,Sylvie's Armor,0.0,0,0.0,False,TN
Scenes 041-060__244B-1-_20230815212053650.mp4,Boastful Loki Armor,0.0,0,0.0,False,TN
Scenes 041-060__244B-1-_20230815212053650.mp4,Sylvie's horned headpiece,0.0,0,0.0,False,TN
Scenes 041-060__244B-1-_20230815212053650.mp4,Loki's dagger,0.0,1,0.48509693145751953,False,FP
Scenes 041-060__244B-1-_20230815212053650.mp4,TVA Uniform,0.0,0,0.0,False,TN
Scenes 041-060__244B-1-_20230815212053650.mp4,Kid Loki Armor,0.0,0,0.0,False,TN
Scenes 041-060__244B-1-_20230815212053650.mp4,TVA Prisoner Uniform,0.0,1,0.8610668182373047,True,FP
Scenes 041-060__244B-1-_20230815212053650.mp4,Loki's Variant uniform,1.0,1,0.8169963359832764,True,TP
Scenes 041-060__244B-1-_20230815212053650.mp4,Sylvie's machete,0.0,1,0.7458217144012451,False,FP
Scenes 041-060__244B-1-_20230815212053650.mp4,TVA Collar,0.0,0,0.0,False,TN
Scenes 041-060__244B-1-_20230815212053650.mp4,Ravonna Renslayer's Uniform,0.0,1,0.6127966642379761,False,FP
Scenes 041-060__244B-1-_20230815212053650.mp4,TemPad,0.0,0,0.0,False,TN
Scenes 041-060__244B-1-_20230815212053650.mp4,Classic Loki Armor,0.0,0,0.0,False,TN
Scenes 021-040__322-6_20230815235506455.mp4,TVA Monitor,0.0,0,0.0,False,TN
Scenes 021-040__322-6_20230815235506455.mp4,Loki's Armor,0.0,0,0.0,False,TN
Scenes 021-040__322-6_20230815235506455.mp4,Aligator Loki Plushie,0.0,1,0.6842638850212097,False,FP
Scenes 021-040__322-6_20230815235506455.mp4,Time Stick,0.0,0,0.0,False,TN
Scenes 021-040__322-6_20230815235506455.mp4,TimeSpear,0.0,1,0.6513994932174683,False,FP
Scenes 021-040__322-6_20230815235506455.mp4,Sylvie's Armor,1.0,1,0.7411722540855408,False,TP
Scenes 021-040__322-6_20230815235506455.mp4,Boastful Loki Armor,0.0,1,0.6371042728424072,False,FP
Scenes 021-040__322-6_20230815235506455.mp4,Sylvie's horned headpiece,0.0,0,0.0,False,TN
Scenes 021-040__322-6_20230815235506455.mp4,Loki's dagger,0.0,0,0.0,False,TN
Scenes 021-040__322-6_20230815235506455.mp4,TVA Uniform,0.0,0,0.0,False,TN
Scenes 021-040__322-6_20230815235506455.mp4,Kid Loki Armor,0.0,0,0.0,False,TN
Scenes 021-040__322-6_20230815235506455.mp4,TVA Prisoner Uniform,0.0,1,0.714525580406189,False,FP
Scenes 021-040__322-6_20230815235506455.mp4,Loki's Variant uniform,0.0,0,0.0,False,TN
Scenes 021-040__322-6_20230815235506455.mp4,Sylvie's machete,1.0,1,0.8362547159194946,True,TP
Scenes 021-040__322-6_20230815235506455.mp4,TVA Collar,0.0,1,0.6195338368415833,False,FP
Scenes 021-040__322-6_20230815235506455.mp4,Ravonna Renslayer's Uniform,0.0,1,0.6707171201705933,False,FP
Scenes 021-040__322-6_20230815235506455.mp4,TemPad,0.0,0,0.0,False,TN
Scenes 021-040__322-6_20230815235506455.mp4,Classic Loki Armor,0.0,0,0.0,False,TN
Scenes 001-020__317B-2_20230815234008274.mp4,TVA Monitor,0.0,0,0.0,False,TN
Scenes 001-020__317B-2_20230815234008274.mp4,Loki's Armor,0.0,0,0.0,False,TN
Scenes 001-020__317B-2_20230815234008274.mp4,Aligator Loki Plushie,0.0,1,0.532634973526001,False,FP
Scenes 001-020__317B-2_20230815234008274.mp4,Time Stick,0.0,1,0.6190394163131714,False,FP
Scenes 001-020__317B-2_20230815234008274.mp4,TimeSpear,0.0,1,0.6287858486175537,False,FP
Scenes 001-020__317B-2_20230815234008274.mp4,Sylvie's Armor,0.0,1,0.6131570339202881,False,FP
Scenes 001-020__317B-2_20230815234008274.mp4,Boastful Loki Armor,0.0,0,0.0,False,TN
Scenes 001-020__317B-2_20230815234008274.mp4,Sylvie's horned headpiece,0.0,0,0.0,False,TN
Scenes 001-020__317B-2_20230815234008274.mp4,Loki's dagger,0.0,0,0.0,False,TN
Scenes 001-020__317B-2_20230815234008274.mp4,TVA Uniform,0.0,0,0.0,False,TN
Scenes 001-020__317B-2_20230815234008274.mp4,Kid Loki Armor,0.0,0,0.0,False,TN
Scenes 001-020__317B-2_20230815234008274.mp4,TVA Prisoner Uniform,0.0,0,0.0,False,TN
Scenes 001-020__317B-2_20230815234008274.mp4,Loki's Variant uniform,0.0,0,0.0,False,TN
Scenes 001-020__317B-2_20230815234008274.mp4,Sylvie's machete,0.0,1,0.7253530621528625,False,FP
Scenes 001-020__317B-2_20230815234008274.mp4,TVA Collar,0.0,1,0.7556445598602295,False,FP
Scenes 001-020__317B-2_20230815234008274.mp4,Ravonna Renslayer's Uniform,0.0,1,0.6038340926170349,False,FP
Scenes 001-020__317B-2_20230815234008274.mp4,TemPad,0.0,0,0.0,False,TN
Scenes 001-020__317B-2_20230815234008274.mp4,Classic Loki Armor,0.0,0,0.0,False,TN
Scenes 001-020__302-2_20230815200213180.mp4,TVA Monitor,0.0,0,0.0,False,TN
Scenes 001-020__302-2_20230815200213180.mp4,Loki's Armor,0.0,1,0.6299959421157837,False,FP
Scenes 001-020__302-2_20230815200213180.mp4,Aligator Loki Plushie,0.0,0,0.0,False,TN
Scenes 001-020__302-2_20230815200213180.mp4,Time Stick,0.0,1,0.6428256630897522,False,FP
Scenes 001-020__302-2_20230815200213180.mp4,TimeSpear,0.0,1,0.713469922542572,False,FP
Scenes 001-020__302-2_20230815200213180.mp4,Sylvie's Armor,1.0,1,0.647710382938385,False,TP
Scenes 001-020__302-2_20230815200213180.mp4,Boastful Loki Armor,0.0,0,0.0,False,TN
Scenes 001-020__302-2_20230815200213180.mp4,Sylvie's horned headpiece,1.0,1,0.6419404149055481,False,TP
Scenes 001-020__302-2_20230815200213180.mp4,Loki's dagger,0.0,0,0.0,False,TN
Scenes 001-020__302-2_20230815200213180.mp4,TVA Uniform,1.0,0,0.0,False,FN
Scenes 001-020__302-2_20230815200213180.mp4,Kid Loki Armor,0.0,0,0.0,False,TN
Scenes 001-020__302-2_20230815200213180.mp4,TVA Prisoner Uniform,0.0,1,0.5423983931541443,False,FP
Scenes 001-020__302-2_20230815200213180.mp4,Loki's Variant uniform,0.0,0,0.0,False,TN
Scenes 001-020__302-2_20230815200213180.mp4,Sylvie's machete,0.0,0,0.0,False,TN
Scenes 001-020__302-2_20230815200213180.mp4,TVA Collar,0.0,0,0.0,False,TN
Scenes 001-020__302-2_20230815200213180.mp4,Ravonna Renslayer's Uniform,0.0,1,0.8060413002967834,True,FP
Scenes 001-020__302-2_20230815200213180.mp4,TemPad,0.0,0,0.0,False,TN
Scenes 001-020__302-2_20230815200213180.mp4,Classic Loki Armor,0.0,0,0.0,False,TN
Scenes 001-020__211B-1-_20230815190317386.mp4,TVA Monitor,0.0,0,0.0,False,TN
Scenes 001-020__211B-1-_20230815190317386.mp4,Loki's Armor,0.0,1,0.62381911277771,False,FP
Scenes 001-020__211B-1-_20230815190317386.mp4,Aligator Loki Plushie,0.0,1,0.5436709523200989,False,FP
Scenes 001-020__211B-1-_20230815190317386.mp4,Time Stick,0.0,0,0.0,False,TN
Scenes 001-020__211B-1-_20230815190317386.mp4,TimeSpear,0.0,1,0.6692562699317932,False,FP
Scenes 001-020__211B-1-_20230815190317386.mp4,Sylvie's Armor,0.0,0,0.0,False,TN
Scenes 001-020__211B-1-_20230815190317386.mp4,Boastful Loki Armor,0.0,1,0.660896360874176,False,FP
Scenes 001-020__211B-1-_20230815190317386.mp4,Sylvie's horned headpiece,0.0,0,0.0,False,TN
Scenes 001-020__211B-1-_20230815190317386.mp4,Loki's dagger,0.0,0,0.0,False,TN
Scenes 001-020__211B-1-_20230815190317386.mp4,TVA Uniform,0.0,0,0.0,False,TN
Scenes 001-020__211B-1-_20230815190317386.mp4,Kid Loki Armor,0.0,0,0.0,False,TN
Scenes 001-020__211B-1-_20230815190317386.mp4,TVA Prisoner Uniform,0.0,0,0.0,False,TN
Scenes 001-020__211B-1-_20230815190317386.mp4,Loki's Variant uniform,0.0,0,0.0,False,TN
Scenes 001-020__211B-1-_20230815190317386.mp4,Sylvie's machete,0.0,0,0.0,False,TN
Scenes 001-020__211B-1-_20230815190317386.mp4,TVA Collar,0.0,1,0.6286296844482422,False,FP
Scenes 001-020__211B-1-_20230815190317386.mp4,Ravonna Renslayer's Uniform,0.0,0,0.0,False,TN
Scenes 001-020__211B-1-_20230815190317386.mp4,TemPad,0.0,0,0.0,False,TN
Scenes 001-020__211B-1-_20230815190317386.mp4,Classic Loki Armor,0.0,0,0.0,False,TN
Scenes 061-080__165A-4-_20230815180313546.mp4,TVA Monitor,0.0,1,0.6719397306442261,False,FP
Scenes 061-080__165A-4-_20230815180313546.mp4,Loki's Armor,0.0,1,0.7463802099227905,False,FP
Scenes 061-080__165A-4-_20230815180313546.mp4,Aligator Loki Plushie,0.0,0,0.0,False,TN
Scenes 061-080__165A-4-_20230815180313546.mp4,Time Stick,1.0,1,0.8555819392204285,True,TP
Scenes 061-080__165A-4-_20230815180313546.mp4,TimeSpear,0.0,1,0.7320317625999451,False,FP
Scenes 061-080__165A-4-_20230815180313546.mp4,Sylvie's Armor,0.0,1,0.7101160287857056,False,FP
Scenes 061-080__165A-4-_20230815180313546.mp4,Boastful Loki Armor,0.0,1,0.6472958326339722,False,FP
Scenes 061-080__165A-4-_20230815180313546.mp4,Sylvie's horned headpiece,0.0,1,0.7112047076225281,False,FP
Scenes 061-080__165A-4-_20230815180313546.mp4,Loki's dagger,0.0,0,0.0,False,TN
Scenes 061-080__165A-4-_20230815180313546.mp4,TVA Uniform,0.0,0,0.0,False,TN
Scenes 061-080__165A-4-_20230815180313546.mp4,Kid Loki Armor,0.0,0,0.0,False,TN
Scenes 061-080__165A-4-_20230815180313546.mp4,TVA Prisoner Uniform,1.0,1,0.7847955226898193,False,TP
Scenes 061-080__165A-4-_20230815180313546.mp4,Loki's Variant uniform,0.0,1,0.7445798516273499,False,FP
Scenes 061-080__165A-4-_20230815180313546.mp4,Sylvie's machete,0.0,1,0.7714297771453857,False,FP
Scenes 061-080__165A-4-_20230815180313546.mp4,TVA Collar,0.0,1,0.7448878288269043,False,FP
Scenes 061-080__165A-4-_20230815180313546.mp4,Ravonna Renslayer's Uniform,0.0,1,0.650891900062561,False,FP
Scenes 061-080__165A-4-_20230815180313546.mp4,TemPad,0.0,1,0.8181878328323364,True,FP
Scenes 061-080__165A-4-_20230815180313546.mp4,Classic Loki Armor,0.0,0,0.0,False,TN
Scenes 041-060__244C-1- mos_20230815211948647.mp4,TVA Monitor,0.0,0,0.0,False,TN
Scenes 041-060__244C-1- mos_20230815211948647.mp4,Loki's Armor,0.0,0,0.0,False,TN
Scenes 041-060__244C-1- mos_20230815211948647.mp4,Aligator Loki Plushie,0.0,0,0.0,False,TN
Scenes 041-060__244C-1- mos_20230815211948647.mp4,Time Stick,0.0,0,0.0,False,TN
Scenes 041-060__244C-1- mos_20230815211948647.mp4,TimeSpear,0.0,0,0.0,False,TN
Scenes 041-060__244C-1- mos_20230815211948647.mp4,Sylvie's Armor,0.0,0,0.0,False,TN
Scenes 041-060__244C-1- mos_20230815211948647.mp4,Boastful Loki Armor,0.0,0,0.0,False,TN
Scenes 041-060__244C-1- mos_20230815211948647.mp4,Sylvie's horned headpiece,0.0,0,0.0,False,TN
Scenes 041-060__244C-1- mos_20230815211948647.mp4,Loki's dagger,0.0,0,0.0,False,TN
Scenes 041-060__244C-1- mos_20230815211948647.mp4,TVA Uniform,0.0,0,0.0,False,TN
Scenes 041-060__244C-1- mos_20230815211948647.mp4,Kid Loki Armor,0.0,0,0.0,False,TN
Scenes 041-060__244C-1- mos_20230815211948647.mp4,TVA Prisoner Uniform,0.0,0,0.0,False,TN
Scenes 041-060__244C-1- mos_20230815211948647.mp4,Loki's Variant uniform,0.0,0,0.0,False,TN
Scenes 041-060__244C-1- mos_20230815211948647.mp4,Sylvie's machete,0.0,0,0.0,False,TN
Scenes 041-060__244C-1- mos_20230815211948647.mp4,TVA Collar,0.0,1,0.6314653158187866,False,FP
Scenes 041-060__244C-1- mos_20230815211948647.mp4,Ravonna Renslayer's Uniform,0.0,0,0.0,False,TN
Scenes 041-060__244C-1- mos_20230815211948647.mp4,TemPad,0.0,0,0.0,False,TN
Scenes 041-060__244C-1- mos_20230815211948647.mp4,Classic Loki Armor,0.0,0,0.0,False,TN
Scenes 041-060__244A-7- pu_20230815211729392.mp4,TVA Monitor,0.0,0,0.0,False,TN
Scenes 041-060__244A-7- pu_20230815211729392.mp4,Loki's Armor,0.0,0,0.0,False,TN
Scenes 041-060__244A-7- pu_20230815211729392.mp4,Aligator Loki Plushie,0.0,0,0.0,False,TN
Scenes 041-060__244A-7- pu_20230815211729392.mp4,Time Stick,0.0,1,0.6386175751686096,False,FP
Scenes 041-060__244A-7- pu_20230815211729392.mp4,TimeSpear,0.0,1,0.5692059993743896,False,FP
Scenes 041-060__244A-7- pu_20230815211729392.mp4,Sylvie's Armor,1.0,1,0.7368531227111816,False,TP
Scenes 041-060__244A-7- pu_20230815211729392.mp4,Boastful Loki Armor,0.0,1,0.6268022060394287,False,FP
Scenes 041-060__244A-7- pu_20230815211729392.mp4,Sylvie's horned headpiece,1.0,1,0.7232664823532104,False,TP
Scenes 041-060__244A-7- pu_20230815211729392.mp4,Loki's dagger,0.0,1,0.6222465634346008,False,FP
Scenes 041-060__244A-7- pu_20230815211729392.mp4,TVA Uniform,0.0,1,0.6122044324874878,False,FP
Scenes 041-060__244A-7- pu_20230815211729392.mp4,Kid Loki Armor,0.0,1,0.6532306671142578,False,FP
Scenes 041-060__244A-7- pu_20230815211729392.mp4,TVA Prisoner Uniform,0.0,1,0.8387515544891357,True,FP
Scenes 041-060__244A-7- pu_20230815211729392.mp4,Loki's Variant uniform,1.0,1,0.8614537119865417,True,TP
Scenes 041-060__244A-7- pu_20230815211729392.mp4,Sylvie's machete,0.0,1,0.7159420251846313,False,FP
Scenes 041-060__244A-7- pu_20230815211729392.mp4,TVA Collar,0.0,1,0.8088887929916382,True,FP
Scenes 041-060__244A-7- pu_20230815211729392.mp4,Ravonna Renslayer's Uniform,0.0,1,0.7939740419387817,False,FP
Scenes 041-060__244A-7- pu_20230815211729392.mp4,TemPad,0.0,1,0.7030118703842163,False,FP
Scenes 041-060__244A-7- pu_20230815211729392.mp4,Classic Loki Armor,0.0,0,0.0,False,TN
Scenes 001-020__313A-2ng_b_20230815231257818.mp4,TVA Monitor,0.0,0,0.0,False,TN
Scenes 001-020__313A-2ng_b_20230815231257818.mp4,Loki's Armor,0.0,0,0.0,False,TN
Scenes 001-020__313A-2ng_b_20230815231257818.mp4,Aligator Loki Plushie,0.0,0,0.0,False,TN
Scenes 001-020__313A-2ng_b_20230815231257818.mp4,Time Stick,0.0,0,0.0,False,TN
Scenes 001-020__313A-2ng_b_20230815231257818.mp4,TimeSpear,0.0,0,0.0,False,TN
Scenes 001-020__313A-2ng_b_20230815231257818.mp4,Sylvie's Armor,0.0,0,0.0,False,TN
Scenes 001-020__313A-2ng_b_20230815231257818.mp4,Boastful Loki Armor,0.0,0,0.0,False,TN
Scenes 001-020__313A-2ng_b_20230815231257818.mp4,Sylvie's horned headpiece,0.0,0,0.0,False,TN
Scenes 001-020__313A-2ng_b_20230815231257818.mp4,Loki's dagger,0.0,0,0.0,False,TN
Scenes 001-020__313A-2ng_b_20230815231257818.mp4,TVA Uniform,0.0,0,0.0,False,TN
Scenes 001-020__313A-2ng_b_20230815231257818.mp4,Kid Loki Armor,0.0,0,0.0,False,TN
Scenes 001-020__313A-2ng_b_20230815231257818.mp4,TVA Prisoner Uniform,0.0,0,0.0,False,TN
Scenes 001-020__313A-2ng_b_20230815231257818.mp4,Loki's Variant uniform,0.0,0,0.0,False,TN
Scenes 001-020__313A-2ng_b_20230815231257818.mp4,Sylvie's machete,0.0,0,0.0,False,TN
Scenes 001-020__313A-2ng_b_20230815231257818.mp4,TVA Collar,0.0,0,0.0,False,TN
Scenes 001-020__313A-2ng_b_20230815231257818.mp4,Ravonna Renslayer's Uniform,0.0,0,0.0,False,TN
Scenes 001-020__313A-2ng_b_20230815231257818.mp4,TemPad,0.0,0,0.0,False,TN
Scenes 001-020__313A-2ng_b_20230815231257818.mp4,Classic Loki Armor,0.0,0,0.0,False,TN
Scenes 001-020__206B-1_20230815190937932.mp4,TVA Monitor,0.0,0,0.0,False,TN
Scenes 001-020__206B-1_20230815190937932.mp4,Loki's Armor,0.0,1,0.6235490441322327,False,FP
Scenes 001-020__206B-1_20230815190937932.mp4,Aligator Loki Plushie,0.0,0,0.0,False,TN
Scenes 001-020__206B-1_20230815190937932.mp4,Time Stick,0.0,1,0.569773256778717,False,FP
Scenes 001-020__206B-1_20230815190937932.mp4,TimeSpear,0.0,1,0.6692100167274475,False,FP
Scenes 001-020__206B-1_20230815190937932.mp4,Sylvie's Armor,0.0,1,0.7095130085945129,False,FP
Scenes 001-020__206B-1_20230815190937932.mp4,Boastful Loki Armor,0.0,0,0.0,False,TN
Scenes 001-020__206B-1_20230815190937932.mp4,Sylvie's horned headpiece,0.0,1,0.6846109628677368,False,FP
Scenes 001-020__206B-1_20230815190937932.mp4,Loki's dagger,0.0,1,0.635890781879425,False,FP
Scenes 001-020__206B-1_20230815190937932.mp4,TVA Uniform,0.0,0,0.0,False,TN
Scenes 001-020__206B-1_20230815190937932.mp4,Kid Loki Armor,0.0,0,0.0,False,TN
Scenes 001-020__206B-1_20230815190937932.mp4,TVA Prisoner Uniform,0.0,1,0.7564238905906677,False,FP
Scenes 001-020__206B-1_20230815190937932.mp4,Loki's Variant uniform,1.0,1,0.8047522902488708,True,TP
Scenes 001-020__206B-1_20230815190937932.mp4,Sylvie's machete,0.0,0,0.0,False,TN
Scenes 001-020__206B-1_20230815190937932.mp4,TVA Collar,0.0,1,0.6749845743179321,False,FP
Scenes 001-020__206B-1_20230815190937932.mp4,Ravonna Renslayer's Uniform,0.0,1,0.559644877910614,False,FP
Scenes 001-020__206B-1_20230815190937932.mp4,TemPad,0.0,0,0.0,False,TN
Scenes 001-020__206B-1_20230815190937932.mp4,Classic Loki Armor,0.0,0,0.0,False,TN
Scenes 061-080__265A-1-_20230815215951493.mp4,TVA Monitor,0.0,0,0.0,False,TN
Scenes 061-080__265A-1-_20230815215951493.mp4,Loki's Armor,0.0,0,0.0,False,TN
Scenes 061-080__265A-1-_20230815215951493.mp4,Aligator Loki Plushie,0.0,0,0.0,False,TN
Scenes 061-080__265A-1-_20230815215951493.mp4,Time Stick,1.0,1,0.657549262046814,False,TP
Scenes 061-080__265A-1-_20230815215951493.mp4,TimeSpear,0.0,0,0.0,False,TN
Scenes 061-080__265A-1-_20230815215951493.mp4,Sylvie's Armor,0.0,0,0.0,False,TN
Scenes 061-080__265A-1-_20230815215951493.mp4,Boastful Loki Armor,0.0,0,0.0,False,TN
Scenes 061-080__265A-1-_20230815215951493.mp4,Sylvie's horned headpiece,0.0,1,0.7281938791275024,False,FP
Scenes 061-080__265A-1-_20230815215951493.mp4,Loki's dagger,0.0,1,0.7257643342018127,False,FP
Scenes 061-080__265A-1-_20230815215951493.mp4,TVA Uniform,1.0,1,0.8234952688217163,True,TP
Scenes 061-080__265A-1-_20230815215951493.mp4,Kid Loki Armor,0.0,0,0.0,False,TN
Scenes 061-080__265A-1-_20230815215951493.mp4,TVA Prisoner Uniform,0.0,0,0.0,False,TN
Scenes 061-080__265A-1-_20230815215951493.mp4,Loki's Variant uniform,0.0,1,0.6568725109100342,False,FP
Scenes 061-080__265A-1-_20230815215951493.mp4,Sylvie's machete,0.0,0,0.0,False,TN
Scenes 061-080__265A-1-_20230815215951493.mp4,TVA Collar,0.0,0,0.0,False,TN
Scenes 061-080__265A-1-_20230815215951493.mp4,Ravonna Renslayer's Uniform,0.0,0,0.0,False,TN
Scenes 061-080__265A-1-_20230815215951493.mp4,TemPad,0.0,1,0.631704568862915,False,FP
Scenes 061-080__265A-1-_20230815215951493.mp4,Classic Loki Armor,0.0,0,0.0,False,TN
Scenes 001-020__306-1-_20230803124944118.mp4,TVA Monitor,0.0,0,0.0,False,TN
Scenes 001-020__306-1-_20230803124944118.mp4,Loki's Armor,0.0,0,0.0,False,TN
Scenes 001-020__306-1-_20230803124944118.mp4,Aligator Loki Plushie,0.0,1,0.7459179162979126,False,FP
Scenes 001-020__306-1-_20230803124944118.mp4,Time Stick,0.0,0,0.0,False,TN
Scenes 001-020__306-1-_20230803124944118.mp4,TimeSpear,0.0,0,0.0,False,TN
Scenes 001-020__306-1-_20230803124944118.mp4,Sylvie's Armor,1.0,1,0.739164412021637,False,TP
Scenes 001-020__306-1-_20230803124944118.mp4,Boastful Loki Armor,0.0,1,0.684303343296051,False,FP
Scenes 001-020__306-1-_20230803124944118.mp4,Sylvie's horned headpiece,1.0,1,0.7234172821044922,False,TP
Scenes 001-020__306-1-_20230803124944118.mp4,Loki's dagger,0.0,0,0.0,False,TN
Scenes 001-020__306-1-_20230803124944118.mp4,TVA Uniform,0.0,0,0.0,False,TN
Scenes 001-020__306-1-_20230803124944118.mp4,Kid Loki Armor,0.0,1,0.6340548396110535,False,FP
Scenes 001-020__306-1-_20230803124944118.mp4,TVA Prisoner Uniform,0.0,1,0.7665437459945679,False,FP
Scenes 001-020__306-1-_20230803124944118.mp4,Loki's Variant uniform,1.0,1,0.6570881605148315,False,TP
Scenes 001-020__306-1-_20230803124944118.mp4,Sylvie's machete,0.0,1,0.8550089001655579,True,FP
Scenes 001-020__306-1-_20230803124944118.mp4,TVA Collar,0.0,0,0.0,False,TN
Scenes 001-020__306-1-_20230803124944118.mp4,Ravonna Renslayer's Uniform,0.0,0,0.0,False,TN
Scenes 001-020__306-1-_20230803124944118.mp4,TemPad,0.0,0,0.0,False,TN
Scenes 001-020__306-1-_20230803124944118.mp4,Classic Loki Armor,0.0,1,0.5936628580093384,False,FP
Scenes 001-020__201B-1-_20230728112433834.mp4,TVA Monitor,0.0,0,0.0,False,TN
Scenes 001-020__201B-1-_20230728112433834.mp4,Loki's Armor,0.0,0,0.0,False,TN
Scenes 001-020__201B-1-_20230728112433834.mp4,Aligator Loki Plushie,0.0,1,0.5653504729270935,False,FP
Scenes 001-020__201B-1-_20230728112433834.mp4,Time Stick,0.0,0,0.0,False,TN
Scenes 001-020__201B-1-_20230728112433834.mp4,TimeSpear,0.0,0,0.0,False,TN
Scenes 001-020__201B-1-_20230728112433834.mp4,Sylvie's Armor,0.0,0,0.0,False,TN
Scenes 001-020__201B-1-_20230728112433834.mp4,Boastful Loki Armor,0.0,1,0.6730587482452393,False,FP
Scenes 001-020__201B-1-_20230728112433834.mp4,Sylvie's horned headpiece,0.0,1,0.7600734829902649,False,FP
Scenes 001-020__201B-1-_20230728112433834.mp4,Loki's dagger,0.0,1,0.6049429774284363,False,FP
Scenes 001-020__201B-1-_20230728112433834.mp4,TVA Uniform,0.0,0,0.0,False,TN
Scenes 001-020__201B-1-_20230728112433834.mp4,Kid Loki Armor,0.0,0,0.0,False,TN
Scenes 001-020__201B-1-_20230728112433834.mp4,TVA Prisoner Uniform,0.0,1,0.6610057950019836,False,FP
Scenes 001-020__201B-1-_20230728112433834.mp4,Loki's Variant uniform,0.0,1,0.7554594874382019,False,FP
Scenes 001-020__201B-1-_20230728112433834.mp4,Sylvie's machete,0.0,1,0.6049184799194336,False,FP
Scenes 001-020__201B-1-_20230728112433834.mp4,TVA Collar,0.0,0,0.0,False,TN
Scenes 001-020__201B-1-_20230728112433834.mp4,Ravonna Renslayer's Uniform,0.0,0,0.0,False,TN
Scenes 001-020__201B-1-_20230728112433834.mp4,TemPad,0.0,1,0.7609969973564148,False,FP
Scenes 001-020__201B-1-_20230728112433834.mp4,Classic Loki Armor,0.0,0,0.0,False,TN
Scenes 001-020__106F-1- mos_20230727161814055.mp4,TVA Monitor,0.0,0,0.0,False,TN
Scenes 001-020__106F-1- mos_20230727161814055.mp4,Loki's Armor,0.0,0,0.0,False,TN
Scenes 001-020__106F-1- mos_20230727161814055.mp4,Aligator Loki Plushie,0.0,0,0.0,False,TN
Scenes 001-020__106F-1- mos_20230727161814055.mp4,Time Stick,0.0,0,0.0,False,TN
Scenes 001-020__106F-1- mos_20230727161814055.mp4,TimeSpear,0.0,0,0.0,False,TN
Scenes 001-020__106F-1- mos_20230727161814055.mp4,Sylvie's Armor,0.0,0,0.0,False,TN
Scenes 001-020__106F-1- mos_20230727161814055.mp4,Boastful Loki Armor,0.0,0,0.0,False,TN
Scenes 001-020__106F-1- mos_20230727161814055.mp4,Sylvie's horned headpiece,0.0,0,0.0,False,TN
Scenes 001-020__106F-1- mos_20230727161814055.mp4,Loki's dagger,0.0,0,0.0,False,TN
Scenes 001-020__106F-1- mos_20230727161814055.mp4,TVA Uniform,0.0,0,0.0,False,TN
Scenes 001-020__106F-1- mos_20230727161814055.mp4,Kid Loki Armor,0.0,0,0.0,False,TN
Scenes 001-020__106F-1- mos_20230727161814055.mp4,TVA Prisoner Uniform,0.0,0,0.0,False,TN
Scenes 001-020__106F-1- mos_20230727161814055.mp4,Loki's Variant uniform,0.0,0,0.0,False,TN
Scenes 001-020__106F-1- mos_20230727161814055.mp4,Sylvie's machete,0.0,0,0.0,False,TN
Scenes 001-020__106F-1- mos_20230727161814055.mp4,TVA Collar,0.0,0,0.0,False,TN
Scenes 001-020__106F-1- mos_20230727161814055.mp4,Ravonna Renslayer's Uniform,0.0,0,0.0,False,TN
Scenes 001-020__106F-1- mos_20230727161814055.mp4,TemPad,1.0,1,0.8727434873580933,True,TP
Scenes 001-020__106F-1- mos_20230727161814055.mp4,Classic Loki Armor,0.0,0,0.0,False,TN
Scenes 061-080__265M-2-_20230815215612783.mp4,TVA Monitor,0.0,0,0.0,False,TN
Scenes 061-080__265M-2-_20230815215612783.mp4,Loki's Armor,0.0,0,0.0,False,TN
Scenes 061-080__265M-2-_20230815215612783.mp4,Aligator Loki Plushie,0.0,0,0.0,False,TN
Scenes 061-080__265M-2-_20230815215612783.mp4,Time Stick,0.0,1,0.7409622669219971,False,FP
Scenes 061-080__265M-2-_20230815215612783.mp4,TimeSpear,0.0,0,0.0,False,TN
Scenes 061-080__265M-2-_20230815215612783.mp4,Sylvie's Armor,0.0,0,0.0,False,TN
Scenes 061-080__265M-2-_20230815215612783.mp4,Boastful Loki Armor,0.0,1,0.6540262699127197,False,FP
Scenes 061-080__265M-2-_20230815215612783.mp4,Sylvie's horned headpiece,1.0,1,0.8746857643127441,True,TP
Scenes 061-080__265M-2-_20230815215612783.mp4,Loki's dagger,0.0,1,0.616645872592926,False,FP
Scenes 061-080__265M-2-_20230815215612783.mp4,TVA Uniform,0.0,1,0.5955810546875,False,FP
Scenes 061-080__265M-2-_20230815215612783.mp4,Kid Loki Armor,0.0,0,0.0,False,TN
Scenes 061-080__265M-2-_20230815215612783.mp4,TVA Prisoner Uniform,0.0,0,0.0,False,TN
Scenes 061-080__265M-2-_20230815215612783.mp4,Loki's Variant uniform,1.0,1,0.9562673568725586,True,TP
Scenes 061-080__265M-2-_20230815215612783.mp4,Sylvie's machete,1.0,1,0.8188016414642334,True,TP
Scenes 061-080__265M-2-_20230815215612783.mp4,TVA Collar,0.0,0,0.0,False,TN
Scenes 061-080__265M-2-_20230815215612783.mp4,Ravonna Renslayer's Uniform,0.0,1,0.6699830293655396,False,FP
Scenes 061-080__265M-2-_20230815215612783.mp4,TemPad,1.0,1,0.8833853602409363,True,TP
Scenes 061-080__265M-2-_20230815215612783.mp4,Classic Loki Armor,0.0,0,0.0,False,TN
Scenes 001-020__509-3_20230815200533637.mp4,TVA Monitor,0.0,1,0.6776716709136963,False,FP
Scenes 001-020__509-3_20230815200533637.mp4,Loki's Armor,0.0,0,0.0,False,TN
Scenes 001-020__509-3_20230815200533637.mp4,Aligator Loki Plushie,0.0,1,0.6038869619369507,False,FP
Scenes 001-020__509-3_20230815200533637.mp4,Time Stick,0.0,1,0.6979647874832153,False,FP
Scenes 001-020__509-3_20230815200533637.mp4,TimeSpear,0.0,1,0.721821665763855,False,FP
Scenes 001-020__509-3_20230815200533637.mp4,Sylvie's Armor,0.0,0,0.0,False,TN
Scenes 001-020__509-3_20230815200533637.mp4,Boastful Loki Armor,1.0,1,0.882888913154602,True,TP
Scenes 001-020__509-3_20230815200533637.mp4,Sylvie's horned headpiece,0.0,0,0.0,False,TN
Scenes 001-020__509-3_20230815200533637.mp4,Loki's dagger,0.0,1,0.5734456181526184,False,FP
Scenes 001-020__509-3_20230815200533637.mp4,TVA Uniform,0.0,0,0.0,False,TN
Scenes 001-020__509-3_20230815200533637.mp4,Kid Loki Armor,0.0,0,0.0,False,TN
Scenes 001-020__509-3_20230815200533637.mp4,TVA Prisoner Uniform,0.0,0,0.0,False,TN
Scenes 001-020__509-3_20230815200533637.mp4,Loki's Variant uniform,0.0,1,0.6688306927680969,False,FP
Scenes 001-020__509-3_20230815200533637.mp4,Sylvie's machete,0.0,1,0.6849780678749084,False,FP
Scenes 001-020__509-3_20230815200533637.mp4,TVA Collar,0.0,1,0.6539544463157654,False,FP
Scenes 001-020__509-3_20230815200533637.mp4,Ravonna Renslayer's Uniform,0.0,0,0.0,False,TN
Scenes 001-020__509-3_20230815200533637.mp4,TemPad,0.0,1,0.8514981269836426,True,FP
Scenes 001-020__509-3_20230815200533637.mp4,Classic Loki Armor,1.0,1,0.7199373841285706,False,TP
Scenes 041-060__156-6a- only pu_20230815175525189.mp4,TVA Monitor,0.0,0,0.0,False,TN
Scenes 041-060__156-6a- only pu_20230815175525189.mp4,Loki's Armor,0.0,1,0.709363579750061,False,FP
Scenes 041-060__156-6a- only pu_20230815175525189.mp4,Aligator Loki Plushie,0.0,0,0.0,False,TN
Scenes 041-060__156-6a- only pu_20230815175525189.mp4,Time Stick,0.0,1,0.726753830909729,False,FP
Scenes 041-060__156-6a- only pu_20230815175525189.mp4,TimeSpear,0.0,1,0.6983764171600342,False,FP
Scenes 041-060__156-6a- only pu_20230815175525189.mp4,Sylvie's Armor,0.0,0,0.0,False,TN
Scenes 041-060__156-6a- only pu_20230815175525189.mp4,Boastful Loki Armor,0.0,1,0.6842867136001587,False,FP
Scenes 041-060__156-6a- only pu_20230815175525189.mp4,Sylvie's horned headpiece,0.0,0,0.0,False,TN
Scenes 041-060__156-6a- only pu_20230815175525189.mp4,Loki's dagger,0.0,1,0.6935542225837708,False,FP
Scenes 041-060__156-6a- only pu_20230815175525189.mp4,TVA Uniform,0.0,0,0.0,False,TN
Scenes 041-060__156-6a- only pu_20230815175525189.mp4,Kid Loki Armor,0.0,0,0.0,False,TN
Scenes 041-060__156-6a- only pu_20230815175525189.mp4,TVA Prisoner Uniform,1.0,1,0.9662659168243408,True,TP
Scenes 041-060__156-6a- only pu_20230815175525189.mp4,Loki's Variant uniform,0.0,0,0.0,False,TN
Scenes 041-060__156-6a- only pu_20230815175525189.mp4,Sylvie's machete,0.0,1,0.5726718306541443,False,FP
Scenes 041-060__156-6a- only pu_20230815175525189.mp4,TVA Collar,1.0,1,0.9640868902206421,True,TP
Scenes 041-060__156-6a- only pu_20230815175525189.mp4,Ravonna Renslayer's Uniform,0.0,0,0.0,False,TN
Scenes 041-060__156-6a- only pu_20230815175525189.mp4,TemPad,0.0,1,0.7817895412445068,False,FP
Scenes 041-060__156-6a- only pu_20230815175525189.mp4,Classic Loki Armor,0.0,0,0.0,False,TN
Scenes 021-040__234A-2-_20230815192229849.mp4,TVA Monitor,0.0,0,0.0,False,TN
Scenes 021-040__234A-2-_20230815192229849.mp4,Loki's Armor,0.0,1,0.7853779792785645,False,FP
Scenes 021-040__234A-2-_20230815192229849.mp4,Aligator Loki Plushie,0.0,0,0.0,False,TN
Scenes 021-040__234A-2-_20230815192229849.mp4,Time Stick,0.0,1,0.728076696395874,False,FP
Scenes 021-040__234A-2-_20230815192229849.mp4,TimeSpear,0.0,1,0.7398213148117065,False,FP
Scenes 021-040__234A-2-_20230815192229849.mp4,Sylvie's Armor,0.0,1,0.6237307190895081,False,FP
Scenes 021-040__234A-2-_20230815192229849.mp4,Boastful Loki Armor,0.0,1,0.7204081416130066,False,FP
Scenes 021-040__234A-2-_20230815192229849.mp4,Sylvie's horned headpiece,0.0,1,0.6202751398086548,False,FP
Scenes 021-040__234A-2-_20230815192229849.mp4,Loki's dagger,0.0,1,0.7020351886749268,False,FP
Scenes 021-040__234A-2-_20230815192229849.mp4,TVA Uniform,1.0,1,0.8083183169364929,True,TP
Scenes 021-040__234A-2-_20230815192229849.mp4,Kid Loki Armor,0.0,0,0.0,False,TN
Scenes 021-040__234A-2-_20230815192229849.mp4,TVA Prisoner Uniform,0.0,1,0.7876237034797668,False,FP
Scenes 021-040__234A-2-_20230815192229849.mp4,Loki's Variant uniform,1.0,1,0.8049337863922119,True,TP
Scenes 021-040__234A-2-_20230815192229849.mp4,Sylvie's machete,0.0,1,0.7610054016113281,False,FP
Scenes 021-040__234A-2-_20230815192229849.mp4,TVA Collar,0.0,1,0.8531614542007446,True,FP
Scenes 021-040__234A-2-_20230815192229849.mp4,Ravonna Renslayer's Uniform,0.0,1,0.7372606992721558,False,FP
Scenes 021-040__234A-2-_20230815192229849.mp4,TemPad,0.0,1,0.8106575012207031,True,FP
Scenes 021-040__234A-2-_20230815192229849.mp4,Classic Loki Armor,0.0,0,0.0,False,TN
Scenes 041-060__156D-1- mos_20230815181940173.mp4,TVA Monitor,0.0,0,0.0,False,TN
Scenes 041-060__156D-1- mos_20230815181940173.mp4,Loki's Armor,0.0,1,0.7201650142669678,False,FP
Scenes 041-060__156D-1- mos_20230815181940173.mp4,Aligator Loki Plushie,0.0,0,0.0,False,TN
Scenes 041-060__156D-1- mos_20230815181940173.mp4,Time Stick,0.0,1,0.7234998941421509,False,FP
Scenes 041-060__156D-1- mos_20230815181940173.mp4,TimeSpear,0.0,1,0.6561402082443237,False,FP
Scenes 041-060__156D-1- mos_20230815181940173.mp4,Sylvie's Armor,0.0,0,0.0,False,TN
Scenes 041-060__156D-1- mos_20230815181940173.mp4,Boastful Loki Armor,0.0,1,0.596775472164154,False,FP
Scenes 041-060__156D-1- mos_20230815181940173.mp4,Sylvie's horned headpiece,0.0,0,0.0,False,TN
Scenes 041-060__156D-1- mos_20230815181940173.mp4,Loki's dagger,0.0,0,0.0,False,TN
Scenes 041-060__156D-1- mos_20230815181940173.mp4,TVA Uniform,0.0,0,0.0,False,TN
Scenes 041-060__156D-1- mos_20230815181940173.mp4,Kid Loki Armor,0.0,0,0.0,False,TN
Scenes 041-060__156D-1- mos_20230815181940173.mp4,TVA Prisoner Uniform,0.0,1,0.6316003203392029,False,FP
Scenes 041-060__156D-1- mos_20230815181940173.mp4,Loki's Variant uniform,0.0,1,0.6131452322006226,False,FP
Scenes 041-060__156D-1- mos_20230815181940173.mp4,Sylvie's machete,0.0,1,0.6543545722961426,False,FP
Scenes 041-060__156D-1- mos_20230815181940173.mp4,TVA Collar,0.0,1,0.8159359693527222,True,FP
Scenes 041-060__156D-1- mos_20230815181940173.mp4,Ravonna Renslayer's Uniform,0.0,0,0.0,False,TN
Scenes 041-060__156D-1- mos_20230815181940173.mp4,TemPad,1.0,1,0.8520245552062988,True,TP
Scenes 041-060__156D-1- mos_20230815181940173.mp4,Classic Loki Armor,0.0,1,0.6029471158981323,False,FP
Scenes 001-020__106H-4- 408FPS_20230727115459941.mp4,TVA Monitor,0.0,0,0.0,False,TN
Scenes 001-020__106H-4- 408FPS_20230727115459941.mp4,Loki's Armor,1.0,1,0.8135932087898254,True,TP
Scenes 001-020__106H-4- 408FPS_20230727115459941.mp4,Aligator Loki Plushie,0.0,0,0.0,False,TN
Scenes 001-020__106H-4- 408FPS_20230727115459941.mp4,Time Stick,0.0,0,0.0,False,TN
Scenes 001-020__106H-4- 408FPS_20230727115459941.mp4,TimeSpear,0.0,0,0.0,False,TN
Scenes 001-020__106H-4- 408FPS_20230727115459941.mp4,Sylvie's Armor,0.0,0,0.0,False,TN
Scenes 001-020__106H-4- 408FPS_20230727115459941.mp4,Boastful Loki Armor,0.0,0,0.0,False,TN
Scenes 001-020__106H-4- 408FPS_20230727115459941.mp4,Sylvie's horned headpiece,0.0,0,0.0,False,TN
Scenes 001-020__106H-4- 408FPS_20230727115459941.mp4,Loki's dagger,0.0,0,0.0,False,TN
Scenes 001-020__106H-4- 408FPS_20230727115459941.mp4,TVA Uniform,0.0,0,0.0,False,TN
Scenes 001-020__106H-4- 408FPS_20230727115459941.mp4,Kid Loki Armor,0.0,0,0.0,False,TN
Scenes 001-020__106H-4- 408FPS_20230727115459941.mp4,TVA Prisoner Uniform,0.0,0,0.0,False,TN
Scenes 001-020__106H-4- 408FPS_20230727115459941.mp4,Loki's Variant uniform,0.0,1,0.7682651877403259,False,FP
Scenes 001-020__106H-4- 408FPS_20230727115459941.mp4,Sylvie's machete,0.0,0,0.0,False,TN
Scenes 001-020__106H-4- 408FPS_20230727115459941.mp4,TVA Collar,0.0,1,0.6603643298149109,False,FP
Scenes 001-020__106H-4- 408FPS_20230727115459941.mp4,Ravonna Renslayer's Uniform,0.0,1,0.6413031816482544,False,FP
Scenes 001-020__106H-4- 408FPS_20230727115459941.mp4,TemPad,0.0,0,0.0,False,TN
Scenes 001-020__106H-4- 408FPS_20230727115459941.mp4,Classic Loki Armor,0.0,0,0.0,False,TN
Scenes 001-020__113-FS1d_20230728151456515.mp4,TVA Monitor,0.0,1,0.7376052141189575,False,FP
Scenes 001-020__113-FS1d_20230728151456515.mp4,Loki's Armor,0.0,0,0.0,False,TN
Scenes 001-020__113-FS1d_20230728151456515.mp4,Aligator Loki Plushie,0.0,0,0.0,False,TN
Scenes 001-020__113-FS1d_20230728151456515.mp4,Time Stick,0.0,0,0.0,False,TN
Scenes 001-020__113-FS1d_20230728151456515.mp4,TimeSpear,0.0,0,0.0,False,TN
Scenes 001-020__113-FS1d_20230728151456515.mp4,Sylvie's Armor,0.0,0,0.0,False,TN
Scenes 001-020__113-FS1d_20230728151456515.mp4,Boastful Loki Armor,0.0,0,0.0,False,TN
Scenes 001-020__113-FS1d_20230728151456515.mp4,Sylvie's horned headpiece,0.0,0,0.0,False,TN
Scenes 001-020__113-FS1d_20230728151456515.mp4,Loki's dagger,0.0,0,0.0,False,TN
Scenes 001-020__113-FS1d_20230728151456515.mp4,TVA Uniform,0.0,0,0.0,False,TN
Scenes 001-020__113-FS1d_20230728151456515.mp4,Kid Loki Armor,0.0,0,0.0,False,TN
Scenes 001-020__113-FS1d_20230728151456515.mp4,TVA Prisoner Uniform,0.0,0,0.0,False,TN
Scenes 001-020__113-FS1d_20230728151456515.mp4,Loki's Variant uniform,0.0,0,0.0,False,TN
Scenes 001-020__113-FS1d_20230728151456515.mp4,Sylvie's machete,0.0,0,0.0,False,TN
Scenes 001-020__113-FS1d_20230728151456515.mp4,TVA Collar,0.0,0,0.0,False,TN
Scenes 001-020__113-FS1d_20230728151456515.mp4,Ravonna Renslayer's Uniform,0.0,0,0.0,False,TN
Scenes 001-020__113-FS1d_20230728151456515.mp4,TemPad,0.0,0,0.0,False,TN
Scenes 001-020__113-FS1d_20230728151456515.mp4,Classic Loki Armor,0.0,0,0.0,False,TN
