{
  "train_iou": [
    0.007149927318096161,
    0.03921516239643097,
    0.06411851942539215,
    0.09022098779678345,
    0.10070139914751053,
    0.10950424522161484,
    0.11776899546384811,
    0.1286085546016693,
    0.1488259732723236,
    0.16407892107963562,
    0.19257193803787231,
    0.215153306722641,
    0.2103521078824997,
    0.20638491213321686,
    0.2139175683259964,
    0.22422818839550018,
    0.2190060168504715,
    0.2181447297334671,
    0.21773536503314972,
    0.2220495343208313,
    0.2221078872680664,
    0.22746135294437408,
    0.24770843982696533,
    0.2524762749671936,
    0.25302785634994507,
    0.27307528257369995,
    0.2711019515991211,
    0.2748683989048004,
    0.27528566122055054,
    0.27222740650177,
    0.2831357717514038,
    0.29929646849632263,
    0.2890281677246094,
    0.27656739950180054,
    0.27649810910224915,
    0.2698371112346649,
    0.263773649930954,
    0.2642078101634979,
    0.26395899057388306,
    0.2809112071990967,
    0.2864506244659424,
    0.2882711887359619,
    0.3022178113460541,
    0.2974776029586792,
    0.3197963833808899,
    0.3194175958633423,
    0.32404643297195435,
    0.3132789134979248,
    0.31804943084716797,
    0.3134685158729553,
    0.3085046708583832,
    0.309833824634552,
    0.3085409700870514,
    0.31813913583755493,
    0.31607311964035034,
    0.32044991850852966,
    0.32178962230682373,
    0.3215083181858063,
    0.3205198049545288,
    0.32273197174072266,
    0.3343674838542938,
    0.3366096615791321,
    0.33066990971565247,
    0.3266446888446808,
    0.33172520995140076,
    0.3184022903442383,
    0.3147107660770416,
    0.31195563077926636,
    0.2959505319595337,
    0.2952418327331543,
    0.3121808171272278,
    0.2964383661746979,
    0.2928377091884613,
    0.2874833941459656,
    0.3024967312812805,
    0.3047008812427521,
    0.32555386424064636,
    0.34669560194015503,
    0.3537525534629822,
    0.3565461337566376,
    0.3668294847011566,
    0.362307608127594,
    0.3652491867542267,
    0.38582396507263184,
    0.3948275148868561,
    0.3826850652694702,
    0.38167333602905273,
    0.3685492277145386,
    0.3505128026008606,
    0.34801754355430603,
    0.34583619236946106,
    0.33618780970573425,
    0.3252999782562256,
    0.32183024287223816,
    0.3463970720767975,
    0.3489687442779541,
    0.34716811776161194,
    0.33794042468070984,
    0.3690027594566345,
    0.36180251836776733
  ],
  "val_iou": [
    0.9623621582984925,
    0.9631094455718994,
    0.9599989295005799,
    0.9628386855125427,
    0.961539351940155,
    0.9616955876350403,
    0.9623408436775207,
    0.962437903881073,
    0.9632156372070313,
    0.9608899474143981,
    0.7782833777368069,
    0.9620728969573975,
    0.9619007587432862,
    0.7704581633210182,
    0.9601735353469849,
    0.9623762607574463,
    0.9632022738456726,
    0.9620611667633057,
    0.9620802879333497,
    0.9604815721511841,
    0.9639944911003113,
    0.9612863063812256,
    0.9621442794799805,
    0.9611846923828125,
    0.964799416065216,
    0.7679621781455352,
    0.9611832141876221,
    0.9627817273139954,
    0.9642861485481262,
    0.9633213996887207,
    0.9644254088401795,
    0.7720591215416789,
    0.9634420156478882,
    0.9610331773757934,
    0.9636635780334473,
    0.962977659702301,
    0.7874151825904846,
    0.9613479018211365,
    0.9616268754005433,
    0.770761412824504,
    0.9607516527175903,
    0.7714456140995025,
    0.7707332098856569,
    0.9613462924957276,
    0.9633355379104614,
    0.9605996251106262,
    0.9638046026229858,
    0.9632735967636108,
    0.7714166810736061,
    0.9626778364181519,
    0.9637364268302917,
    0.961147689819336,
    0.7708363926038146,
    0.9589895009994507,
    0.9620450735092163,
    0.9610595703125,
    0.9625282645225525,
    0.9621421337127686,
    0.9651093125343323,
    0.9642222404479981,
    0.7623416436603293,
    0.9617236971855163,
    0.9618411540985108,
    0.5858232758939266,
    0.959758174419403,
    0.9610321640968322,
    0.9605025768280029,
    0.9595653295516968,
    0.9617230534553528,
    0.963897705078125,
    0.9615590453147889,
    0.7721766222268343,
    0.9657956242561341,
    0.9619654536247253,
    0.961724328994751,
    0.5848167208954692,
    0.961936092376709,
    0.9628284931182861,
    0.9611518383026123,
    0.9630160927772522,
    0.9624988436698914,
    0.9641823649406434,
    0.7714268522337079,
    0.9623300671577454,
    0.9611562490463257,
    0.9628239870071411,
    0.962084436416626,
    0.9614915728569031,
    0.9610001087188721,
    0.9642170190811157,
    0.9621490597724914,
    0.9636551976203919,
    0.9633861064910889,
    0.9615648627281189,
    0.962969434261322,
    0.9618393659591675,
    0.9607969641685485,
    0.9635253548622131,
    0.964077091217041,
    0.9645579218864441
  ],
  "gaps": [
    -0.9552122354507446,
    -0.9238942861557007,
    -0.895880401134491,
    -0.8726177215576172,
    -0.8608379364013672,
    -0.8521913886070251,
    -0.8445718288421631,
    -0.833829402923584,
    -0.814389705657959,
    -0.7968109846115112,
    -0.5857114195823669,
    -0.7469196319580078,
    -0.7515486478805542,
    -0.5640732645988464,
    -0.7462559938430786,
    -0.738148033618927,
    -0.7441962957382202,
    -0.7439164519309998,
    -0.74434494972229,
    -0.7384320497512817,
    -0.7418866157531738,
    -0.7338249683380127,
    -0.7144358158111572,
    -0.7087084054946899,
    -0.711771547794342,
    -0.4948868751525879,
    -0.6900812387466431,
    -0.6879132986068726,
    -0.6890004873275757,
    -0.6910939812660217,
    -0.6812896132469177,
    -0.47276267409324646,
    -0.6744138598442078,
    -0.684465765953064,
    -0.6871654987335205,
    -0.6931405067443848,
    -0.5236415863037109,
    -0.697140097618103,
    -0.6976678967475891,
    -0.4898502230644226,
    -0.674301028251648,
    -0.4831744432449341,
    -0.46851542592048645,
    -0.6638686656951904,
    -0.6435391306877136,
    -0.641182005405426,
    -0.6397581696510315,
    -0.6499946713447571,
    -0.4533672332763672,
    -0.6492093205451965,
    -0.6552317142486572,
    -0.651313841342926,
    -0.46229544281959534,
    -0.6408503651618958,
    -0.645971953868866,
    -0.640609622001648,
    -0.6407386660575867,
    -0.6406338214874268,
    -0.6445894837379456,
    -0.6414902806282043,
    -0.427974134683609,
    -0.6251140236854553,
    -0.6311712265014648,
    -0.25917860865592957,
    -0.628032922744751,
    -0.642629861831665,
    -0.64579176902771,
    -0.6476097106933594,
    -0.6657724976539612,
    -0.6686558723449707,
    -0.64937824010849,
    -0.4757382571697235,
    -0.6729578971862793,
    -0.6744820475578308,
    -0.6592276096343994,
    -0.2801158130168915,
    -0.6363822221755981,
    -0.616132915019989,
    -0.6073992848396301,
    -0.606469988822937,
    -0.5956693887710571,
    -0.6018747687339783,
    -0.40617766976356506,
    -0.5765060782432556,
    -0.566328763961792,
    -0.5801389217376709,
    -0.5804110765457153,
    -0.5929423570632935,
    -0.6104872822761536,
    -0.6161994934082031,
    -0.6163128614425659,
    -0.6274673938751221,
    -0.6380861401557922,
    -0.6397346258163452,
    -0.616572380065918,
    -0.6128706336021423,
    -0.6136288642883301,
    -0.6255849599838257,
    -0.5950743556022644,
    -0.6027554273605347
  ],