{
  "train_iou": [
    0.0009624587255530059,
    0.02408367209136486,
    0.043122559785842896,
    0.07835835963487625,
    0.09324180334806442,
    0.10940808057785034,
    0.12463314086198807,
    0.1388728767633438,
    0.17878513038158417,
    0.19180668890476227
  ],
  "val_iou": [
    0.590912313386798,
    0.7729464063420892,
    0.772731994278729,
    0.5883403672836721,
    0.9643423080444335,
    0.9575433492660522,
    0.964846396446228,
    0.9612807869911194,
    0.957341992855072,
    0.7718163272365928
  ],
  "gaps": [
    -0.589949905872345,
    -0.7488627433776855,
    -0.729609489440918,
    -0.5099819898605347,
    -0.8711004853248596,
    -0.8481352925300598,
    -0.8402132391929626,
    -0.8224079012870789,
    -0.7785568237304688,
    -0.5800096392631531
  ],
  "iterations": [
    0,
    10,
    20,
    30,
    40,
    50,
    60,
    70,
    80,
    90
  ]
}