,apple_green,hammer_thor_upside_down,logo_apple,normal_hammer,red_apple,thor_hammer
apple_green,1.0000002,0.55506176,0.79779935,0.73606545,0.9603594,0.5224253
hammer_thor_upside_down,0.55506176,1.0000001,0.48879132,0.66618866,0.5581578,0.63438773
logo_apple,0.79779935,0.48879132,1.0,0.61639434,0.80966645,0.51223755
normal_hammer,0.73606545,0.66618866,0.61639434,0.9999995,0.7178921,0.5453258
red_apple,0.9603594,0.5581578,0.80966645,0.7178921,1.0,0.51923573
thor_hammer,0.5224253,0.63438773,0.51223755,0.5453258,0.51923573,1.0
