,apple_green,hammer_thor_upside_down,logo_apple,normal_hammer,red_apple,thor_hammer
apple_green,1.1920929e-07,0.478513,0.7623089,0.4160505,0.5158384,0.4719477
hammer_thor_upside_down,0.478513,1.1920929e-07,0.29673797,0.55038065,0.47750226,0.28197303
logo_apple,0.7623089,0.29673797,5.9604645e-08,0.5207881,0.720514,0.33808577
normal_hammer,0.4160505,0.55038065,0.5207881,4.7683716e-07,0.62796074,0.3912512
red_apple,0.5158384,0.47750226,0.720514,0.62796074,0.0,0.4577796
thor_hammer,0.4719477,0.28197303,0.33808577,0.3912512,0.4577796,1.1920929e-07
