,apple_green,hammer_thor_upside_down,logo_apple,normal_hammer,red_apple,thor_hammer
apple_green,1.0000001,0.07654876,0.03549046,0.32001495,0.44452104,0.05047759
hammer_thor_upside_down,0.07654876,1.0,0.19205336,0.115808025,0.080655545,0.3524147
logo_apple,0.03549046,0.19205336,0.99999994,0.09560629,0.08915246,0.17415176
normal_hammer,0.32001495,0.115808025,0.09560629,1.0,0.08993135,0.1540746
red_apple,0.44452104,0.080655545,0.08915246,0.08993135,1.0,0.061456155
thor_hammer,0.05047759,0.3524147,0.17415176,0.1540746,0.061456155,1.0000001
