,apple_green,hammer_thor_upside_down,logo_apple,normal_hammer,red_apple,thor_hammer
apple_green,1.1920929e-07,0.06233136,0.06442002,0.23828322,0.2646431,0.07295486
hammer_thor_upside_down,0.06233136,0.0,0.048716784,0.024052083,0.04319696,0.08861464
logo_apple,0.06442002,0.048716784,5.9604645e-08,0.05702088,0.010739915,0.08535286
normal_hammer,0.23828322,0.024052083,0.05702088,0.0,0.00084728,0.0048300326
red_apple,0.2646431,0.04319696,0.010739915,0.00084728,5.9604645e-08,0.08005419
thor_hammer,0.07295486,0.08861464,0.08535286,0.0048300326,0.08005419,0.0
