,apple_green,hammer_thor_upside_down,logo_apple,normal_hammer,red_apple,thor_hammer
apple_green,2.3841858e-07,0.5408444,0.69788885,0.6543337,0.25119525,0.54490256
hammer_thor_upside_down,0.5408444,1.1920929e-07,0.34545475,0.57443273,0.5206992,0.37058768
logo_apple,0.69788885,0.34545475,0.0,0.5778089,0.7312539,0.42343864
normal_hammer,0.6543337,0.57443273,0.5778089,4.7683716e-07,0.62711346,0.3864212
red_apple,0.25119525,0.5206992,0.7312539,0.62711346,5.9604645e-08,0.53783375
thor_hammer,0.54490256,0.37058768,0.42343864,0.3864212,0.53783375,1.1920929e-07
